scenario_id,frame_id,timestamp,object_id,object_class,x,y,vx,vy,length,width,heading,ego_vx,ego_vy,ground_truth
0,0,0.0,0,car,15.0,3.5,-4.058226521123505,0.0,4.5,1.8,0.0,15.0,0.0,
0,0,0.0,1,pedestrian,71.33676423884236,6.00735041081603,-4.875454692978165,-0.029768437262659722,0.5,0.5,0.0,15.0,0.0,
0,0,0.0,2,car,91.21179866183222,3.0211675216939553,22.9104645308332,-0.03395148070360132,4.5,1.8,0.0,15.0,0.0,
0,1,0.1,0,car,14.508248101599326,3.53687507840825,-4.1061706511649545,0.043922515065363626,4.5,1.8,0.0,15.0,0.0,
0,1,0.1,1,pedestrian,70.84422617844592,5.988864174461503,-4.909501170198362,0.06112706693370151,0.5,0.5,0.0,15.0,0.0,
0,1,0.1,2,car,93.48739216670866,2.9783347394776447,22.892857853308787,0.02661545927766744,4.5,1.8,0.0,15.0,0.0,
0,2,0.2,0,car,14.134175442919238,3.5781483395678486,-4.08462960101456,0.10708238004352306,4.5,1.8,0.0,15.0,0.0,
0,2,0.2,1,pedestrian,70.31263455978763,5.937639901554349,-4.950189806610756,0.030798971128774784,0.5,0.5,0.0,15.0,0.0,
0,2,0.2,2,car,95.88957518131163,2.966939993712157,22.85085002946066,-0.04122406078456198,4.5,1.8,0.0,15.0,0.0,
0,3,0.30000000000000004,0,car,13.790771761600253,3.6524737566881926,-4.0574718875993,-0.03327548536443472,4.5,1.8,0.0,15.0,0.0,
0,3,0.30000000000000004,1,pedestrian,69.84083171143322,5.949308482468422,-4.939255376774305,0.0435714388974095,0.5,0.5,0.0,15.0,0.0,
0,3,0.30000000000000004,2,car,98.19701973913516,3.0348313500193465,22.854228982935105,0.014455969934499208,4.5,1.8,0.0,15.0,0.0,
0,4,0.4,0,car,13.448153395424177,3.506758174702626,-4.073455448417166,-0.023518632714639776,4.5,1.8,0.0,15.0,0.0,
0,4,0.4,1,pedestrian,69.28301838893147,5.921794257345754,-4.864508311212585,-0.043291555784662164,0.5,0.5,0.0,15.0,0.0,
0,4,0.4,2,car,100.57927047288781,2.866544372857766,22.837484731435815,0.00813765325525028,4.5,1.8,0.0,15.0,0.0,
0,5,0.5,0,car,13.099430083718389,3.577880832681912,-4.03378808665717,-0.01743625361242188,4.5,1.8,0.0,15.0,0.0,
0,5,0.5,1,pedestrian,68.75033237854375,6.007591845471469,-4.874073527456666,-0.0637843161668961,0.5,0.5,0.0,15.0,0.0,
0,5,0.5,2,car,102.74969022463104,2.7745991442576052,22.862342768638502,0.007121286803528262,4.5,1.8,0.0,15.0,0.0,
0,6,0.6000000000000001,0,car,12.765099810459448,3.5351555680482583,-4.025861102103334,0.031279519698366835,4.5,1.8,0.0,15.0,0.0,
0,6,0.6000000000000001,1,pedestrian,68.23199037182606,6.053269369227211,-4.907169824509999,-0.01815269232825359,0.5,0.5,0.0,15.0,0.0,
0,6,0.6000000000000001,2,car,104.99775071209505,2.6550151796987014,22.886691392677783,-0.023470117010136196,4.5,1.8,0.0,15.0,0.0,
0,7,0.7000000000000001,0,car,12.363763112121884,3.583230233938849,-4.003534543301837,0.03326925544863931,4.5,1.8,0.0,15.0,0.0,
0,7,0.7000000000000001,1,pedestrian,67.7314248409241,6.010939538022796,-4.911155735055319,-0.08436672169790149,0.5,0.5,0.0,15.0,0.0,
0,7,0.7000000000000001,2,car,107.14170860412052,2.5227452184632613,22.83682905129771,0.019988711336171833,4.5,1.8,0.0,15.0,0.0,
0,8,0.8,0,car,11.872861752255695,3.54541397853491,-3.9385731284125334,-0.017813198553071296,4.5,1.8,0.0,15.0,0.0,
0,8,0.8,1,pedestrian,67.31406082426527,5.917577770021808,-4.9214276129487,-0.047501102745529065,0.5,0.5,0.0,15.0,0.0,
0,8,0.8,2,car,109.39148820166024,2.606776032209001,22.750463030138093,0.021721182177292866,4.5,1.8,0.0,15.0,0.0,
0,9,0.9,0,car,11.502777999647668,3.4859989829652305,-4.010876021131956,0.003606475385693476,4.5,1.8,0.0,15.0,0.0,
0,9,0.9,1,pedestrian,66.76896879206402,5.9408453911572785,-4.920335005672528,0.08008894456604577,0.5,0.5,0.0,15.0,0.0,
0,9,0.9,2,car,111.64259894192675,2.5044262829468145,22.75942681188591,0.010999834198588259,4.5,1.8,0.0,15.0,0.0,
0,10,1.0,0,car,11.237609155058516,3.569510107556688,-3.993032468174481,0.0731651445609781,4.5,1.8,0.0,15.0,0.0,
0,10,1.0,1,pedestrian,66.15805898606447,5.8768702378823034,-4.966663802742804,-0.0194904901577884,0.5,0.5,0.0,15.0,0.0,
0,10,1.0,2,car,113.78087300835972,2.5679413776282547,22.74831567703097,-0.0735403147251329,4.5,1.8,0.0,15.0,0.0,
0,11,1.1,0,car,10.736748000120315,3.600861492301708,-3.951126139779762,0.09983654458458933,4.5,1.8,0.0,15.0,0.0,
0,11,1.1,1,pedestrian,65.95277885239094,5.918311181209903,-5.016140708744397,-0.10660231403656546,0.5,0.5,0.0,15.0,0.0,
0,11,1.1,2,car,116.0824757222972,2.4866472680972223,22.727547814021985,-0.030604839952990404,4.5,1.8,0.0,15.0,0.0,
0,12,1.2000000000000002,0,car,10.3275562975007,3.707459515380472,-3.9432737114074947,-0.007931741851934416,4.5,1.8,0.0,15.0,0.0,
0,12,1.2000000000000002,1,pedestrian,65.34759940623391,5.750842886739467,-5.040456104198064,-0.002689127540916025,0.5,0.5,0.0,15.0,0.0,
0,12,1.2000000000000002,2,car,118.53202349505739,2.499674720244511,22.77668478957314,-0.024964779926957604,4.5,1.8,0.0,15.0,0.0,
0,13,1.3,0,car,9.814734549718247,3.6109478391572347,-3.9795350146342825,0.10642348662175823,4.5,1.8,0.0,15.0,0.0,
0,13,1.3,1,pedestrian,64.76141512789167,5.834691807113102,-5.085602463102416,0.04657865064371221,0.5,0.5,0.0,15.0,0.0,
0,13,1.3,2,car,120.84818707062529,2.4840109304787017,22.774646663266367,-0.032739384771469524,4.5,1.8,0.0,15.0,0.0,
0,14,1.4000000000000001,0,car,9.461388268403027,3.565449491123157,-4.040815302822645,-0.06389687871598097,4.5,1.8,0.0,15.0,0.0,
0,14,1.4000000000000001,1,pedestrian,64.27011367335363,5.992600932754145,-5.077602882423744,-0.005931916305494129,0.5,0.5,0.0,15.0,0.0,
0,14,1.4000000000000001,2,car,123.15423435091218,2.6146111046493843,22.78561578833456,-0.02054636154168686,4.5,1.8,0.0,15.0,0.0,
0,15,1.5,0,car,9.167935609126753,3.608325134969318,-3.964027503222845,0.009161721861095307,4.5,1.8,0.0,15.0,0.0,
0,15,1.5,1,pedestrian,63.639906481939214,5.855785012829579,-4.9950564858121815,0.08618328603916486,0.5,0.5,0.0,15.0,0.0,
0,15,1.5,2,car,125.41484400841738,2.5762923725357854,22.85868800294667,-0.0553522841021744,4.5,1.8,0.0,15.0,0.0,
0,16,1.6,0,car,8.682060156908886,3.6726578144382227,-3.983757759365824,-0.0002560933360035648,4.5,1.8,0.0,15.0,0.0,
0,16,1.6,1,pedestrian,63.124056543505546,5.8895424677094725,-4.9246823927464956,0.004529245345087278,0.5,0.5,0.0,15.0,0.0,
0,16,1.6,2,car,127.76510668803972,2.371275162432683,22.856252082850165,-0.04216151351464356,4.5,1.8,0.0,15.0,0.0,
0,17,1.7000000000000002,0,car,8.16180307492994,3.5848425777453476,-4.000463931400865,0.045795127117800656,4.5,1.8,0.0,15.0,0.0,
0,17,1.7000000000000002,1,pedestrian,62.49894903245694,5.892605616968915,-4.948890864413174,-0.016383654718098044,0.5,0.5,0.0,15.0,0.0,
0,17,1.7000000000000002,2,car,130.15100767885522,2.425086706133076,22.923121988222302,-0.007725283962495024,4.5,1.8,0.0,15.0,0.0,
0,18,1.8,0,car,7.692162420622783,3.5624566960572976,-3.988339091837304,0.008828667922685551,4.5,1.8,0.0,15.0,0.0,
0,18,1.8,1,pedestrian,61.895621138792286,5.901654595131702,-4.937479447906229,0.12587370187669603,0.5,0.5,0.0,15.0,0.0,
0,18,1.8,2,car,132.6310043388056,2.3397623710771938,22.908752820144844,-0.07317210009185016,4.5,1.8,0.0,15.0,0.0,
0,19,1.9000000000000001,0,car,7.234257810042704,3.5940171964163317,-3.9280464107928923,-0.03645419188718043,4.5,1.8,0.0,15.0,0.0,
0,19,1.9000000000000001,1,pedestrian,61.33645854999489,5.686925692157836,-4.9456127439334745,-0.053120720592978156,0.5,0.5,0.0,15.0,0.0,
0,19,1.9000000000000001,2,car,134.8689356780835,2.252076293260435,22.904039692432217,-0.08788641956783157,4.5,1.8,0.0,15.0,0.0,
0,20,2.0,0,car,6.694748644424316,3.8069419076191613,-3.9924175398565938,-0.054839278922731986,4.5,1.8,0.0,15.0,0.0,
0,20,2.0,1,pedestrian,61.025588628433674,5.977432409081877,-5.004191075374742,-0.01841244783940153,0.5,0.5,0.0,15.0,0.0,
0,20,2.0,2,car,137.19349520242076,2.424946057700994,22.854696838510804,-0.012263892297105488,4.5,1.8,0.0,15.0,0.0,
0,21,2.1,0,car,6.373240648044831,3.850418515065823,-4.011225343418099,-0.006691148225802058,4.5,1.8,0.0,15.0,0.0,
0,21,2.1,1,pedestrian,60.3876799400592,5.953615034684411,-5.017510449875189,0.011608494481312799,0.5,0.5,0.0,15.0,0.0,
0,21,2.1,2,car,139.42343216438996,2.472099909955508,22.905332629401794,0.007771466383423302,4.5,1.8,0.0,15.0,0.0,
0,22,2.2,0,car,6.007293754542942,3.85573404982361,-4.011221123763528,-0.03607790167714237,4.5,1.8,0.0,15.0,0.0,
0,22,2.2,1,pedestrian,59.91757832123901,5.943886374843062,-4.91285203442866,0.07866774512376212,0.5,0.5,0.0,15.0,0.0,
0,22,2.2,2,car,141.7525500825858,2.3957941889860312,22.849712055802623,0.059557147654443254,4.5,1.8,0.0,15.0,0.0,
0,23,2.3000000000000003,0,car,5.6324465646813024,3.903748390162771,-4.098450423112238,0.04637192407790904,4.5,1.8,0.0,15.0,0.0,
0,23,2.3000000000000003,1,pedestrian,59.47173515161759,5.832843306401615,-4.936428274801157,0.01318586021782598,0.5,0.5,0.0,15.0,0.0,
0,23,2.3000000000000003,2,car,144.0427679680017,2.366577070405676,22.844537642399324,-0.01259886891034427,4.5,1.8,0.0,15.0,0.0,
0,24,2.4000000000000004,0,car,5.237857773580326,4.050897587462087,-4.226783345158803,-0.011842513225484214,4.5,1.8,0.0,15.0,0.0,
0,24,2.4000000000000004,1,pedestrian,58.99574356627472,5.8624427053703245,-4.955024003867222,-0.08783608912392914,0.5,0.5,0.0,15.0,0.0,
0,24,2.4000000000000004,2,car,146.36002128061304,2.5393120918220946,22.767844572153518,0.04319140068490942,4.5,1.8,0.0,15.0,0.0,
0,25,2.5,0,car,4.782326916752156,4.044765152879203,-4.279428270694001,-0.016722808617793832,4.5,1.8,0.0,15.0,0.0,
0,25,2.5,1,pedestrian,58.630245625357894,5.920708229569096,-4.868408423596724,0.058870594448884685,0.5,0.5,0.0,15.0,0.0,
0,25,2.5,2,car,148.68071440572135,2.713705544438874,22.789794230090433,0.04139940883985295,4.5,1.8,0.0,15.0,0.0,
0,26,2.6,0,car,4.324726994329285,4.0514197344651235,-4.314299461859014,0.04947919672974266,4.5,1.8,0.0,15.0,0.0,
0,26,2.6,1,pedestrian,58.02557442068674,5.998943263810862,-4.877940976471982,0.05856235467336597,0.5,0.5,0.0,15.0,0.0,
0,26,2.6,2,car,151.03478072760353,2.895770160203554,22.826332964647364,-0.07860201278266205,4.5,1.8,0.0,15.0,0.0,
0,27,2.7,0,car,3.886601730853563,3.9342190152056418,-4.340213453977328,0.07556142166383609,4.5,1.8,0.0,15.0,0.0,
0,27,2.7,1,pedestrian,57.60153370412931,5.929050220952987,-4.928626844794002,0.0016391046438130397,0.5,0.5,0.0,15.0,0.0,
0,27,2.7,2,car,153.19575800913015,2.828656132463896,22.841933438224927,0.05776560180533481,4.5,1.8,0.0,15.0,0.0,
0,28,2.8000000000000003,0,car,3.513456532678274,3.705090064345832,-4.324995117525815,0.0036016786616288963,4.5,1.8,0.0,15.0,0.0,
0,28,2.8000000000000003,1,pedestrian,57.15006004818718,6.090671189118107,-5.03178875863424,-0.02955517125955528,0.5,0.5,0.0,15.0,0.0,
0,28,2.8000000000000003,2,car,155.53904198523196,2.6704966925185016,22.915730890627604,0.01841783063503292,4.5,1.8,0.0,15.0,0.0,
0,29,2.9000000000000004,0,car,3.165615419510033,3.6479956981936525,-4.284306933027505,0.05342357779945192,4.5,1.8,0.0,15.0,0.0,
0,29,2.9000000000000004,1,pedestrian,56.67016897433747,6.114111278387977,-5.018271596670154,-0.04316726323696909,0.5,0.5,0.0,15.0,0.0,
0,29,2.9000000000000004,2,car,157.81586220627068,2.655244439273266,22.934900583845277,0.049991212345514735,4.5,1.8,0.0,15.0,0.0,
0,30,3.0,0,car,2.6313311180094416,3.6354947951616947,-4.210234155644557,-0.03717941144062821,4.5,1.8,0.0,15.0,0.0,
0,30,3.0,1,pedestrian,56.08611681294143,6.134341897571097,-4.976052337145887,0.0005713027780329666,0.5,0.5,0.0,15.0,0.0,
0,30,3.0,2,car,160.2422483236989,2.7409238375299187,22.97699158718978,0.027705825066204667,4.5,1.8,0.0,15.0,0.0,
0,31,3.1,0,car,2.4430730124795943,3.6149786262750903,-4.310410270247882,0.08021271807585706,4.5,1.8,0.0,15.0,0.0,
0,31,3.1,1,pedestrian,55.542741636131154,6.1451299420054,-4.910574802902861,-0.08011297705294627,0.5,0.5,0.0,15.0,0.0,
0,31,3.1,2,car,162.41478276100727,2.5807960438180335,22.937284772688507,0.02198183030084968,4.5,1.8,0.0,15.0,0.0,
0,32,3.2,0,car,2.064450769736083,3.6162860651594415,-4.381048564442501,-0.3787049623166714,4.5,1.8,0.0,15.0,0.0,
0,32,3.2,1,pedestrian,55.057119514379906,6.071632359593063,-4.8876055143170305,-0.22810210917397566,0.5,0.5,0.0,15.0,0.0,
0,32,3.2,2,car,164.722335381482,2.630489373307115,22.94874534139426,-0.23669655520496583,4.5,1.8,0.0,15.0,0.0,
0,33,3.3000000000000003,0,car,1.555878587004845,3.5461000474716764,-4.371209759609653,-0.48122233927532454,4.5,1.8,0.0,15.0,0.0,
0,33,3.3000000000000003,1,pedestrian,54.528984845725745,6.071524208861654,-4.900897453912799,-0.528125871412602,0.5,0.5,0.0,15.0,0.0,
0,33,3.3000000000000003,2,car,167.10016181982385,2.37895845989708,22.883921724990522,-0.5963580329183366,4.5,1.8,0.0,15.0,0.0,
0,34,3.4000000000000004,0,car,0.8853959990590492,3.400967447392376,-4.333738064623266,-0.787305763956953,4.5,1.8,0.0,15.0,0.0,
0,34,3.4000000000000004,1,pedestrian,54.05867410852865,6.103139802468951,-4.834513147299415,-0.7765184573741312,0.5,0.5,0.0,15.0,0.0,
0,34,3.4000000000000004,2,car,169.52391258127983,2.3108649696767083,22.84205181379915,-0.802781578247761,4.5,1.8,0.0,15.0,0.0,
0,35,3.5,0,car,0.3039685413402209,3.2109857904576504,-4.351638899026987,-0.971503464644673,4.5,1.8,0.0,15.0,0.0,
0,35,3.5,1,pedestrian,53.747299776915305,5.863753379369887,-4.814871773886419,-1.0637099125714797,0.5,0.5,0.0,15.0,0.0,
0,35,3.5,2,car,171.85558747150606,2.196588033046575,22.75050652250677,-0.9652678660351788,4.5,1.8,0.0,15.0,0.0,
0,36,3.6,0,car,-0.19169541984335098,3.0341608636388755,-4.405126519591472,-1.2670631936485712,4.5,1.8,0.0,15.0,0.0,
0,36,3.6,1,pedestrian,53.308601643596155,5.721394042294827,-4.798438673772295,-1.2162529371177513,0.5,0.5,0.0,15.0,0.0,
0,36,3.6,2,car,174.26270428930957,2.0388745149787177,22.676663631664486,-1.1809879089855944,4.5,1.8,0.0,15.0,0.0,
0,37,3.7,0,car,-0.6653568890122238,3.0018652158515886,-4.3859576639323485,-1.4441057989604136,4.5,1.8,0.0,15.0,0.0,
0,37,3.7,1,pedestrian,52.86363536562356,5.772740406062432,-4.694589647319607,-1.4340798656936073,0.5,0.5,0.0,15.0,0.0,
0,37,3.7,2,car,176.54638971180773,2.0027436384803314,22.634380580026118,-1.4208954038193335,4.5,1.8,0.0,15.0,0.0,
0,38,3.8000000000000003,0,car,-1.1065389402008443,2.8714482560144283,-4.427626104229819,-1.6975561844946059,4.5,1.8,0.0,15.0,0.0,
0,38,3.8000000000000003,1,pedestrian,52.18687805729247,5.499194213780555,-4.717523411566574,-1.6327373891615955,0.5,0.5,0.0,15.0,0.0,
0,38,3.8000000000000003,2,car,179.0035508860533,1.9515351944881456,22.586276024209038,-1.6006923872066097,4.5,1.8,0.0,15.0,0.0,
0,39,3.9000000000000004,0,car,-1.5900093742588586,2.6657030078549955,-4.41835982175905,-1.742130087705462,4.5,1.8,0.0,15.0,0.0,
0,39,3.9000000000000004,1,pedestrian,51.68119986774741,5.4282705026985685,-4.774620322873694,-1.7727716904361182,0.5,0.5,0.0,15.0,0.0,
0,39,3.9000000000000004,2,car,181.5219458611338,1.79653430439525,22.657936749539346,-1.7685126346455713,4.5,1.8,0.0,15.0,0.0,
0,40,4.0,0,car,-1.973767646901784,2.470011007397862,-4.42688020081726,-1.9391109300149123,4.5,1.8,0.0,15.0,0.0,
0,40,4.0,1,pedestrian,51.246767971355794,5.1531031027621275,-4.741341061058022,-1.8458724599563459,0.5,0.5,0.0,15.0,0.0,
0,40,4.0,2,car,183.82439267681144,1.5778957500218167,22.68063502850478,-1.915570462955962,4.5,1.8,0.0,15.0,0.0,
0,41,4.1000000000000005,0,car,-2.3229009544369954,2.0871485305543676,-4.4436605692231925,-2.0967592839760223,4.5,1.8,0.0,15.0,0.0,
0,41,4.1000000000000005,1,pedestrian,50.62312778222727,5.0897674573215355,-4.696581811959438,-2.0331926958840616,0.5,0.5,0.0,15.0,0.0,
0,41,4.1000000000000005,2,car,185.94220583405783,1.0817209978156692,22.65346025310815,-1.8761979336074521,4.5,1.8,0.0,15.0,0.0,
0,42,4.2,0,car,-2.72377858421295,1.8249109792963938,-4.420406558748177,-2.1408511441799685,4.5,1.8,0.0,15.0,0.0,
0,42,4.2,1,pedestrian,50.12373726476156,4.893434881970085,-4.70088684455049,-2.023262920445742,0.5,0.5,0.0,15.0,0.0,
0,42,4.2,2,car,188.24201638199224,0.9422732769734443,22.619041638996613,-2.017912456109719,4.5,1.8,0.0,15.0,0.0,
0,43,4.3,0,car,-3.0029255453253683,1.5183104143613155,-4.464791341533905,-2.029066912883358,4.5,1.8,0.0,15.0,0.0,
0,43,4.3,1,pedestrian,49.634514181637,4.824231408206804,-4.723013630145099,-2.023103850885834,0.5,0.5,0.0,15.0,0.0,
0,43,4.3,2,car,190.51706912757246,0.7585105463357769,22.69727754008011,-2.1139446535715782,4.5,1.8,0.0,15.0,0.0,
0,44,4.4,0,car,-3.5435168890712547,1.2638683805885431,-4.442174644001748,-2.1741440833083954,4.5,1.8,0.0,15.0,0.0,
0,44,4.4,1,pedestrian,49.2259599088876,4.560768663475093,-4.665622997108421,-2.2155691449443933,0.5,0.5,0.0,15.0,0.0,
0,44,4.4,2,car,192.70814030407004,0.38027811824242974,22.65596606676191,-2.083472834643923,4.5,1.8,0.0,15.0,0.0,
0,45,4.5,0,car,-4.005657016016405,1.0322503010407171,-4.450133887570751,-2.0526338144992486,4.5,1.8,0.0,15.0,0.0,
0,45,4.5,1,pedestrian,48.658544004982446,4.425173304911973,-4.632489698589146,-2.043551329647441,0.5,0.5,0.0,15.0,0.0,
0,45,4.5,2,car,195.02939025502135,0.2036395956702711,22.75771973189846,-2.0671579350828715,4.5,1.8,0.0,15.0,0.0,
0,46,4.6000000000000005,0,car,-4.481378726606938,0.7571756745829971,-4.501747021099643,-2.0594422735998763,4.5,1.8,0.0,15.0,0.0,"[{""type"": ""near_miss"", ""scenario_type"": ""cut_in"", ""time"": 5.0}]"
0,46,4.6000000000000005,1,pedestrian,48.10641530380044,4.218383398324783,-4.61577494216426,-1.9946615812922144,0.5,0.5,0.0,15.0,0.0,"[{""type"": ""near_miss"", ""scenario_type"": ""cut_in"", ""time"": 5.0}]"
0,46,4.6000000000000005,2,car,197.22860870046824,0.09393618365028518,22.79469036551351,-2.0052010995909235,4.5,1.8,0.0,15.0,0.0,"[{""type"": ""near_miss"", ""scenario_type"": ""cut_in"", ""time"": 5.0}]"
0,47,4.7,0,car,-4.996845043183373,0.6220047856481129,-4.492348341725338,-1.972543173149393,4.5,1.8,0.0,15.0,0.0,"[{""type"": ""near_miss"", ""scenario_type"": ""cut_in"", ""time"": 5.0}]"
0,47,4.7,1,pedestrian,47.63803978398557,4.054573298514358,-4.660759681488648,-1.8906446405367685,0.5,0.5,0.0,15.0,0.0,"[{""type"": ""near_miss"", ""scenario_type"": ""cut_in"", ""time"": 5.0}]"
0,47,4.7,2,car,199.3625954884938,0.03754111263363817,22.85708786476648,-1.9127626768937889,4.5,1.8,0.0,15.0,0.0,"[{""type"": ""near_miss"", ""scenario_type"": ""cut_in"", ""time"": 5.0}]"
0,48,4.800000000000001,0,car,-5.409734443571999,0.20370372471270226,-4.550165724738604,-1.787777589561838,4.5,1.8,0.0,15.0,0.0,"[{""type"": ""near_miss"", ""scenario_type"": ""cut_in"", ""time"": 5.0}]"
0,48,4.800000000000001,1,pedestrian,47.064750513694015,3.948704082422,-4.560894854951249,-1.8319193795256965,0.5,0.5,0.0,15.0,0.0,"[{""type"": ""near_miss"", ""scenario_type"": ""cut_in"", ""time"": 5.0}]"
0,48,4.800000000000001,2,car,201.56455793456195,-0.11622291489079192,22.937643672191463,-1.8342073591812267,4.5,1.8,0.0,15.0,0.0,"[{""type"": ""near_miss"", ""scenario_type"": ""cut_in"", ""time"": 5.0}]"
0,49,4.9,0,car,-5.839847403815166,0.22402582881109753,-4.632753682147567,-1.6821312701714477,4.5,1.8,0.0,15.0,0.0,"[{""type"": ""near_miss"", ""scenario_type"": ""cut_in"", ""time"": 5.0}]"
0,49,4.9,1,pedestrian,46.566300367552806,3.7348374601535435,-4.520264790563567,-1.6059948238381143,0.5,0.5,0.0,15.0,0.0,"[{""type"": ""near_miss"", ""scenario_type"": ""cut_in"", ""time"": 5.0}]"
0,49,4.9,2,car,203.68082609581688,-0.22648965558362646,22.908766727823682,-1.5543554489820943,4.5,1.8,0.0,15.0,0.0,"[{""type"": ""near_miss"", ""scenario_type"": ""cut_in"", ""time"": 5.0}]"
0,50,5.0,0,car,-6.365881525673615,0.016609408255849348,-4.6056971016073405,-1.399402598333399,4.5,1.8,0.0,15.0,0.0,"[{""type"": ""near_miss"", ""scenario_type"": ""cut_in"", ""time"": 5.0}]"
0,50,5.0,1,pedestrian,46.15908382489007,3.422522836170038,-4.493363068567154,-1.4892643250339659,0.5,0.5,0.0,15.0,0.0,"[{""type"": ""near_miss"", ""scenario_type"": ""cut_in"", ""time"": 5.0}]"
0,50,5.0,2,car,205.99523037975808,-0.5126179913685571,22.931082835200836,-1.4778788676656147,4.5,1.8,0.0,15.0,0.0,"[{""type"": ""near_miss"", ""scenario_type"": ""cut_in"", ""time"": 5.0}]"
0,51,5.1000000000000005,0,car,-6.954714700860401,-0.03544348107733007,-4.593614875523503,-1.2650478698838385,4.5,1.8,0.0,15.0,0.0,"[{""type"": ""near_miss"", ""scenario_type"": ""cut_in"", ""time"": 5.0}]"
0,51,5.1000000000000005,1,pedestrian,45.85486540293546,3.255022691031644,-4.491757684868608,-1.2209033574302637,0.5,0.5,0.0,15.0,0.0,"[{""type"": ""near_miss"", ""scenario_type"": ""cut_in"", ""time"": 5.0}]"
0,51,5.1000000000000005,2,car,208.2263720698653,-0.5889392650099835,22.9044102178426,-1.2549309459250042,4.5,1.8,0.0,15.0,0.0,"[{""type"": ""near_miss"", ""scenario_type"": ""cut_in"", ""time"": 5.0}]"
0,52,5.2,0,car,-7.277811924432417,-0.24067035788993352,-4.714253892069977,-0.9311358658630062,4.5,1.8,0.0,15.0,0.0,"[{""type"": ""near_miss"", ""scenario_type"": ""cut_in"", ""time"": 5.0}]"
0,52,5.2,1,pedestrian,45.6606224297093,3.113327492925351,-4.588599586899617,-1.0272069144233982,0.5,0.5,0.0,15.0,0.0,"[{""type"": ""near_miss"", ""scenario_type"": ""cut_in"", ""time"": 5.0}]"
0,52,5.2,2,car,210.4881907966655,-0.7090999206735693,22.848740815746506,-0.9827046584897772,4.5,1.8,0.0,15.0,0.0,"[{""type"": ""near_miss"", ""scenario_type"": ""cut_in"", ""time"": 5.0}]"
0,53,5.300000000000001,0,car,-7.696786576110806,-0.4674170759356465,-4.679294055485233,-0.6704273115405287,4.5,1.8,0.0,15.0,0.0,"[{""type"": ""near_miss"", ""scenario_type"": ""cut_in"", ""time"": 5.0}]"
0,53,5.300000000000001,1,pedestrian,45.21895850426304,3.002288820654718,-4.595699747619993,-0.7422987222893952,0.5,0.5,0.0,15.0,0.0,"[{""type"": ""near_miss"", ""scenario_type"": ""cut_in"", ""time"": 5.0}]"
0,53,5.300000000000001,2,car,212.59999771768943,-0.7699670064396215,22.829217618273365,-0.680670309990021,4.5,1.8,0.0,15.0,0.0,"[{""type"": ""near_miss"", ""scenario_type"": ""cut_in"", ""time"": 5.0}]"
0,54,5.4,0,car,-8.182133255039824,-0.3528531911283139,-4.7344810903743335,-0.49288580470605364,4.5,1.8,0.0,15.0,0.0,"[{""type"": ""near_miss"", ""scenario_type"": ""cut_in"", ""time"": 5.0}]"
0,54,5.4,1,pedestrian,44.79132855588017,2.8631592195636206,-4.586829941888146,-0.46162282120461323,0.5,0.5,0.0,15.0,0.0,"[{""type"": ""near_miss"", ""scenario_type"": ""cut_in"", ""time"": 5.0}]"
0,54,5.4,2,car,214.8505403090881,-0.9913881476612172,22.82833947694949,-0.5673699177858189,4.5,1.8,0.0,15.0,0.0,"[{""type"": ""near_miss"", ""scenario_type"": ""cut_in"", ""time"": 5.0}]"
0,55,5.5,0,car,-8.689815457943645,-0.38733194714532976,-4.819763701175109,-0.34398270745107157,4.5,1.8,0.0,15.0,0.0,
0,55,5.5,1,pedestrian,44.38085224524391,2.784567370898149,-4.715067158979174,-0.22395758865463092,0.5,0.5,0.0,15.0,0.0,
0,55,5.5,2,car,217.16061123231046,-1.0890956091133694,22.76249796639658,-0.2214093956693208,4.5,1.8,0.0,15.0,0.0,
0,56,5.6000000000000005,0,car,-9.136856765805113,-0.14907171887692242,-4.798754271238862,0.019385157063100743,4.5,1.8,0.0,15.0,0.0,
0,56,5.6000000000000005,1,pedestrian,43.89265273633514,2.8662449576182283,-4.683812898916766,0.06258625042825976,0.5,0.5,0.0,15.0,0.0,
0,56,5.6000000000000005,2,car,219.3847287370864,-1.1326363564077657,22.73854280785098,0.03954008605894946,4.5,1.8,0.0,15.0,0.0,
0,57,5.7,0,car,-9.466894748899326,-0.19495576819185248,-4.819992957628517,0.01570386119348996,4.5,1.8,0.0,15.0,0.0,
0,57,5.7,1,pedestrian,43.399695296442175,2.961450322932217,-4.796401763447719,-0.04133525234584473,0.5,0.5,0.0,15.0,0.0,
0,57,5.7,2,car,221.58034138447533,-1.3646719576463802,22.69036088563254,-0.04575780579229631,4.5,1.8,0.0,15.0,0.0,
0,58,5.800000000000001,0,car,-9.969004510114061,-0.08365917902582612,-4.832245990188052,-0.05154068601355769,4.5,1.8,0.0,15.0,0.0,
0,58,5.800000000000001,1,pedestrian,42.91435966597605,3.066367685076352,-4.845199704253464,-0.04552874419607243,0.5,0.5,0.0,15.0,0.0,
0,58,5.800000000000001,2,car,223.90523236896598,-1.3868255692194602,22.722735120168014,-0.0006823395897648381,4.5,1.8,0.0,15.0,0.0,
0,59,5.9,0,car,-10.38206274432391,-0.1871669904298902,-4.8328502227274655,-0.010534500718157841,4.5,1.8,0.0,15.0,0.0,
0,59,5.9,1,pedestrian,42.308250603140294,2.910019890289483,-4.8109122524897305,-0.017547619110898905,0.5,0.5,0.0,15.0,0.0,
0,59,5.9,2,car,226.07527785281803,-1.3964434629117934,22.77913606303548,-0.11403689226859615,4.5,1.8,0.0,15.0,0.0,
0,60,6.0,0,car,-11.015011635586989,-0.27945563461941697,-4.759791279391449,0.014129349145964826,4.5,1.8,0.0,15.0,0.0,
0,60,6.0,1,pedestrian,41.90389110193744,2.79600379837686,-4.866889046253257,0.022390685836135522,0.5,0.5,0.0,15.0,0.0,
0,60,6.0,2,car,228.35901889221512,-1.3415695810253807,22.769752513489056,0.01390718632273135,4.5,1.8,0.0,15.0,0.0,
0,61,6.1000000000000005,0,car,-11.475178855035622,-0.20167889571092443,-4.719440865294226,-0.0809935997195885,4.5,1.8,0.0,15.0,0.0,
0,61,6.1000000000000005,1,pedestrian,41.19247534177803,2.8961783381420108,-4.80750279159016,-0.05103115097566688,0.5,0.5,0.0,15.0,0.0,
0,61,6.1000000000000005,2,car,230.45001060290946,-1.3316660989246607,22.816294424806582,0.08987972612171574,4.5,1.8,0.0,15.0,0.0,
0,62,6.2,0,car,-11.8954931843549,-0.23885056536949392,-4.76409739637347,0.0005725645835327209,4.5,1.8,0.0,15.0,0.0,
0,62,6.2,1,pedestrian,40.681798592230486,2.7946715475691293,-4.705065009046995,0.08925842010360656,0.5,0.5,0.0,15.0,0.0,
0,62,6.2,2,car,232.84524491374566,-1.4237511387055735,22.859045391021446,0.031981320474895096,4.5,1.8,0.0,15.0,0.0,
0,63,6.300000000000001,0,car,-12.32764836157184,-0.1138840386651162,-4.732328839230406,0.037000711815216775,4.5,1.8,0.0,15.0,0.0,
0,63,6.300000000000001,1,pedestrian,40.27498271966301,2.82875068836934,-4.794245565532704,0.004181053870527861,0.5,0.5,0.0,15.0,0.0,
0,63,6.300000000000001,2,car,235.0755302569629,-1.5517352344695756,22.94313622198649,0.08644976704428518,4.5,1.8,0.0,15.0,0.0,
0,64,6.4,0,car,-12.664959185465321,-0.08836269697952874,-4.664797583182773,0.0006026590300912772,4.5,1.8,0.0,15.0,0.0,
0,64,6.4,1,pedestrian,39.815837890799514,2.7194035513231416,-4.774396000307762,0.003019296421220855,0.5,0.5,0.0,15.0,0.0,
0,64,6.4,2,car,237.2395786674781,-1.5568549456512353,22.93914974379365,0.089878058332232,4.5,1.8,0.0,15.0,0.0,
0,65,6.5,0,car,-13.042017610932257,-0.08721815307038214,-4.652358217692719,0.002210618905209903,4.5,1.8,0.0,15.0,0.0,
0,65,6.5,1,pedestrian,39.31810689228918,2.611160831584313,-4.781948594188108,-0.03730491283262567,0.5,0.5,0.0,15.0,0.0,
0,65,6.5,2,car,239.40846208796515,-1.5057327641964817,22.958712976790313,-0.0893353755684039,4.5,1.8,0.0,15.0,0.0,
0,66,6.6000000000000005,0,car,-13.51952189645104,0.012351985519610226,-4.5993970307479035,0.05129184214426194,4.5,1.8,0.0,15.0,0.0,
0,66,6.6000000000000005,1,pedestrian,38.84380335356051,2.526656298787398,-4.836133535556011,0.017230245237517875,0.5,0.5,0.0,15.0,0.0,
0,66,6.6000000000000005,2,car,241.7422613890807,-1.3769996530359752,23.013711959307418,-0.006611432826558606,4.5,1.8,0.0,15.0,0.0,
0,67,6.7,0,car,-14.103882187411918,-0.01955867418147956,-4.588535471007377,-0.010104162269470205,4.5,1.8,0.0,15.0,0.0,
0,67,6.7,1,pedestrian,38.30240058919714,2.551944780284388,-4.861331422626542,-0.0314033041862687,0.5,0.5,0.0,15.0,0.0,
0,67,6.7,2,car,244.0747778684418,-1.4171989110488956,23.025917178756337,0.013660201142606136,4.5,1.8,0.0,15.0,0.0,
0,68,6.800000000000001,0,car,-14.676678634621812,-0.06768278656802078,-4.516646624011554,-0.05810397563671436,4.5,1.8,0.0,15.0,0.0,
0,68,6.800000000000001,1,pedestrian,37.60460200203744,2.365760264960137,-4.859875925297708,0.0015458639016349455,0.5,0.5,0.0,15.0,0.0,
0,68,6.800000000000001,2,car,246.36560850077493,-1.2957799281560454,22.892275457101192,0.01979669372154118,4.5,1.8,0.0,15.0,0.0,
0,69,6.9,0,car,-14.97219947684261,-0.18046086305719217,-4.535636949601049,-0.03764459586143105,4.5,1.8,0.0,15.0,0.0,
0,69,6.9,1,pedestrian,37.02917980489991,2.3331340644578327,-4.788501661113483,0.09186933377437602,0.5,0.5,0.0,15.0,0.0,
0,69,6.9,2,car,248.62124212398103,-1.1052739067495985,22.894054280950424,0.08768455133505405,4.5,1.8,0.0,15.0,0.0,
0,70,7.0,0,car,-15.435093036768063,-0.16735508045257774,-4.517363225968907,0.15894268396837677,4.5,1.8,0.0,15.0,0.0,
0,70,7.0,1,pedestrian,36.63545819627304,2.2624076114626863,-4.740051767599691,-0.018091626854217075,0.5,0.5,0.0,15.0,0.0,
0,70,7.0,2,car,250.86167253378596,-1.0144137707603873,22.89560856033898,0.013928795725590304,4.5,1.8,0.0,15.0,0.0,
0,71,7.1000000000000005,0,car,-15.885430837178424,-0.13369676779203427,-4.496114931097099,-0.09684834663527077,4.5,1.8,0.0,15.0,0.0,
0,71,7.1000000000000005,1,pedestrian,36.228110286374026,2.164205669479656,-4.812166724377661,-0.002920562192934122,0.5,0.5,0.0,15.0,0.0,
0,71,7.1000000000000005,2,car,253.1596314901513,-1.0837643872176155,22.93716015322238,-0.06710875831854535,4.5,1.8,0.0,15.0,0.0,
0,72,7.2,0,car,-16.375736705165387,-0.19218418128533432,-4.498444294614067,0.01394321423236194,4.5,1.8,0.0,15.0,0.0,
0,72,7.2,1,pedestrian,35.646104318973904,2.236633937225279,-4.8090166059609265,-0.09459731266559553,0.5,0.5,0.0,15.0,0.0,
0,72,7.2,2,car,255.25748836143384,-1.0849963165105465,22.92611178733306,-0.005171005678731675,4.5,1.8,0.0,15.0,0.0,
0,73,7.300000000000001,0,car,-16.828379380279817,-0.16962819733431625,-4.451061814121652,-0.055555245045877916,4.5,1.8,0.0,15.0,0.0,
0,73,7.300000000000001,1,pedestrian,35.048005499087736,2.127301551436541,-4.7945707726024915,0.06224736893232228,0.5,0.5,0.0,15.0,0.0,
0,73,7.300000000000001,2,car,257.5069655963432,-1.335166300926512,22.84091214420254,-0.041651836139800585,4.5,1.8,0.0,15.0,0.0,
0,74,7.4,0,car,-17.329258450441504,-0.21046706005978888,-4.449132757972606,-0.015587316541122357,4.5,1.8,0.0,15.0,0.0,
0,74,7.4,1,pedestrian,34.67348238288183,2.059699820868404,-4.837686670576269,0.02394377692602308,0.5,0.5,0.0,15.0,0.0,
0,74,7.4,2,car,259.63749260377085,-1.296197130394512,22.846039803388855,-0.007372124495908371,4.5,1.8,0.0,15.0,0.0,
0,75,7.5,0,car,-17.61534411552384,-0.2726878045892607,-4.346117849446403,-0.011271572461404965,4.5,1.8,0.0,15.0,0.0,
0,75,7.5,1,pedestrian,34.06201207132718,2.0666917789678867,-4.891498930592207,-0.037587792390675015,0.5,0.5,0.0,15.0,0.0,
0,75,7.5,2,car,261.9617999141113,-1.2406389215294995,22.814931418376144,0.049370257252320034,4.5,1.8,0.0,15.0,0.0,
0,76,7.6000000000000005,0,car,-17.934205124666367,-0.12905762893293157,-4.319647179090117,0.06817143560428494,4.5,1.8,0.0,15.0,0.0,
0,76,7.6000000000000005,1,pedestrian,33.384782335470554,2.0349011241050405,-4.934849193408379,0.005961293056369605,0.5,0.5,0.0,15.0,0.0,
0,76,7.6000000000000005,2,car,264.18614813402917,-1.2572547057244727,22.909040162386347,-0.008485989821018915,4.5,1.8,0.0,15.0,0.0,
0,77,7.7,0,car,-18.324790610856358,-0.1522845619253551,-4.315861514692275,0.000300834021803573,4.5,1.8,0.0,15.0,0.0,
0,77,7.7,1,pedestrian,32.93612982272703,2.1514318776597583,-4.852479493528213,0.015481004095458342,0.5,0.5,0.0,15.0,0.0,
0,77,7.7,2,car,266.53600683887134,-1.3723411566430295,22.904646325265567,0.047014473244179456,4.5,1.8,0.0,15.0,0.0,
0,78,7.800000000000001,0,car,-18.669779898483867,-0.13112358864585008,-4.271541816713878,0.024538335449690946,4.5,1.8,0.0,15.0,0.0,
0,78,7.800000000000001,1,pedestrian,32.57091249920015,2.1803677933554693,-4.870264409306764,0.016792062846651183,0.5,0.5,0.0,15.0,0.0,
0,78,7.800000000000001,2,car,268.5334120338126,-1.3340525830045245,22.722225684004826,-0.0861731703702709,4.5,1.8,0.0,15.0,0.0,
0,79,7.9,0,car,-19.051757220061155,-0.08337065491917056,-4.329663255720875,-0.03560510209394694,4.5,1.8,0.0,15.0,0.0,
0,79,7.9,1,pedestrian,32.22094015713088,2.1319647801982016,-4.758118393686615,-9.599265881730746e-05,0.5,0.5,0.0,15.0,0.0,
0,79,7.9,2,car,270.84643821990124,-1.1723651431546638,22.728777039814496,-0.050117199034540066,4.5,1.8,0.0,15.0,0.0,
0,80,8.0,0,car,-19.495696290802673,-0.08693172853817965,-4.397900338330953,-0.01279160356704117,4.5,1.8,0.0,15.0,0.0,
0,80,8.0,1,pedestrian,31.67090910836248,2.224400555916945,-4.756387799977353,-0.014139787457378504,0.5,0.5,0.0,15.0,0.0,
0,80,8.0,2,car,273.10869773082044,-1.1500529413140472,22.759617749798984,-0.04998561143346907,4.5,1.8,0.0,15.0,0.0,
0,81,8.1,0,car,-20.039645087897895,0.023536193002073352,-4.41851718194119,-0.07084210462984371,4.5,1.8,0.0,15.0,0.0,
0,81,8.1,1,pedestrian,31.239651599303055,2.2707375365202136,-4.832923562840188,0.011474085773180315,0.5,0.5,0.0,15.0,0.0,
0,81,8.1,2,car,275.4582178150432,-1.1126142961434209,22.791216823987053,-0.07021345490453745,4.5,1.8,0.0,15.0,0.0,
0,82,8.200000000000001,0,car,-20.448392790592393,-0.006725782944971306,-4.442656689877422,0.04352778047098633,4.5,1.8,0.0,15.0,0.0,
0,82,8.200000000000001,1,pedestrian,30.904286694086462,2.4501745419802496,-4.767183169264893,-0.005486709081509184,0.5,0.5,0.0,15.0,0.0,
0,82,8.200000000000001,2,car,277.77261151374455,-1.0359320089649966,22.797275721452028,0.006538209395577219,4.5,1.8,0.0,15.0,0.0,
0,83,8.3,0,car,-20.810283146392518,-0.012654047547564527,-4.479121036696105,-0.020723653291792928,4.5,1.8,0.0,15.0,0.0,
0,83,8.3,1,pedestrian,30.490959414933346,2.4504738711002454,-4.750172670421476,0.033503962110109496,0.5,0.5,0.0,15.0,0.0,
0,83,8.3,2,car,280.01485493959996,-0.960307192602016,22.81621785162495,-0.061740654345573937,4.5,1.8,0.0,15.0,0.0,
0,84,8.4,0,car,-21.113964770943504,-0.06272852192325615,-4.561875803855364,-0.05225218547931512,4.5,1.8,0.0,15.0,0.0,
0,84,8.4,1,pedestrian,29.913837631823366,2.4556912029659985,-4.763865195698788,-0.016841598382029643,0.5,0.5,0.0,15.0,0.0,
0,84,8.4,2,car,282.3584469213107,-0.9263196564827456,22.832020245157164,0.020491422866434635,4.5,1.8,0.0,15.0,0.0,
0,85,8.5,0,car,-21.508538884528814,-0.2735238561010005,-4.580097716468587,-0.1090105032244737,4.5,1.8,0.0,15.0,0.0,
0,85,8.5,1,pedestrian,29.441057104933268,2.455227905743564,-4.711588581959304,0.05938171963605604,0.5,0.5,0.0,15.0,0.0,
0,85,8.5,2,car,284.66192645065166,-0.9763557642224356,22.85627830078445,-0.02639588186621568,4.5,1.8,0.0,15.0,0.0,
0,86,8.6,0,car,-21.966687921320005,-0.1749102244049237,-4.607986283768058,0.04028393196212505,4.5,1.8,0.0,15.0,0.0,
0,86,8.6,1,pedestrian,29.037638383606566,2.359748724030482,-4.662893875548433,0.03492831726857525,0.5,0.5,0.0,15.0,0.0,
0,86,8.6,2,car,286.95774686946737,-1.0525881100252008,22.81331799985567,-0.026883128845151122,4.5,1.8,0.0,15.0,0.0,
0,87,8.700000000000001,0,car,-22.373227103367615,-0.2704727411450635,-4.586110671337065,-0.062087776443919634,4.5,1.8,0.0,15.0,0.0,
0,87,8.700000000000001,1,pedestrian,28.550942137607837,2.370713499487883,-4.540637368295488,-0.06886578277601837,0.5,0.5,0.0,15.0,0.0,
0,87,8.700000000000001,2,car,289.38628012610195,-1.0376038686264728,22.833876595756468,0.005917395669410226,4.5,1.8,0.0,15.0,0.0,
0,88,8.8,0,car,-22.787365488681797,-0.2858412515812653,-4.5134081622641915,-0.02282355721123612,4.5,1.8,0.0,15.0,0.0,
0,88,8.8,1,pedestrian,28.21010185799621,2.306276787466581,-4.543649960615552,-0.053598127614510965,0.5,0.5,0.0,15.0,0.0,
0,88,8.8,2,car,291.71517015771235,-0.8930912729338194,22.830008786765426,-0.009844284935195478,4.5,1.8,0.0,15.0,0.0,
0,89,8.9,0,car,-23.35016800121501,-0.3087705169364961,-4.593047875250268,-0.04564389933594137,4.5,1.8,0.0,15.0,0.0,
0,89,8.9,1,pedestrian,27.778415466545567,2.4381781072407205,-4.403189417554077,-0.029329254253545035,0.5,0.5,0.0,15.0,0.0,
0,89,8.9,2,car,294.14170105205346,-0.8687160248936546,22.822446404428106,0.02162972258630761,4.5,1.8,0.0,15.0,0.0,
0,90,9.0,0,car,-23.803281140372043,-0.29773094437527425,-4.613464533391602,-0.06990548298994254,4.5,1.8,0.0,15.0,0.0,
0,90,9.0,1,pedestrian,27.183734004537953,2.5035025955688432,-4.417024422058363,-0.029804444982808334,0.5,0.5,0.0,15.0,0.0,
0,90,9.0,2,car,296.4247962551686,-0.7892227996020919,22.831464601579427,-0.03280274683204837,4.5,1.8,0.0,15.0,0.0,
0,91,9.1,0,car,-24.14199829814631,-0.13981239407711105,-4.588736700625459,0.04868317556720451,4.5,1.8,0.0,15.0,0.0,
0,91,9.1,1,pedestrian,26.866227562013496,2.6165125272092946,-4.386319463202732,0.029917352353744143,0.5,0.5,0.0,15.0,0.0,
0,91,9.1,2,car,298.75990877266116,-0.8989565670567963,22.866500759422404,-0.0677906985563277,4.5,1.8,0.0,15.0,0.0,
0,92,9.200000000000001,0,car,-24.680331913721357,-0.009455887296302284,-4.546725692490749,0.07436991448429313,4.5,1.8,0.0,15.0,0.0,
0,92,9.200000000000001,1,pedestrian,26.400428177324493,2.5012876430816178,-4.398341323056249,0.005101564862028711,0.5,0.5,0.0,15.0,0.0,
0,92,9.200000000000001,2,car,301.0544577202374,-0.785588519181126,22.84843723817223,0.017601723590146213,4.5,1.8,0.0,15.0,0.0,
0,93,9.3,0,car,-25.23386719791389,0.03557584050807902,-4.546570264981467,-0.037490666914225874,4.5,1.8,0.0,15.0,0.0,
0,93,9.3,1,pedestrian,25.937011108801382,2.4828700684300955,-4.411849079523104,0.08856706211338418,0.5,0.5,0.0,15.0,0.0,
0,93,9.3,2,car,303.32945684382383,-0.8099781301988598,22.743564690291723,-0.04471036759897387,4.5,1.8,0.0,15.0,0.0,
0,94,9.4,0,car,-25.714831566857672,-0.033009427109585265,-4.4774848853125775,-0.008246888769810931,4.5,1.8,0.0,15.0,0.0,
0,94,9.4,1,pedestrian,25.624670625780897,2.4890405318351325,-4.409987687702025,-0.004439822385625048,0.5,0.5,0.0,15.0,0.0,
0,94,9.4,2,car,305.60419293801516,-0.6380986298938738,22.627584153954164,-0.10007728722193394,4.5,1.8,0.0,15.0,0.0,
0,95,9.5,0,car,-26.21689713849454,-0.031556638915828376,-4.442979664074377,0.02365435990137376,4.5,1.8,0.0,15.0,0.0,
0,95,9.5,1,pedestrian,25.145247265722638,2.590944901159309,-4.358477917544389,0.009202891563578277,0.5,0.5,0.0,15.0,0.0,
0,95,9.5,2,car,307.96321711065923,-0.6108341035506609,22.59951000261502,0.03489084195000024,4.5,1.8,0.0,15.0,0.0,
0,96,9.600000000000001,0,car,-26.65013379264411,-0.03142265424037968,-4.369331985464898,-0.12254360642700433,4.5,1.8,0.0,15.0,0.0,
0,96,9.600000000000001,1,pedestrian,24.56763105695224,2.472237858521872,-4.3766409499228285,-0.012730408488301507,0.5,0.5,0.0,15.0,0.0,
0,96,9.600000000000001,2,car,310.0724355461434,-0.7093499067817436,22.556467918688842,0.1228712046037946,4.5,1.8,0.0,15.0,0.0,
0,97,9.700000000000001,0,car,-26.906892796415885,-0.0725975960088446,-4.387511149980238,-0.05746019985941471,4.5,1.8,0.0,15.0,0.0,
0,97,9.700000000000001,1,pedestrian,23.93915392063743,2.4605498398810197,-4.42653354908503,-0.004242526583100489,0.5,0.5,0.0,15.0,0.0,
0,97,9.700000000000001,2,car,312.16806175310796,-0.7855473526127694,22.563899273453984,0.01831047988919687,4.5,1.8,0.0,15.0,0.0,
0,98,9.8,0,car,-27.303896715539707,-0.20464649442454835,-4.34477686347346,-0.04001058483009252,4.5,1.8,0.0,15.0,0.0,
0,98,9.8,1,pedestrian,23.559786357189658,2.4594859722192006,-4.495352924038928,-0.0158098852290594,0.5,0.5,0.0,15.0,0.0,
0,98,9.8,2,car,314.46098805465977,-0.7242508145653095,22.55684987858176,0.07658894453005265,4.5,1.8,0.0,15.0,0.0,
0,99,9.9,0,car,-27.637623324788397,-0.23031190606452365,-4.307270772866613,0.09668967425940934,4.5,1.8,0.0,15.0,0.0,
0,99,9.9,1,pedestrian,23.306299524864066,2.3366859841369507,-4.541679579596785,0.07424593933669255,0.5,0.5,0.0,15.0,0.0,
0,99,9.9,2,car,316.61084493743414,-0.8565049278944774,22.532540172046808,0.021011335473729287,4.5,1.8,0.0,15.0,0.0,
1,0,0.0,100,car,54.34831075723744,-7.938651751597919,24.095292717210654,0.1525629089627355,4.5,1.8,0.0,15.0,0.0,
1,0,0.0,101,motorcycle,43.127263226322505,10.430221441902223,-8.23299588223355,-0.05924102148833199,2.2,0.8,0.0,15.0,0.0,
1,0,0.0,102,car,93.83745984551692,1.6140801284494506,22.247638617789008,-0.1977952838048887,4.5,1.8,0.0,15.0,0.0,
1,0,0.0,103,pedestrian,39.83674562515782,-0.13288639831643823,28.835389141829513,-0.07156058326971297,0.5,0.5,0.0,15.0,0.0,
1,0,0.0,104,car,50.170324336592394,-7.810895178496474,2.843425056474196,-0.1840750065329217,4.5,1.8,0.0,15.0,0.0,
1,1,0.1,100,car,56.91302804097075,-7.795697377481842,24.04522814557283,0.23674221943963664,4.5,1.8,0.0,15.0,0.0,
1,1,0.1,101,motorcycle,42.25086598764358,10.528784620998833,-8.229596550930994,-0.07984849041118038,2.2,0.8,0.0,15.0,0.0,
1,1,0.1,102,car,95.88145402131832,1.5771441490473268,22.169669456023726,-0.14943032201275008,4.5,1.8,0.0,15.0,0.0,
1,1,0.1,103,pedestrian,42.87196380505469,-0.21973355557307855,28.850487678955478,-0.10783015937011174,0.5,0.5,0.0,15.0,0.0,
1,1,0.1,104,car,50.39181836922614,-7.751853208763229,2.8414981433820254,-0.0970926044363711,4.5,1.8,0.0,15.0,0.0,
1,2,0.2,100,car,59.26932760765774,-7.672089522290429,24.050098816220718,0.2765311199268483,4.5,1.8,0.0,15.0,0.0,
1,2,0.2,101,motorcycle,41.38319056681748,10.515843888202555,-8.23537149489594,-0.12165134615346973,2.2,0.8,0.0,15.0,0.0,
1,2,0.2,102,car,98.16462912037886,1.6272260174038884,22.199347190769004,-0.07258203931686785,4.5,1.8,0.0,15.0,0.0,
1,2,0.2,103,pedestrian,45.90194705307387,-0.26801104049500324,28.869140294877187,-0.13901019383302238,0.5,0.5,0.0,15.0,0.0,
1,2,0.2,104,car,50.678303715175794,-7.821537414118752,2.922501658838828,-0.07890769691922296,4.5,1.8,0.0,15.0,0.0,
1,3,0.30000000000000004,100,car,61.65253457646937,-7.525074553112107,23.941568045730946,0.1758259901835838,4.5,1.8,0.0,15.0,0.0,
1,3,0.30000000000000004,101,motorcycle,40.63923728284986,10.509725598398944,-8.222849179882902,-0.18797115131939718,2.2,0.8,0.0,15.0,0.0,
1,3,0.30000000000000004,102,car,100.38224046837072,1.8203187545123358,22.240557171758798,-0.06409671205972725,4.5,1.8,0.0,15.0,0.0,
1,3,0.30000000000000004,103,pedestrian,48.7449556915511,-0.32136934506524484,28.762680400417185,-0.12612817278696434,0.5,0.5,0.0,15.0,0.0,
1,3,0.30000000000000004,104,car,51.055102191907864,-7.9869901165277355,2.8894308142234872,-0.13678092853089407,4.5,1.8,0.0,15.0,0.0,
1,4,0.4,100,car,63.95015626156159,-7.502143791411559,23.837347937981523,0.206539512101437,4.5,1.8,0.0,15.0,0.0,
1,4,0.4,101,motorcycle,39.89233787185494,10.465818224463312,-8.34688460538213,-0.23779208261951668,2.2,0.8,0.0,15.0,0.0,
1,4,0.4,102,car,102.72958637895688,1.5361096552335058,22.223181001149122,-0.1230967509830902,4.5,1.8,0.0,15.0,0.0,
1,4,0.4,103,pedestrian,51.701680761751305,-0.4014935575582874,28.782878101453967,-0.09785515182850968,0.5,0.5,0.0,15.0,0.0,
1,4,0.4,104,car,51.527667857303214,-8.020962403748362,2.9082330327046177,-0.21103370248726588,4.5,1.8,0.0,15.0,0.0,
1,5,0.5,100,car,66.45293241168912,-7.557540725008551,23.809310229777136,0.20542712235897648,4.5,1.8,0.0,15.0,0.0,
1,5,0.5,101,motorcycle,38.90136097678275,10.464916019094256,-8.29851129173588,-0.2231453914446521,2.2,0.8,0.0,15.0,0.0,
1,5,0.5,102,car,104.79301472265392,1.511419050702231,22.260282446298095,-0.2169961892813856,4.5,1.8,0.0,15.0,0.0,
1,5,0.5,103,pedestrian,54.47249197051493,-0.3236247123329864,28.796382873163832,-0.07725657272217198,0.5,0.5,0.0,15.0,0.0,
1,5,0.5,104,car,52.00444064133601,-7.995210496146467,2.941127433226277,-0.07549642612634958,4.5,1.8,0.0,15.0,0.0,
1,6,0.6000000000000001,100,car,68.81248297885779,-7.616786289134503,23.830700049689494,0.22737667382842122,4.5,1.8,0.0,15.0,0.0,
1,6,0.6000000000000001,101,motorcycle,38.01883830841454,10.339361777994306,-8.183019070631376,-0.20680321792525094,2.2,0.8,0.0,15.0,0.0,
1,6,0.6000000000000001,102,car,106.94581442914352,1.5813124620020522,22.25482518872003,-0.22964026159727716,4.5,1.8,0.0,15.0,0.0,
1,6,0.6000000000000001,103,pedestrian,57.40835754502276,-0.4605385964283726,28.81401423335969,0.018391167664415634,0.5,0.5,0.0,15.0,0.0,
1,6,0.6000000000000001,104,car,52.34517115087837,-8.04038134913745,2.915772169204865,-0.09601342479360504,4.5,1.8,0.0,15.0,0.0,
1,7,0.7000000000000001,100,car,71.17015671602195,-7.631829275027488,23.876515621743224,0.14071621866797207,4.5,1.8,0.0,15.0,0.0,
1,7,0.7000000000000001,101,motorcycle,37.28673640639261,10.280712803687525,-8.164171681346607,-0.2631526134352941,2.2,0.8,0.0,15.0,0.0,
1,7,0.7000000000000001,102,car,109.30416005470046,1.6829119318595118,22.302804715007532,-0.3053780003869541,4.5,1.8,0.0,15.0,0.0,
1,7,0.7000000000000001,103,pedestrian,60.372671075465334,-0.41821397089836015,28.73375067100306,0.01717629847587486,0.5,0.5,0.0,15.0,0.0,
1,7,0.7000000000000001,104,car,52.67320181670218,-7.994375164234495,2.9246352375523075,-0.08145185395123605,4.5,1.8,0.0,15.0,0.0,
1,8,0.8,100,car,73.70516941742159,-7.495154262169622,23.733162874054088,0.12484429092608797,4.5,1.8,0.0,15.0,0.0,
1,8,0.8,101,motorcycle,36.453854135503555,10.079187685071297,-8.159462528434991,-0.2007147248147688,2.2,0.8,0.0,15.0,0.0,
1,8,0.8,102,car,111.42578374024215,1.6860142256898036,22.25701354114271,-0.338973601570938,4.5,1.8,0.0,15.0,0.0,
1,8,0.8,103,pedestrian,63.39378550598264,-0.47075212306195513,28.756861295453593,-0.0763846073271745,0.5,0.5,0.0,15.0,0.0,
1,8,0.8,104,car,53.1518970965969,-7.942255104998968,2.9155102454197945,-0.05267452845124131,4.5,1.8,0.0,15.0,0.0,
1,9,0.9,100,car,75.9375037619322,-7.364416758901747,23.716963635279267,0.11464081517366623,4.5,1.8,0.0,15.0,0.0,
1,9,0.9,101,motorcycle,35.58874232116351,10.00105107231526,-8.124728997853571,-0.18791938230955765,2.2,0.8,0.0,15.0,0.0,
1,9,0.9,102,car,113.71665990849672,1.6512373965841527,22.28267353169657,-0.3599160387671899,4.5,1.8,0.0,15.0,0.0,
1,9,0.9,103,pedestrian,66.49244481966896,-0.6351836254377224,28.81990816163174,-0.007989234791125968,0.5,0.5,0.0,15.0,0.0,
1,9,0.9,104,car,53.35823224054232,-7.724595196788495,2.9652847595670604,-0.004117578110095735,4.5,1.8,0.0,15.0,0.0,
1,10,1.0,100,car,78.31200234416272,-7.3746752932062485,23.706493193927287,0.13416734498964208,4.5,1.8,0.0,15.0,0.0,
1,10,1.0,101,motorcycle,34.916388048881544,10.000390555870446,-8.170301179010435,-0.14669802919030867,2.2,0.8,0.0,15.0,0.0,
1,10,1.0,102,car,116.03704233630586,1.6807117455522123,22.31994847702282,-0.3734624452750803,4.5,1.8,0.0,15.0,0.0,
1,10,1.0,103,pedestrian,69.28153671911907,-0.722801891980913,28.73813499920885,0.0038581957861715203,0.5,0.5,0.0,15.0,0.0,
1,10,1.0,104,car,53.64641583817637,-7.769005725052475,2.817503818349807,-0.06648345159480418,4.5,1.8,0.0,15.0,0.0,
1,11,1.1,100,car,80.79473572869577,-7.427721158713597,23.72452277781013,0.06463307349087927,4.5,1.8,0.0,15.0,0.0,
1,11,1.1,101,motorcycle,34.24322847921643,9.971317986945948,-8.155799159186259,-0.030409039596224416,2.2,0.8,0.0,15.0,0.0,
1,11,1.1,102,car,118.42068119406709,1.6127089388959983,22.2902874677793,-0.3897396958510569,4.5,1.8,0.0,15.0,0.0,
1,11,1.1,103,pedestrian,72.20634004388761,-0.732938485827383,28.718372791958675,0.07721725832162364,0.5,0.5,0.0,15.0,0.0,
1,11,1.1,104,car,53.91674523083356,-7.545695160908224,2.8220409465374154,0.022782468116432197,4.5,1.8,0.0,15.0,0.0,
1,12,1.2000000000000002,100,car,83.20291994874783,-7.324961794039565,23.688292225234242,0.021945112361508673,4.5,1.8,0.0,15.0,0.0,
1,12,1.2000000000000002,101,motorcycle,33.4736191587993,10.067132407232858,-8.153786334086236,-0.09472870635040928,2.2,0.8,0.0,15.0,0.0,
1,12,1.2000000000000002,102,car,120.51368410421608,1.4310213290922684,22.20190636213233,-0.3842654278787025,4.5,1.8,0.0,15.0,0.0,
1,12,1.2000000000000002,103,pedestrian,75.19068171525429,-0.7265583386877015,28.60535205409178,0.06767923530489621,0.5,0.5,0.0,15.0,0.0,
1,12,1.2000000000000002,104,car,54.182669425824045,-7.333817039074036,2.749184050891438,0.0032485879864724114,4.5,1.8,0.0,15.0,0.0,
1,13,1.3,100,car,85.74233443932572,-7.277769448668759,23.716457878910063,0.027674334212702583,4.5,1.8,0.0,15.0,0.0,
1,13,1.3,101,motorcycle,32.691234879256406,10.135420489625671,-8.194260650030875,-0.05082577740499929,2.2,0.8,0.0,15.0,0.0,
1,13,1.3,102,car,122.59657443874076,1.425431583587552,22.210843410296647,-0.4150800822883079,4.5,1.8,0.0,15.0,0.0,
1,13,1.3,103,pedestrian,78.0489483931309,-0.7820444304237671,28.551766987748696,0.04999849822421399,0.5,0.5,0.0,15.0,0.0,
1,13,1.3,104,car,54.34718896737603,-7.301212433866064,2.6916797761838196,0.03884743913602498,4.5,1.8,0.0,15.0,0.0,
1,14,1.4000000000000001,100,car,87.99583232042384,-7.33163150680559,23.685227708499305,0.09393167065644453,4.5,1.8,0.0,15.0,0.0,
1,14,1.4000000000000001,101,motorcycle,31.904837808814975,10.109164531630732,-8.16932467797739,-0.1561853947714837,2.2,0.8,0.0,15.0,0.0,
1,14,1.4000000000000001,102,car,124.81334542080633,1.5836749931391974,22.21746073561678,-0.4116844238298411,4.5,1.8,0.0,15.0,0.0,
1,14,1.4000000000000001,103,pedestrian,80.95893792986999,-0.6874840562699112,28.451893653104204,-0.034117825865337355,0.5,0.5,0.0,15.0,0.0,
1,14,1.4000000000000001,104,car,54.63738607410302,-7.368815346142212,2.7572810392948153,0.023088719641763785,4.5,1.8,0.0,15.0,0.0,
1,15,1.5,100,car,90.17090201770247,-7.449039731424346,23.547743907517777,0.0822253937922989,4.5,1.8,0.0,15.0,0.0,
1,15,1.5,101,motorcycle,31.0690669282908,10.051099721175394,-8.115380726025903,-0.096259402945649,2.2,0.8,0.0,15.0,0.0,
1,15,1.5,102,car,127.0180526520324,1.3290371840085276,22.248324814641393,-0.3839164124044123,4.5,1.8,0.0,15.0,0.0,
1,15,1.5,103,pedestrian,83.8350664521961,-0.5927478639256333,28.393652248281153,0.06631994344391959,0.5,0.5,0.0,15.0,0.0,
1,15,1.5,104,car,54.817171402718316,-7.29158418145795,2.6729136545741476,-0.023424514721738763,4.5,1.8,0.0,15.0,0.0,
1,16,1.6,100,car,92.67731327312679,-7.4669071743452005,23.589740037774416,0.0940731632282612,4.5,1.8,0.0,15.0,0.0,
1,16,1.6,101,motorcycle,30.24703304008819,10.177858813374097,-8.127213667258497,-0.18529630832382255,2.2,0.8,0.0,15.0,0.0,
1,16,1.6,102,car,129.16256112430136,1.3457647156382557,22.26810026995952,-0.4622693249161842,4.5,1.8,0.0,15.0,0.0,
1,16,1.6,103,pedestrian,86.6019974250834,-0.644288004501466,28.37537876857544,-0.0024757359861579814,0.5,0.5,0.0,15.0,0.0,
1,16,1.6,104,car,55.021625657363785,-7.366787681456077,2.7114903175622436,0.01703155082777343,4.5,1.8,0.0,15.0,0.0,
1,17,1.7000000000000002,100,car,95.02170623109535,-7.496703837609448,23.59673625337637,0.053244407855482456,4.5,1.8,0.0,15.0,0.0,
1,17,1.7000000000000002,101,motorcycle,29.3196284651456,10.065307061649143,-8.158954325457069,-0.2434699983134361,2.2,0.8,0.0,15.0,0.0,
1,17,1.7000000000000002,102,car,131.4055771072036,1.372509350525008,22.188745354919607,-0.46101288935538254,4.5,1.8,0.0,15.0,0.0,
1,17,1.7000000000000002,103,pedestrian,89.4175417224143,-0.6103847095464014,28.374731830170262,-0.07515569998273952,0.5,0.5,0.0,15.0,0.0,
1,17,1.7000000000000002,104,car,55.16653575923429,-7.362142168814802,2.762929363549519,-0.09367781772437672,4.5,1.8,0.0,15.0,0.0,
1,18,1.8,100,car,97.41595251441315,-7.372417196295135,23.58908495956606,0.08075453265680449,4.5,1.8,0.0,15.0,0.0,
1,18,1.8,101,motorcycle,28.433426124510113,10.02902344189011,-8.240000001372476,-0.3606871637343798,2.2,0.8,0.0,15.0,0.0,
1,18,1.8,102,car,133.7187282228181,1.2279085688170257,22.165968962669435,-0.5303350020188922,4.5,1.8,0.0,15.0,0.0,
1,18,1.8,103,pedestrian,92.11401793512293,-0.6352840495541371,28.33825297046348,-0.056257150083004595,0.5,0.5,0.0,15.0,0.0,
1,18,1.8,104,car,55.4880825374872,-7.339424985954779,2.7748594030959413,-0.014789407477782401,4.5,1.8,0.0,15.0,0.0,
1,19,1.9000000000000001,100,car,99.66810163346527,-7.3698352296497465,23.645719450592036,0.14398152312370632,4.5,1.8,0.0,15.0,0.0,
1,19,1.9000000000000001,101,motorcycle,27.46724975943841,9.961719181351086,-8.172093946579112,-0.33528320847442655,2.2,0.8,0.0,15.0,0.0,
1,19,1.9000000000000001,102,car,135.95485142223302,1.153106599271671,22.146778916384047,-0.5159240488643759,4.5,1.8,0.0,15.0,0.0,
1,19,1.9000000000000001,103,pedestrian,94.92260581967084,-0.645167626666882,28.34218290576923,-0.09016072650767956,0.5,0.5,0.0,15.0,0.0,
1,19,1.9000000000000001,104,car,55.818781415184944,-7.049479461861015,2.6860100711296373,0.0014112187317165924,4.5,1.8,0.0,15.0,0.0,
1,20,2.0,100,car,101.95665456966258,-7.297696819585451,23.648047324258428,0.1820742618258295,4.5,1.8,0.0,15.0,0.0,
1,20,2.0,101,motorcycle,26.767591022431375,9.94743297228046,-8.115491332158403,-0.4524981031638604,2.2,0.8,0.0,15.0,0.0,
1,20,2.0,102,car,138.32857454366305,1.1390204095744674,22.200671084171308,-0.576917836106452,4.5,1.8,0.0,15.0,0.0,
1,20,2.0,103,pedestrian,97.67374712208724,-0.6395898699031726,28.34133101130236,-0.07600729710718009,0.5,0.5,0.0,15.0,0.0,
1,20,2.0,104,car,56.195833938390905,-7.225860371518129,2.734701024715503,0.0018253142296129432,4.5,1.8,0.0,15.0,0.0,
1,21,2.1,100,car,104.30108111597596,-7.426600916841357,23.67319975767727,0.061368869274277635,4.5,1.8,0.0,15.0,0.0,
1,21,2.1,101,motorcycle,26.020881290339407,9.752972578416774,-8.11281843652753,-0.45845654503025646,2.2,0.8,0.0,15.0,0.0,
1,21,2.1,102,car,140.66559546680958,1.0634631090624331,22.165964156114025,-0.6022479709050121,4.5,1.8,0.0,15.0,0.0,
1,21,2.1,103,pedestrian,100.63516850009293,-0.5935609026958012,28.3220495122262,-0.08782961810540577,0.5,0.5,0.0,15.0,0.0,
1,21,2.1,104,car,56.31258633180391,-7.186830420010014,2.6467102393307296,0.03941513752138575,4.5,1.8,0.0,15.0,0.0,
1,22,2.2,100,car,106.68126325099281,-7.181768849956537,23.618192979991054,0.056235764722245986,4.5,1.8,0.0,15.0,0.0,
1,22,2.2,101,motorcycle,25.38942821677896,9.82626588794289,-8.147629039106524,-0.44725817361158404,2.2,0.8,0.0,15.0,0.0,
1,22,2.2,102,car,142.8823918180625,1.0314338987113476,22.131030134314784,-0.6067139910400489,4.5,1.8,0.0,15.0,0.0,
1,22,2.2,103,pedestrian,103.30756821378787,-0.5888315193195336,28.34455054589729,-0.09920058873759996,0.5,0.5,0.0,15.0,0.0,
1,22,2.2,104,car,56.4157522666785,-7.084035719972729,2.6649364912303697,0.0031143826363369057,4.5,1.8,0.0,15.0,0.0,
1,23,2.3000000000000003,100,car,109.0150225043081,-7.3262122137624965,23.56692247360216,0.029345197404389012,4.5,1.8,0.0,15.0,0.0,
1,23,2.3000000000000003,101,motorcycle,24.697507394096323,9.717589731492984,-8.115618356140086,-0.474173983754663,2.2,0.8,0.0,15.0,0.0,
1,23,2.3000000000000003,102,car,145.12028958757915,0.9566229493929626,22.17468296431942,-0.6334545579509767,4.5,1.8,0.0,15.0,0.0,
1,23,2.3000000000000003,103,pedestrian,105.98477044337736,-0.7369464813296569,28.317956671200154,-0.16165358727150259,0.5,0.5,0.0,15.0,0.0,
1,23,2.3000000000000003,104,car,56.723267117369495,-7.130301098194903,2.783666818731691,-0.0837713471205197,4.5,1.8,0.0,15.0,0.0,
1,24,2.4000000000000004,100,car,111.3920780695393,-7.436072996372625,23.542252406583025,0.03641617107141622,4.5,1.8,0.0,15.0,0.0,
1,24,2.4000000000000004,101,motorcycle,23.653408420994886,9.69385494479632,-8.020472983026378,-0.49684589867309265,2.2,0.8,0.0,15.0,0.0,
1,24,2.4000000000000004,102,car,147.36373866969166,0.9957696629104048,22.16648528931807,-0.6625025673775509,4.5,1.8,0.0,15.0,0.0,
1,24,2.4000000000000004,103,pedestrian,108.5889924701252,-0.6890127681173098,28.31229825071371,-0.21228777984091068,0.5,0.5,0.0,15.0,0.0,
1,24,2.4000000000000004,104,car,57.01429347027043,-7.197046268587573,2.7572455121759147,-0.05345678931508429,4.5,1.8,0.0,15.0,0.0,
1,25,2.5,100,car,113.61246506906522,-7.3276998506581075,23.472368098427104,0.0032811006536530227,4.5,1.8,0.0,15.0,0.0,
1,25,2.5,101,motorcycle,23.043655742098903,9.756905831093253,-8.015592783401607,-0.5438724094481535,2.2,0.8,0.0,15.0,0.0,
1,25,2.5,102,car,149.5274599679535,0.9368469376312194,22.168361450935052,-0.667046113858849,4.5,1.8,0.0,15.0,0.0,
1,25,2.5,103,pedestrian,111.41713904378817,-0.7316790570719123,28.240199313931708,-0.23811331694895232,0.5,0.5,0.0,15.0,0.0,
1,25,2.5,104,car,57.38148042688671,-7.339225377274193,2.747767736598951,-0.09444448575362649,4.5,1.8,0.0,15.0,0.0,
1,26,2.6,100,car,115.97083692184775,-7.366235058699424,23.54623778167584,0.028610258363165712,4.5,1.8,0.0,15.0,0.0,
1,26,2.6,101,motorcycle,22.11091614718102,9.769641391309808,-8.05432537621471,-0.5727222280170302,2.2,0.8,0.0,15.0,0.0,
1,26,2.6,102,car,151.7756780150577,0.820967584272321,22.2130042417512,-0.7057716169345188,4.5,1.8,0.0,15.0,0.0,
1,26,2.6,103,pedestrian,114.1792643199222,-0.8211274781216185,28.211917376513956,-0.1831537391715617,0.5,0.5,0.0,15.0,0.0,
1,26,2.6,104,car,57.71913682990763,-7.177675430448349,2.8611499467939137,-0.1459803373502435,4.5,1.8,0.0,15.0,0.0,
1,27,2.7,100,car,118.33250261274806,-7.480994064527451,23.507357485288424,-0.002893867149617757,4.5,1.8,0.0,15.0,0.0,
1,27,2.7,101,motorcycle,21.19976812214572,9.607180441218263,-8.061539595140722,-0.6335581489363505,2.2,0.8,0.0,15.0,0.0,
1,27,2.7,102,car,154.0811911351466,0.6586150688371177,22.35348269025602,-0.7283408394827386,4.5,1.8,0.0,15.0,0.0,
1,27,2.7,103,pedestrian,117.00765782176529,-0.9689769704853782,28.297221964420338,-0.12717870513141588,0.5,0.5,0.0,15.0,0.0,
1,27,2.7,104,car,58.03494341166064,-7.326953719061329,2.871683290680145,-0.20205188965110624,4.5,1.8,0.0,15.0,0.0,
1,28,2.8000000000000003,100,car,120.82947388762425,-7.400363978057095,23.51212943721281,-0.12471265031198388,4.5,1.8,0.0,15.0,0.0,
1,28,2.8000000000000003,101,motorcycle,20.295272564765742,9.612600739484616,-8.000895410554564,-0.5780996583617439,2.2,0.8,0.0,15.0,0.0,
1,28,2.8000000000000003,102,car,156.15733810394806,0.6159362155701343,22.404258451080164,-0.8112576177618509,4.5,1.8,0.0,15.0,0.0,
1,28,2.8000000000000003,103,pedestrian,119.83658956667,-0.9543106011676742,28.282183735178002,-0.21978679790147598,0.5,0.5,0.0,15.0,0.0,
1,28,2.8000000000000003,104,car,58.28954192972129,-7.379889451051943,2.864279670452757,-0.2302254609223597,4.5,1.8,0.0,15.0,0.0,
1,29,2.9000000000000004,100,car,123.13638561602139,-7.416805871322992,23.534252167461297,-0.13993398845481725,4.5,1.8,0.0,15.0,0.0,
1,29,2.9000000000000004,101,motorcycle,19.454218130873485,9.564026177473888,-8.096941206849323,-0.5542479020004211,2.2,0.8,0.0,15.0,0.0,
1,29,2.9000000000000004,102,car,158.39770763934376,0.5387798064537054,22.452295166459887,-0.9088983942642633,4.5,1.8,0.0,15.0,0.0,
1,29,2.9000000000000004,103,pedestrian,122.46742455320191,-0.9489088964254698,28.281827892421575,-0.21127795074187938,0.5,0.5,0.0,15.0,0.0,
1,29,2.9000000000000004,104,car,58.529757189249324,-7.3364766297201855,2.910911612602313,-0.20602634622478336,4.5,1.8,0.0,15.0,0.0,
1,30,3.0,100,car,125.46372798692705,-7.641568208929914,23.572713977863152,-0.0788475551439376,4.5,1.8,0.0,15.0,0.0,
1,30,3.0,101,motorcycle,18.708979851386953,9.420637144537094,-8.063251487165935,-0.5112214166023488,2.2,0.8,0.0,15.0,0.0,
1,30,3.0,102,car,160.79881878076966,0.3602789746044832,22.44097243723268,-0.8715347917070906,4.5,1.8,0.0,15.0,0.0,
1,30,3.0,103,pedestrian,125.30134834958788,-1.0817694517047853,28.302558706672908,-0.18234486905112104,0.5,0.5,0.0,15.0,0.0,
1,30,3.0,104,car,58.82964464014266,-7.33512077162467,2.8979763175180264,-0.1321123994389804,4.5,1.8,0.0,15.0,0.0,
1,31,3.1,100,car,127.7309301663421,-7.708185040720686,23.57326325353953,-0.034899853758892964,4.5,1.8,0.0,15.0,0.0,
1,31,3.1,101,motorcycle,17.752917385660908,9.238485327900316,-8.165137912552671,-0.5095866553396853,2.2,0.8,0.0,15.0,0.0,
1,31,3.1,102,car,162.9310854427723,0.23467048443198252,22.474041346727265,-0.9036119277462329,4.5,1.8,0.0,15.0,0.0,
1,31,3.1,103,pedestrian,128.15473242252952,-1.1299377293850696,28.33616442242773,-0.1585884656837206,0.5,0.5,0.0,15.0,0.0,
1,31,3.1,104,car,59.050248902277005,-7.365197186908612,2.950163487404051,-0.11244355592627554,4.5,1.8,0.0,15.0,0.0,
1,32,3.2,100,car,129.94856028592093,-7.646113219979437,23.519032722417716,0.03572579973915734,4.5,1.8,0.0,15.0,0.0,
1,32,3.2,101,motorcycle,17.03881347838974,9.216515209958187,-8.157276270380862,-0.5200382681410562,2.2,0.8,0.0,15.0,0.0,
1,32,3.2,102,car,165.24634197258501,0.10723147471115306,22.48581984025926,-0.8600152094202603,4.5,1.8,0.0,15.0,0.0,
1,32,3.2,103,pedestrian,130.93216821041975,-1.2074158499525112,28.276446148391507,-0.2118121029900292,0.5,0.5,0.0,15.0,0.0,
1,32,3.2,104,car,59.16242571987326,-7.303458663599687,3.0406092145081898,-0.04117710875276026,4.5,1.8,0.0,15.0,0.0,
1,33,3.3000000000000003,100,car,132.13785510930006,-7.570055172849901,23.590138039913892,0.012885300702224139,4.5,1.8,0.0,15.0,0.0,
1,33,3.3000000000000003,101,motorcycle,16.23323059441666,8.963722078063613,-8.143939461982031,-0.5732162546127921,2.2,0.8,0.0,15.0,0.0,
1,33,3.3000000000000003,102,car,167.5148874584021,-0.134890338449761,22.51296275148314,-0.8087895756489258,4.5,1.8,0.0,15.0,0.0,
1,33,3.3000000000000003,103,pedestrian,133.68149483908738,-1.3422893183925577,28.168644996264007,-0.22513277969378806,0.5,0.5,0.0,15.0,0.0,
1,33,3.3000000000000003,104,car,59.40832724789592,-7.462678315709769,3.0632601523237986,-0.06367562784599272,4.5,1.8,0.0,15.0,0.0,
1,34,3.4000000000000004,100,car,134.38929531742693,-7.624223883343723,23.643703266860374,0.04303214788998525,4.5,1.8,0.0,15.0,0.0,
1,34,3.4000000000000004,101,motorcycle,15.405834042068609,8.96831095444882,-8.201985059801368,-0.5715977495764406,2.2,0.8,0.0,15.0,0.0,
1,34,3.4000000000000004,102,car,169.78091596659905,-0.2627529468645263,22.534735668281012,-0.8478112483811484,4.5,1.8,0.0,15.0,0.0,
1,34,3.4000000000000004,103,pedestrian,136.5493414094914,-1.3096167192088073,28.022787002229155,-0.16561749451828217,0.5,0.5,0.0,15.0,0.0,
1,34,3.4000000000000004,104,car,59.409890006593024,-7.530650781049981,3.114527554036686,-0.07953996410861475,4.5,1.8,0.0,15.0,0.0,
1,35,3.5,100,car,136.607047045866,-7.729294374726392,23.695048554176406,-0.053043078637446665,4.5,1.8,0.0,15.0,0.0,
1,35,3.5,101,motorcycle,14.698534646184672,8.905640969586948,-8.26160482632349,-0.6007535031915752,2.2,0.8,0.0,15.0,0.0,
1,35,3.5,102,car,171.93266709931697,-0.2609115516167883,22.571357058769156,-0.9337693050749507,4.5,1.8,0.0,15.0,0.0,
1,35,3.5,103,pedestrian,139.3112608978624,-1.4124970348950632,28.087462500652123,-0.23312245042460322,0.5,0.5,0.0,15.0,0.0,
1,35,3.5,104,car,59.8817656724652,-7.541934251412536,3.0564308337176818,-0.11340367330907863,4.5,1.8,0.0,15.0,0.0,
1,36,3.6,100,car,138.89639001720678,-7.862060522791687,23.699789897162926,-0.11443885617203883,4.5,1.8,0.0,15.0,0.0,
1,36,3.6,101,motorcycle,13.654337542678503,8.807597972182972,-8.351747636144385,-0.6383615465949511,2.2,0.8,0.0,15.0,0.0,
1,36,3.6,102,car,174.09889251633356,-0.4414100893268648,22.671405213848665,-0.9309487267164722,4.5,1.8,0.0,15.0,0.0,
1,36,3.6,103,pedestrian,142.14454424882715,-1.613449109571753,28.054764343970277,-0.22235731892752764,0.5,0.5,0.0,15.0,0.0,
1,36,3.6,104,car,60.08495586454567,-7.4624683343916445,2.9962960044226303,-0.12772198010233743,4.5,1.8,0.0,15.0,0.0,
1,37,3.7,100,car,141.20776384292552,-7.8570723424706985,23.667765393570154,-0.1279835375255857,4.5,1.8,0.0,15.0,0.0,
1,37,3.7,101,motorcycle,12.795549769886266,8.670323041784348,-8.327492942719529,-0.6264421278530798,2.2,0.8,0.0,15.0,0.0,
1,37,3.7,102,car,176.3571716431931,-0.5775507953447079,22.711232415374663,-0.9427404389071813,4.5,1.8,0.0,15.0,0.0,
1,37,3.7,103,pedestrian,144.9193509544416,-1.6252158384756932,28.139593678118818,-0.28937512932858783,0.5,0.5,0.0,15.0,0.0,
1,37,3.7,104,car,60.46157115429347,-7.6645576485256885,3.0071596623340615,-0.048967838721900886,4.5,1.8,0.0,15.0,0.0,
1,38,3.8000000000000003,100,car,143.62340723472926,-7.852808188369278,23.63974292013,-0.12643117750115798,4.5,1.8,0.0,15.0,0.0,
1,38,3.8000000000000003,101,motorcycle,11.937594194073979,8.529081168205904,-8.341986723493273,-0.6165230698217579,2.2,0.8,0.0,15.0,0.0,
1,38,3.8000000000000003,102,car,178.55157317787751,-0.7524530213038945,22.643220243495055,-0.9232041876027365,4.5,1.8,0.0,15.0,0.0,
1,38,3.8000000000000003,103,pedestrian,147.78784264845018,-1.6309873069849004,28.187852202755252,-0.28498174747455146,0.5,0.5,0.0,15.0,0.0,
1,38,3.8000000000000003,104,car,60.80148821426345,-7.6390706898341225,3.002582661363151,-0.07550893012838325,4.5,1.8,0.0,15.0,0.0,
1,39,3.9000000000000004,100,car,146.20879678832145,-7.910646404104745,23.60644903457398,-0.10473068632865264,4.5,1.8,0.0,15.0,0.0,
1,39,3.9000000000000004,101,motorcycle,11.128580963254151,8.326949706462695,-8.285852810765086,-0.6212327985892996,2.2,0.8,0.0,15.0,0.0,
1,39,3.9000000000000004,102,car,180.70480209270545,-0.7258950286287806,22.674504022074863,-0.9864312872001322,4.5,1.8,0.0,15.0,0.0,
1,39,3.9000000000000004,103,pedestrian,150.78434615275148,-1.5936057448957361,28.187342396974,-0.2054708071934625,0.5,0.5,0.0,15.0,0.0,
1,39,3.9000000000000004,104,car,61.11767625878273,-7.649429890357363,2.969567655562052,-0.04641640816302932,4.5,1.8,0.0,15.0,0.0,
1,40,4.0,100,car,148.61710198851125,-7.919651458748639,23.5669497168806,-0.09823419362034894,4.5,1.8,0.0,15.0,0.0,
1,40,4.0,101,motorcycle,10.29301580360143,8.131478994730346,-8.359443428331295,-0.5929751296488112,2.2,0.8,0.0,15.0,0.0,
1,40,4.0,102,car,182.71206366340778,-0.8039971046526678,22.65059986918717,-0.9210189568561367,4.5,1.8,0.0,15.0,0.0,
1,40,4.0,103,pedestrian,153.55373357153348,-1.5482044041898928,28.16749670491211,-0.19978339951915533,0.5,0.5,0.0,15.0,0.0,
1,40,4.0,104,car,61.48831667743094,-7.700327102806124,3.019395399786972,-0.09610130201835348,4.5,1.8,0.0,15.0,0.0,
1,41,4.1000000000000005,100,car,151.00325624445514,-7.837210905831888,23.599951591470116,-0.002411949783578421,4.5,1.8,0.0,15.0,0.0,
1,41,4.1000000000000005,101,motorcycle,9.380727529037236,7.9342665566306065,-8.40916018375605,-0.5599530013213894,2.2,0.8,0.0,15.0,0.0,
1,41,4.1000000000000005,102,car,185.02691594375344,-0.8858733343735399,22.594452016731815,-0.8826755921896836,4.5,1.8,0.0,15.0,0.0,
1,41,4.1000000000000005,103,pedestrian,156.24801276425964,-1.4522877859041183,28.310368626069103,-0.18146084219057781,0.5,0.5,0.0,15.0,0.0,
1,41,4.1000000000000005,104,car,61.84856703097541,-7.759223209897516,2.928884733732631,-0.1262372701698646,4.5,1.8,0.0,15.0,0.0,
1,42,4.2,100,car,153.2539618794923,-7.982152558451748,23.6860695885699,0.01123117611771023,4.5,1.8,0.0,15.0,0.0,
1,42,4.2,101,motorcycle,8.577780268723028,7.847369019978843,-8.417803737878222,-0.5117254672094227,2.2,0.8,0.0,15.0,0.0,
1,42,4.2,102,car,187.2831274335571,-0.9210714997900349,22.584651801839563,-0.899783236726286,4.5,1.8,0.0,15.0,0.0,
1,42,4.2,103,pedestrian,158.93835821030638,-1.668208776359889,28.297290531015783,-0.1786360075909162,0.5,0.5,0.0,15.0,0.0,
1,42,4.2,104,car,62.01284250067779,-7.775294423417966,2.9315723618821563,-0.23403767047283358,4.5,1.8,0.0,15.0,0.0,
1,43,4.3,100,car,155.53105637240134,-7.94030305146643,23.705422525039687,-0.046452569702277804,4.5,1.8,0.0,15.0,0.0,
1,43,4.3,101,motorcycle,7.75184469998518,7.898437195793948,-8.378950089928678,-0.5164897565601194,2.2,0.8,0.0,15.0,0.0,
1,43,4.3,102,car,189.49479498240862,-1.073984271896114,22.608042790985046,-0.8900280380691417,4.5,1.8,0.0,15.0,0.0,
1,43,4.3,103,pedestrian,161.83102766401817,-1.6728849958068652,28.338228728533156,-0.17390638094303118,0.5,0.5,0.0,15.0,0.0,
1,43,4.3,104,car,62.384468608479175,-7.711615913428586,2.8913460303709155,-0.3244448728163709,4.5,1.8,0.0,15.0,0.0,
1,44,4.4,100,car,158.05594791050677,-7.9192824353654325,23.61969823026488,-0.08214354456321335,4.5,1.8,0.0,15.0,0.0,
1,44,4.4,101,motorcycle,6.991137120229296,7.818820537024647,-8.404553160894634,-0.44644566354447107,2.2,0.8,0.0,15.0,0.0,
1,44,4.4,102,car,191.65087054686873,-1.2428024114785114,22.61861211473746,-0.8705052914664475,4.5,1.8,0.0,15.0,0.0,
1,44,4.4,103,pedestrian,164.71448484030554,-1.5991518294442737,28.34815765956723,-0.14943718399611072,0.5,0.5,0.0,15.0,0.0,
1,44,4.4,104,car,62.64768228558476,-7.737790570386552,2.896722739373597,-0.3136899660254191,4.5,1.8,0.0,15.0,0.0,
1,45,4.5,100,car,160.49517171429156,-7.87198222162727,23.62190908040989,-0.12259984381026534,4.5,1.8,0.0,15.0,0.0,
1,45,4.5,101,motorcycle,6.157448929946104,7.771374192180626,-8.394894081903974,-0.33611939818745096,2.2,0.8,0.0,15.0,0.0,
1,45,4.5,102,car,193.86035448048835,-1.2876240387126203,22.672035218099673,-0.8656051957614783,4.5,1.8,0.0,15.0,0.0,
1,45,4.5,103,pedestrian,167.78308511817949,-1.6518994770170323,28.364362120683232,-0.18937747124075982,0.5,0.5,0.0,15.0,0.0,
1,45,4.5,104,car,62.90220208600779,-7.744266175949428,2.9390379424889836,-0.2977352243242404,4.5,1.8,0.0,15.0,0.0,
1,46,4.6000000000000005,100,car,162.98327410726603,-7.893738737067564,23.60530065391794,0.012599411553704004,4.5,1.8,0.0,15.0,0.0,
1,46,4.6000000000000005,101,motorcycle,5.35738328669991,7.665814097764026,-8.429607270016378,-0.38325339391401797,2.2,0.8,0.0,15.0,0.0,
1,46,4.6000000000000005,102,car,196.22121493788399,-1.4106222875780923,22.678403341882497,-0.8687806294833917,4.5,1.8,0.0,15.0,0.0,
1,46,4.6000000000000005,103,pedestrian,170.6926705710419,-1.7555116334295102,28.31058350637608,-0.1781626058816801,0.5,0.5,0.0,15.0,0.0,
1,46,4.6000000000000005,104,car,63.25620180872668,-7.740786467072088,2.898565256034117,-0.2638609822196707,4.5,1.8,0.0,15.0,0.0,
1,47,4.7,100,car,165.26941807994825,-7.944632660390832,23.55810297768184,0.07765732898630555,4.5,1.8,0.0,15.0,0.0,
1,47,4.7,101,motorcycle,4.577764713801006,7.687988095940512,-8.367246698959255,-0.2426209315020818,2.2,0.8,0.0,15.0,0.0,
1,47,4.7,102,car,198.3181326616812,-1.5713380086141422,22.64759458767377,-0.9113216106025264,4.5,1.8,0.0,15.0,0.0,
1,47,4.7,103,pedestrian,173.41597059691915,-1.8032932004232147,28.24975332061161,-0.16141048750480944,0.5,0.5,0.0,15.0,0.0,
1,47,4.7,104,car,63.55122816647295,-7.719069698817689,2.92395167861603,-0.23371063954833687,4.5,1.8,0.0,15.0,0.0,
1,48,4.800000000000001,100,car,167.58788748403404,-7.724752587228835,23.569824533505948,-0.015466908644934205,4.5,1.8,0.0,15.0,0.0,
1,48,4.800000000000001,101,motorcycle,3.6408024693284586,7.489675703887523,-8.36637996750169,-0.24871119270474848,2.2,0.8,0.0,15.0,0.0,
1,48,4.800000000000001,102,car,200.53604955065862,-1.4613775584343434,22.675043731377613,-0.8750166925302096,4.5,1.8,0.0,15.0,0.0,
1,48,4.800000000000001,103,pedestrian,176.14783858018612,-1.9193487383067969,28.251593595566458,-0.15276013052219814,0.5,0.5,0.0,15.0,0.0,
1,48,4.800000000000001,104,car,63.657992177623115,-7.760471465057476,2.924655282759705,-0.24446809783689333,4.5,1.8,0.0,15.0,0.0,
1,49,4.9,100,car,169.86353089614997,-7.780252796285442,23.56098157382731,-0.010926907464431816,4.5,1.8,0.0,15.0,0.0,
1,49,4.9,101,motorcycle,2.8646436308333465,7.572890205112135,-8.381097353678053,-0.27151900251051636,2.2,0.8,0.0,15.0,0.0,
1,49,4.9,102,car,202.84731949114982,-1.487794736046279,22.65333370971467,-0.8354970186819011,4.5,1.8,0.0,15.0,0.0,
1,49,4.9,103,pedestrian,179.07095647385836,-1.8054561047931494,28.34050964090245,-0.19608093745517008,0.5,0.5,0.0,15.0,0.0,
1,49,4.9,104,car,63.95184752683233,-7.783790505179299,2.91975160433308,-0.27693124381740014,4.5,1.8,0.0,15.0,0.0,
1,50,5.0,100,car,172.07107285320959,-7.772077542428985,23.522563790849915,-0.006627233427050566,4.5,1.8,0.0,15.0,0.0,
1,50,5.0,101,motorcycle,1.9471295412956562,7.43577247027665,-8.369382435659208,-0.2639729261701916,2.2,0.8,0.0,15.0,0.0,
1,50,5.0,102,car,205.17058105925338,-1.3527580612727066,22.66719818627521,-0.8112429303286945,4.5,1.8,0.0,15.0,0.0,
1,50,5.0,103,pedestrian,181.79725130506188,-1.9537549425923038,28.419651113241116,-0.24225492645183527,0.5,0.5,0.0,15.0,0.0,
1,50,5.0,104,car,64.13942828011876,-7.815393521682694,2.9152419836642105,-0.3220565691395647,4.5,1.8,0.0,15.0,0.0,
1,51,5.1000000000000005,100,car,174.39283191042327,-7.649802694006679,23.482264110408327,-0.07631085764535915,4.5,1.8,0.0,15.0,0.0,
1,51,5.1000000000000005,101,motorcycle,1.2044506598197147,7.458604868853435,-8.400408366691641,-0.34308127697653745,2.2,0.8,0.0,15.0,0.0,
1,51,5.1000000000000005,102,car,207.36283854223703,-1.4393527979905032,22.7254817907694,-0.8630720290721774,4.5,1.8,0.0,15.0,0.0,
1,51,5.1000000000000005,103,pedestrian,184.63076442823484,-1.9104659692479975,28.30058774623502,-0.19056561805489028,0.5,0.5,0.0,15.0,0.0,
1,51,5.1000000000000005,104,car,64.31270742126453,-7.814399629250957,2.9275761411447476,-0.26782724956637244,4.5,1.8,0.0,15.0,0.0,
1,52,5.2,100,car,176.79615075955346,-7.895162828944213,23.443025148050527,-0.06940060117769514,4.5,1.8,0.0,15.0,0.0,
1,52,5.2,101,motorcycle,0.34491183453857177,7.472057814131459,-8.360940038908156,-0.3126586901550535,2.2,0.8,0.0,15.0,0.0,
1,52,5.2,102,car,209.61395922705853,-1.710293702009769,22.702707728326658,-0.8422536216652297,4.5,1.8,0.0,15.0,0.0,
1,52,5.2,103,pedestrian,187.3517784776033,-1.8663950580413289,28.346007411098388,-0.18422226924009816,0.5,0.5,0.0,15.0,0.0,
1,52,5.2,104,car,64.29908704874778,-7.968991190478774,3.0218855990725517,-0.2951541392177913,4.5,1.8,0.0,15.0,0.0,
1,53,5.300000000000001,100,car,178.9420389520456,-7.778578150230955,23.443692927627712,-0.014153576729808867,4.5,1.8,0.0,15.0,0.0,
1,53,5.300000000000001,101,motorcycle,-0.46348630183030737,7.48664785873717,-8.34278957652243,-0.2777842745590035,2.2,0.8,0.0,15.0,0.0,
1,53,5.300000000000001,102,car,212.1119730447468,-1.6974184305803732,22.623690762434382,-0.8199205459012845,4.5,1.8,0.0,15.0,0.0,
1,53,5.300000000000001,103,pedestrian,190.30052729552347,-1.764547204311724,28.324677161945434,-0.12597504698069178,0.5,0.5,0.0,15.0,0.0,
1,53,5.300000000000001,104,car,64.69404984861015,-7.741254860703581,2.984385512260126,-0.3205241680378126,4.5,1.8,0.0,15.0,0.0,
1,54,5.4,100,car,181.2557963399624,-7.829015722907814,23.39919189013953,-0.15228735201349602,4.5,1.8,0.0,15.0,0.0,
1,54,5.4,101,motorcycle,-1.3412352068548639,7.495805237251259,-8.367450668797725,-0.181015215382548,2.2,0.8,0.0,15.0,0.0,
1,54,5.4,102,car,214.37567970226183,-1.650307579652088,22.63676178307088,-0.7786001804066216,4.5,1.8,0.0,15.0,0.0,
1,54,5.4,103,pedestrian,193.16091916711136,-1.6402662458194368,28.327474129452053,-0.1011690115762525,0.5,0.5,0.0,15.0,0.0,
1,54,5.4,104,car,65.02912169320116,-7.802135823320094,3.0046346282063596,-0.20880485572792848,4.5,1.8,0.0,15.0,0.0,
1,55,5.5,100,car,183.5686758347668,-7.802297968823839,23.462080837683,-0.09527468796628201,4.5,1.8,0.0,15.0,0.0,
1,55,5.5,101,motorcycle,-2.1768086319627,7.239364845417268,-8.3416155278653,-0.29198892831370066,2.2,0.8,0.0,15.0,0.0,
1,55,5.5,102,car,216.78634960366304,-1.7112202105734242,22.68674548406448,-0.8237057373156742,4.5,1.8,0.0,15.0,0.0,
1,55,5.5,103,pedestrian,195.83841583272655,-1.6243077085629454,28.325793957454245,-0.12574605288411078,0.5,0.5,0.0,15.0,0.0,
1,55,5.5,104,car,65.33805128409507,-7.54627271968966,3.0463609055748124,-0.15632992543476254,4.5,1.8,0.0,15.0,0.0,
1,56,5.6000000000000005,100,car,185.99927760769043,-7.663879223235249,23.452577254037962,-0.1980127533500467,4.5,1.8,0.0,15.0,0.0,
1,56,5.6000000000000005,101,motorcycle,-3.029828798049831,7.291339523585548,-8.390105547621054,-0.30080722583816716,2.2,0.8,0.0,15.0,0.0,
1,56,5.6000000000000005,102,car,218.98584717776924,-1.6433878591206785,22.72421833483481,-0.7911287062834762,4.5,1.8,0.0,15.0,0.0,
1,56,5.6000000000000005,103,pedestrian,198.73315535978406,-1.6406072391065691,28.33567177158062,-0.18500528191072665,0.5,0.5,0.0,15.0,0.0,
1,56,5.6000000000000005,104,car,65.4240431767775,-7.546897599198633,3.06256041838842,-0.09586669701349365,4.5,1.8,0.0,15.0,0.0,
1,57,5.7,100,car,188.50166891470246,-7.526680650070359,23.402676074373268,-0.21562600509753516,4.5,1.8,0.0,15.0,0.0,
1,57,5.7,101,motorcycle,-3.8208059232237983,7.514449268775949,-8.316100587435358,-0.24483736773824816,2.2,0.8,0.0,15.0,0.0,
1,57,5.7,102,car,221.21949021569782,-1.8108206928645387,22.763663729003973,-0.8461617694951942,4.5,1.8,0.0,15.0,0.0,
1,57,5.7,103,pedestrian,201.54287890184412,-1.670585562197834,28.41531737603676,-0.20274014705871052,0.5,0.5,0.0,15.0,0.0,
1,57,5.7,104,car,65.48637425475907,-7.506039804133736,3.0276093257332235,-0.09373514579160631,4.5,1.8,0.0,15.0,0.0,
1,58,5.800000000000001,100,car,190.8332660520556,-7.575613650161889,23.442193103462504,-0.29226924901517054,4.5,1.8,0.0,15.0,0.0,
1,58,5.800000000000001,101,motorcycle,-4.70411740446277,7.558369323313862,-8.346804826202575,-0.32527770320174676,2.2,0.8,0.0,15.0,0.0,
1,58,5.800000000000001,102,car,223.56271212292387,-1.7831274067699043,22.761413968621824,-0.9442040494186708,4.5,1.8,0.0,15.0,0.0,
1,58,5.800000000000001,103,pedestrian,204.45500761411768,-1.856848365045674,28.430757339879168,-0.2471133382958185,0.5,0.5,0.0,15.0,0.0,
1,58,5.800000000000001,104,car,65.6731512587557,-7.559604320420866,3.0184444479118606,-0.12594555831092874,4.5,1.8,0.0,15.0,0.0,
1,59,5.9,100,car,193.23635569022338,-7.64944751290929,23.491202647046094,-0.2782105907329966,4.5,1.8,0.0,15.0,0.0,
1,59,5.9,101,motorcycle,-5.6085536077426585,7.439247564610459,-8.429179641154947,-0.31074104430840566,2.2,0.8,0.0,15.0,0.0,
1,59,5.9,102,car,225.80339476506092,-2.114767364518123,22.734628224983354,-0.9892557508814184,4.5,1.8,0.0,15.0,0.0,
1,59,5.9,103,pedestrian,207.45565110732267,-2.0518375600645866,28.358689799892467,-0.1916148561405335,0.5,0.5,0.0,15.0,0.0,
1,59,5.9,104,car,66.11067201929328,-7.646697170124523,2.986840156771415,-0.0951337884832631,4.5,1.8,0.0,15.0,0.0,
1,60,6.0,100,car,195.35276597523344,-7.863387940433145,23.47716597700356,-0.20071606242654028,4.5,1.8,0.0,15.0,0.0,
1,60,6.0,101,motorcycle,-6.495044580674827,7.418267139353134,-8.372490177526746,-0.20539680764449836,2.2,0.8,0.0,15.0,0.0,
1,60,6.0,102,car,228.01917274024444,-2.2153766119796074,22.825730986050495,-1.0653657146409898,4.5,1.8,0.0,15.0,0.0,
1,60,6.0,103,pedestrian,210.3942781943673,-2.172830598914766,28.363813418247624,-0.20374580851054722,0.5,0.5,0.0,15.0,0.0,
1,60,6.0,104,car,66.31355487490029,-7.754520741738677,3.000660874984103,-0.045356822075128984,4.5,1.8,0.0,15.0,0.0,
1,61,6.1000000000000005,100,car,197.68750895261493,-7.8764482308024775,23.50572468031811,-0.24929700107718827,4.5,1.8,0.0,15.0,0.0,
1,61,6.1000000000000005,101,motorcycle,-7.25832434758621,7.479661768294659,-8.242308862589226,-0.22420201717247748,2.2,0.8,0.0,15.0,0.0,
1,61,6.1000000000000005,102,car,230.25593765868268,-2.245016596286332,22.8666861944961,-1.0921200723098254,4.5,1.8,0.0,15.0,0.0,
1,61,6.1000000000000005,103,pedestrian,213.19034326849905,-2.1390920959440165,28.32243420621089,-0.22427250791129796,0.5,0.5,0.0,15.0,0.0,
1,61,6.1000000000000005,104,car,66.62258023913554,-7.659462555463964,2.970430944175126,-0.1374760451766626,4.5,1.8,0.0,15.0,0.0,
1,62,6.2,100,car,199.84642167389492,-8.027319237580809,23.440066294408112,-0.2570275390081837,4.5,1.8,0.0,15.0,0.0,
1,62,6.2,101,motorcycle,-8.201443249204893,7.386966070595291,-8.281013156838329,-0.24622741021487715,2.2,0.8,0.0,15.0,0.0,
1,62,6.2,102,car,232.6748567112846,-2.2880338445742625,22.8674926652599,-1.1151713863388673,4.5,1.8,0.0,15.0,0.0,
1,62,6.2,103,pedestrian,215.97926342345784,-2.128744699739951,28.351642659878504,-0.269653383216328,0.5,0.5,0.0,15.0,0.0,
1,62,6.2,104,car,66.92327140911449,-7.876372116847933,2.9810166333836556,-0.09936858307872828,4.5,1.8,0.0,15.0,0.0,
1,63,6.300000000000001,100,car,202.16242144064765,-7.871369291867616,23.39600437203631,-0.24615551824302065,4.5,1.8,0.0,15.0,0.0,
1,63,6.300000000000001,101,motorcycle,-9.033127039555321,7.352313562829462,-8.286729265238566,-0.24087215871440357,2.2,0.8,0.0,15.0,0.0,
1,63,6.300000000000001,102,car,235.04640185215698,-2.261777359580675,22.86738015303469,-1.0744055827302856,4.5,1.8,0.0,15.0,0.0,
1,63,6.300000000000001,103,pedestrian,218.74425099481903,-2.0791144927889604,28.313543083687154,-0.21512038641192138,0.5,0.5,0.0,15.0,0.0,
1,63,6.300000000000001,104,car,67.44243716019218,-7.898517363952945,2.8713894588432853,-0.12677222974096944,4.5,1.8,0.0,15.0,0.0,
1,64,6.4,100,car,204.6252093912802,-7.840677164989393,23.40845005197006,-0.19572210044527868,4.5,1.8,0.0,15.0,0.0,
1,64,6.4,101,motorcycle,-9.813354622154336,7.449998865703135,-8.240758081406216,-0.16478713607755563,2.2,0.8,0.0,15.0,0.0,
1,64,6.4,102,car,237.36901947585105,-2.278691977704308,22.8520237993804,-1.104478623308236,4.5,1.8,0.0,15.0,0.0,
1,64,6.4,103,pedestrian,221.74628206722963,-2.0790060637978836,28.353787111980274,-0.20893338569135186,0.5,0.5,0.0,15.0,0.0,
1,64,6.4,104,car,67.67092454098452,-7.910096297668802,2.943189159731671,-0.09901022602699824,4.5,1.8,0.0,15.0,0.0,
1,65,6.5,100,car,206.79490708050415,-7.881773820691536,23.497564741605295,-0.20641194353777648,4.5,1.8,0.0,15.0,0.0,
1,65,6.5,101,motorcycle,-10.817478299468375,7.622825040637634,-8.206638455915577,-0.16828777901819564,2.2,0.8,0.0,15.0,0.0,
1,65,6.5,102,car,239.61708008218088,-2.2809046470559577,22.824924629369093,-1.0470658020824366,4.5,1.8,0.0,15.0,0.0,
1,65,6.5,103,pedestrian,224.63588030700006,-2.0754312098182837,28.361062852247056,-0.21768178752706077,0.5,0.5,0.0,15.0,0.0,
1,65,6.5,104,car,68.06980746897861,-8.006531603481685,2.8620929033901605,-0.06828821988237452,4.5,1.8,0.0,15.0,0.0,
1,66,6.6000000000000005,100,car,209.2077873874714,-7.854390899794137,23.5179511600862,-0.22243896245465386,4.5,1.8,0.0,15.0,0.0,
1,66,6.6000000000000005,101,motorcycle,-11.55939387462138,7.601440450060361,-8.230994133956337,-0.18388234463096564,2.2,0.8,0.0,15.0,0.0,
1,66,6.6000000000000005,102,car,242.10163651499536,-2.559108835468745,22.849914034583882,-1.1310213234636224,4.5,1.8,0.0,15.0,0.0,
1,66,6.6000000000000005,103,pedestrian,227.46116325839247,-2.1405621370864085,28.256811437413063,-0.19822990800537263,0.5,0.5,0.0,15.0,0.0,
1,66,6.6000000000000005,104,car,68.3180129530984,-8.223281059726048,2.904071307928873,0.003462089017072234,4.5,1.8,0.0,15.0,0.0,
1,67,6.7,100,car,211.70859493770968,-7.840739151974455,23.520254067015053,-0.15603113140986402,4.5,1.8,0.0,15.0,0.0,
1,67,6.7,101,motorcycle,-12.214254929483003,7.696409085884826,-8.278071014067827,-0.17381510197021954,2.2,0.8,0.0,15.0,0.0,
1,67,6.7,102,car,244.4305795328829,-2.8531726647068303,22.873382067564922,-1.017371732164653,4.5,1.8,0.0,15.0,0.0,
1,67,6.7,103,pedestrian,230.3508380187139,-2.0130438197427702,28.2659571739195,-0.2018908242045637,0.5,0.5,0.0,15.0,0.0,
1,67,6.7,104,car,68.64654722289939,-8.304517515622784,2.8558825485671537,0.06677731687554052,4.5,1.8,0.0,15.0,0.0,
1,68,6.800000000000001,100,car,214.19785457869784,-7.955452896674177,23.568654007242746,-0.16037913019016506,4.5,1.8,0.0,15.0,0.0,
1,68,6.800000000000001,101,motorcycle,-13.008081173440743,7.725049439631311,-8.228353490661611,-0.1696791918770601,2.2,0.8,0.0,15.0,0.0,
1,68,6.800000000000001,102,car,246.85893393916956,-2.923968553947303,22.9045912811884,-1.0590348617415153,4.5,1.8,0.0,15.0,0.0,
1,68,6.800000000000001,103,pedestrian,233.3932996371763,-1.98625040984273,28.301607045186753,-0.2823001147651408,0.5,0.5,0.0,15.0,0.0,
1,68,6.800000000000001,104,car,68.8498652754482,-8.174051415143357,2.870227104481784,-0.028911669865905792,4.5,1.8,0.0,15.0,0.0,
1,69,6.9,100,car,216.6585489723205,-8.025869090128467,23.63921985653658,-0.16477091412035005,4.5,1.8,0.0,15.0,0.0,
1,69,6.9,101,motorcycle,-13.81044585390485,7.82597697830277,-8.273228139204344,-0.21932153226875709,2.2,0.8,0.0,15.0,0.0,
1,69,6.9,102,car,249.1297432252486,-2.9471547601593326,22.838047418557725,-1.14243659173597,4.5,1.8,0.0,15.0,0.0,
1,69,6.9,103,pedestrian,236.30583243439938,-2.0747782525759444,28.281995744540737,-0.3751406348621491,0.5,0.5,0.0,15.0,0.0,
1,69,6.9,104,car,69.06899005446118,-8.177699311793061,2.9167459973629284,-0.06747317817763773,4.5,1.8,0.0,15.0,0.0,
1,70,7.0,100,car,219.18820856999739,-8.110801783958483,23.605065266457324,-0.08790303652545994,4.5,1.8,0.0,15.0,0.0,
1,70,7.0,101,motorcycle,-14.616622652588893,7.748842352174736,-8.280984795763374,-0.15166785339165412,2.2,0.8,0.0,15.0,0.0,
1,70,7.0,102,car,251.56016824906692,-3.143077737259955,22.83592572805377,-1.1379287503525914,4.5,1.8,0.0,15.0,0.0,
1,70,7.0,103,pedestrian,239.03540799780177,-2.1178608213271586,28.282261887563322,-0.3181301609153123,0.5,0.5,0.0,15.0,0.0,
1,70,7.0,104,car,69.4814071570286,-8.217367569446726,2.906048340169888,-0.034258563074855954,4.5,1.8,0.0,15.0,0.0,
1,71,7.1000000000000005,100,car,221.49019625175043,-8.06072807243729,23.600669942088864,-0.13637296541239097,4.5,1.8,0.0,15.0,0.0,
1,71,7.1000000000000005,101,motorcycle,-15.540404803453194,7.878381436438682,-8.28880586972054,-0.06965014869673856,2.2,0.8,0.0,15.0,0.0,
1,71,7.1000000000000005,102,car,253.79239719580082,-3.227750092182065,22.95555956420468,-1.1907980875857553,4.5,1.8,0.0,15.0,0.0,
1,71,7.1000000000000005,103,pedestrian,241.67385273656814,-2.0210148242899666,28.240921432293668,-0.319165479120624,0.5,0.5,0.0,15.0,0.0,
1,71,7.1000000000000005,104,car,69.71342017000043,-8.19397714765868,2.858521529810601,-0.04325556746902126,4.5,1.8,0.0,15.0,0.0,
1,72,7.2,100,car,223.89524477861497,-8.175196257605954,23.56566574060657,-0.15374210709231756,4.5,1.8,0.0,15.0,0.0,
1,72,7.2,101,motorcycle,-16.512166933847876,7.829160323289133,-8.282866042725393,-0.08962759577615999,2.2,0.8,0.0,15.0,0.0,
1,72,7.2,102,car,256.0608155029281,-3.3488200680312987,22.922772391083065,-1.1562449592924116,4.5,1.8,0.0,15.0,0.0,
1,72,7.2,103,pedestrian,244.64154269227768,-2.0993694114215735,28.265181343867553,-0.33114633689235634,0.5,0.5,0.0,15.0,0.0,
1,72,7.2,104,car,70.03582105748535,-8.041724751285257,2.883954506961506,-0.13192629440950532,4.5,1.8,0.0,15.0,0.0,
1,73,7.300000000000001,100,car,226.2972109158203,-8.067284093984284,23.554585932106665,-0.10396036678642594,4.5,1.8,0.0,15.0,0.0,
1,73,7.300000000000001,101,motorcycle,-17.40946509223561,7.671643647759289,-8.275807591783762,-0.1774514318134757,2.2,0.8,0.0,15.0,0.0,
1,73,7.300000000000001,102,car,258.3291156407471,-3.3357603376959895,22.827284245795752,-1.2202197990881065,4.5,1.8,0.0,15.0,0.0,
1,73,7.300000000000001,103,pedestrian,247.36485760214828,-2.1388160310819053,28.246895504585243,-0.26118951780755195,0.5,0.5,0.0,15.0,0.0,
1,73,7.300000000000001,104,car,70.41965134109067,-8.005390086119348,2.8912360226787,-0.11226480556026396,4.5,1.8,0.0,15.0,0.0,
1,74,7.4,100,car,228.56647127349964,-7.991959095307266,23.498983719388704,-0.06219151709131439,4.5,1.8,0.0,15.0,0.0,
1,74,7.4,101,motorcycle,-18.1184316012021,7.67498496478675,-8.284618244731861,-0.15743593639799203,2.2,0.8,0.0,15.0,0.0,
1,74,7.4,102,car,260.3256922283166,-3.427556495756254,22.821616545903762,-1.222751204740956,4.5,1.8,0.0,15.0,0.0,
1,74,7.4,103,pedestrian,250.26020040389656,-2.1724118750191335,28.189885161752684,-0.26825965134882085,0.5,0.5,0.0,15.0,0.0,
1,74,7.4,104,car,70.71553049176661,-8.005123175517273,2.899331991042953,-0.06029635331433629,4.5,1.8,0.0,15.0,0.0,
1,75,7.5,100,car,230.8077661901351,-7.980608201399912,23.563480204319617,-0.14892209193817416,4.5,1.8,0.0,15.0,0.0,
1,75,7.5,101,motorcycle,-18.928928757597284,7.600703520949647,-8.303153763955518,-0.20267631155871313,2.2,0.8,0.0,15.0,0.0,
1,75,7.5,102,car,262.5908988113369,-3.365706054787659,22.7583950278449,-1.2812317048648976,4.5,1.8,0.0,15.0,0.0,
1,75,7.5,103,pedestrian,252.94899546305547,-2.026496011491205,28.16676817647662,-0.26954160436620456,0.5,0.5,0.0,15.0,0.0,
1,75,7.5,104,car,70.96518539676029,-8.105595098689015,2.887574458712231,0.06261582697249171,4.5,1.8,0.0,15.0,0.0,
1,76,7.6000000000000005,100,car,233.3033213026645,-8.080794192372958,23.595858909472703,-0.19049823057149298,4.5,1.8,0.0,15.0,0.0,
1,76,7.6000000000000005,101,motorcycle,-19.936880897877458,7.682386981560239,-8.24514912162334,-0.15037369900631817,2.2,0.8,0.0,15.0,0.0,
1,76,7.6000000000000005,102,car,264.8197517891994,-3.5105067986743475,22.79588330552781,-1.2616569029974922,4.5,1.8,0.0,15.0,0.0,
1,76,7.6000000000000005,103,pedestrian,255.72630853357344,-2.215357353939642,28.17246193618372,-0.2155911224043989,0.5,0.5,0.0,15.0,0.0,
1,76,7.6000000000000005,104,car,71.1341840137281,-8.035457577824168,2.904151543468916,0.1001232401341084,4.5,1.8,0.0,15.0,0.0,
1,77,7.7,100,car,235.75010474358368,-8.169290539622642,23.515010939464457,-0.21717420685563696,4.5,1.8,0.0,15.0,0.0,
1,77,7.7,101,motorcycle,-20.672483078287094,7.61314922130701,-8.279851287816223,-0.2414412161025501,2.2,0.8,0.0,15.0,0.0,
1,77,7.7,102,car,267.2746048752073,-3.5541011248315657,22.834378104591547,-1.2132706336585186,4.5,1.8,0.0,15.0,0.0,
1,77,7.7,103,pedestrian,258.60122556334613,-2.2613493516980347,28.16427373097761,-0.23696934063400515,0.5,0.5,0.0,15.0,0.0,
1,77,7.7,104,car,71.68807324351648,-7.969854050680812,2.880961521401344,0.12339807884242239,4.5,1.8,0.0,15.0,0.0,
1,78,7.800000000000001,100,car,238.0005189457445,-8.040557288449282,23.4819574846741,-0.19211993522451368,4.5,1.8,0.0,15.0,0.0,
1,78,7.800000000000001,101,motorcycle,-21.393870444094404,7.627481954117254,-8.275127788225241,-0.24090111185974933,2.2,0.8,0.0,15.0,0.0,
1,78,7.800000000000001,102,car,269.5523985759777,-3.733098037090168,22.81190393310306,-1.139291114975972,4.5,1.8,0.0,15.0,0.0,
1,78,7.800000000000001,103,pedestrian,261.4067992731754,-2.3636259126997126,28.138458851134533,-0.181950806599144,0.5,0.5,0.0,15.0,0.0,
1,78,7.800000000000001,104,car,72.04373005897305,-7.901481324973345,2.868085461455854,0.15206620235106966,4.5,1.8,0.0,15.0,0.0,
1,79,7.9,100,car,240.28435858171684,-8.085730685106311,23.53044770904369,-0.14840605127856046,4.5,1.8,0.0,15.0,0.0,
1,79,7.9,101,motorcycle,-22.31957420751201,7.517839197640421,-8.269692680584571,-0.15459449312627382,2.2,0.8,0.0,15.0,0.0,
1,79,7.9,102,car,271.6420324528411,-3.8191938546307145,22.743101766524404,-1.1710076646522491,4.5,1.8,0.0,15.0,0.0,
1,79,7.9,103,pedestrian,264.1842023164824,-2.4238718277033158,28.111769054151573,-0.1815904535803255,0.5,0.5,0.0,15.0,0.0,
1,79,7.9,104,car,72.27701304845557,-8.032520443223653,2.907078942081993,0.18970981070851367,4.5,1.8,0.0,15.0,0.0,
1,80,8.0,100,car,242.72172078362348,-8.254644739860575,23.545393616672897,-0.11460710848821429,4.5,1.8,0.0,15.0,0.0,
1,80,8.0,101,motorcycle,-23.249663682414422,7.5032970731460065,-8.275506012850089,-0.06248696019786064,2.2,0.8,0.0,15.0,0.0,
1,80,8.0,102,car,274.1087922331948,-4.1027302604289595,22.867798116810803,-1.2167689507099153,4.5,1.8,0.0,15.0,0.0,
1,80,8.0,103,pedestrian,267.0934465513303,-2.3449810749749753,28.061984542809483,-0.15692706388837055,0.5,0.5,0.0,15.0,0.0,
1,80,8.0,104,car,72.55696756823717,-7.958116461689563,2.9186125572010244,0.24952678497702602,4.5,1.8,0.0,15.0,0.0,
1,81,8.1,100,car,245.08380009960538,-8.282892857652028,23.600196828325757,-0.08558731024528413,4.5,1.8,0.0,15.0,0.0,
1,81,8.1,101,motorcycle,-24.00403294426734,7.430589709900361,-8.327769151920013,-0.09087306736049572,2.2,0.8,0.0,15.0,0.0,
1,81,8.1,102,car,276.33348990630776,-4.145787228634659,22.916597319325504,-1.2245254651865354,4.5,1.8,0.0,15.0,0.0,
1,81,8.1,103,pedestrian,270.0427369074937,-2.2238268419872997,28.07415448862951,-0.19802165246552256,0.5,0.5,0.0,15.0,0.0,
1,81,8.1,104,car,73.00636648890082,-7.939265518294702,2.9249208170225733,0.2325465336966976,4.5,1.8,0.0,15.0,0.0,
1,82,8.200000000000001,100,car,247.35484074980826,-8.438315531708087,23.63184024450362,-0.12475736294011515,4.5,1.8,0.0,15.0,0.0,
1,82,8.200000000000001,101,motorcycle,-24.53085673655966,7.312895044903064,-8.390638275669081,-0.06536613157982366,2.2,0.8,0.0,15.0,0.0,
1,82,8.200000000000001,102,car,278.77808098613707,-4.26178080945899,22.945209440334867,-1.3167028360594708,4.5,1.8,0.0,15.0,0.0,
1,82,8.200000000000001,103,pedestrian,272.7824012017875,-2.3509905801476085,27.979402196132117,-0.19217264076432822,0.5,0.5,0.0,15.0,0.0,
1,82,8.200000000000001,104,car,73.07457580844205,-8.048230461533777,2.8980611273219026,0.19098224189914376,4.5,1.8,0.0,15.0,0.0,
1,83,8.3,100,car,249.75766562447933,-8.420233248811849,23.676530181800395,-0.08713817630448124,4.5,1.8,0.0,15.0,0.0,
1,83,8.3,101,motorcycle,-25.25583928519043,7.306166591744176,-8.375464930628247,-0.03979044648386409,2.2,0.8,0.0,15.0,0.0,
1,83,8.3,102,car,281.08676759990965,-4.433170524056645,22.92858731361788,-1.3575807559759692,4.5,1.8,0.0,15.0,0.0,
1,83,8.3,103,pedestrian,275.6225031043917,-2.379609361632557,27.94624350860028,-0.22528488173055786,0.5,0.5,0.0,15.0,0.0,
1,83,8.3,104,car,73.24334204839596,-7.931248103220143,2.901992010798492,0.14784224092048026,4.5,1.8,0.0,15.0,0.0,
1,84,8.4,100,car,252.2061734176196,-8.484991947421735,23.60620515044978,-0.03607706184352459,4.5,1.8,0.0,15.0,0.0,
1,84,8.4,101,motorcycle,-26.147095477209866,7.26129763807491,-8.373405929610788,0.01733901465564166,2.2,0.8,0.0,15.0,0.0,
1,84,8.4,102,car,283.3816300603581,-4.6888403122687645,22.955781163823488,-1.3818302421890554,4.5,1.8,0.0,15.0,0.0,
1,84,8.4,103,pedestrian,278.60591985240467,-2.402249822005402,27.834491733705345,-0.20741663312277417,0.5,0.5,0.0,15.0,0.0,
1,84,8.4,104,car,73.72800102870183,-7.758871850273556,2.99353972523632,0.09685423165140708,4.5,1.8,0.0,15.0,0.0,
1,85,8.5,100,car,254.65800917226227,-8.560799107579758,23.617419620420627,-0.09972468328051122,4.5,1.8,0.0,15.0,0.0,
1,85,8.5,101,motorcycle,-27.04888164665922,7.1954068698041125,-8.328478165603658,0.05737497073912443,2.2,0.8,0.0,15.0,0.0,
1,85,8.5,102,car,285.7048901496735,-4.9620654782932085,22.940199192126002,-1.4191360663361916,4.5,1.8,0.0,15.0,0.0,
1,85,8.5,103,pedestrian,281.47633660144464,-2.3051730000359605,27.88731101300689,-0.2451776040936252,0.5,0.5,0.0,15.0,0.0,
1,85,8.5,104,car,73.7534016889965,-7.92588261692142,3.0646210741404305,0.07679148468541588,4.5,1.8,0.0,15.0,0.0,
1,86,8.6,100,car,256.94467867247783,-8.406505546564185,23.680677617695043,-0.09850224718452188,4.5,1.8,0.0,15.0,0.0,
1,86,8.6,101,motorcycle,-27.911069772325984,7.187934245596712,-8.317120025684284,0.13737733480510483,2.2,0.8,0.0,15.0,0.0,
1,86,8.6,102,car,288.0411568113098,-5.031376181622914,22.998662697579512,-1.4776198663874125,4.5,1.8,0.0,15.0,0.0,
1,86,8.6,103,pedestrian,284.3405538919927,-2.359147635911484,27.76150625321825,-0.3515860811929158,0.5,0.5,0.0,15.0,0.0,
1,86,8.6,104,car,73.95805203525869,-7.86508114559362,3.0703110524074453,0.08600982004419909,4.5,1.8,0.0,15.0,0.0,
1,87,8.700000000000001,100,car,259.50784078251604,-8.543264732768618,23.679305949985856,-0.0832804710438311,4.5,1.8,0.0,15.0,0.0,
1,87,8.700000000000001,101,motorcycle,-28.816409086548244,7.204504653585517,-8.397117492388501,0.20787264566885622,2.2,0.8,0.0,15.0,0.0,
1,87,8.700000000000001,102,car,290.2728616258147,-4.975998151783805,22.99703898138364,-1.4262171881174532,4.5,1.8,0.0,15.0,0.0,
1,87,8.700000000000001,103,pedestrian,287.11137423041544,-2.3973806272568283,27.73230478655715,-0.34562988472460193,0.5,0.5,0.0,15.0,0.0,
1,87,8.700000000000001,104,car,74.29688300994083,-7.934906014480719,3.0640588316144513,0.0555048767413434,4.5,1.8,0.0,15.0,0.0,
1,88,8.8,100,car,262.1057377844761,-8.560565856864162,23.756567557570683,-0.09306158758421551,4.5,1.8,0.0,15.0,0.0,
1,88,8.8,101,motorcycle,-29.630192071633605,7.0931555109878754,-8.419471121981895,0.21839937920831856,2.2,0.8,0.0,15.0,0.0,
1,88,8.8,102,car,292.73116590704905,-5.096421592827923,23.06622499944329,-1.3941807326073072,4.5,1.8,0.0,15.0,0.0,
1,88,8.8,103,pedestrian,290.0473448430176,-2.437847837459794,27.85181592208974,-0.3698996948703081,0.5,0.5,0.0,15.0,0.0,
1,88,8.8,104,car,74.5266427096825,-8.050360811775487,3.180610065192355,0.09647725537223828,4.5,1.8,0.0,15.0,0.0,
1,89,8.9,100,car,264.44798246689516,-8.444969745935234,23.79095216682657,0.0052447859845640155,4.5,1.8,0.0,15.0,0.0,
1,89,8.9,101,motorcycle,-30.626922467105786,7.088459438077281,-8.442597191179036,0.11971524538788848,2.2,0.8,0.0,15.0,0.0,
1,89,8.9,102,car,295.14382112747137,-5.26287932166899,23.103206559692616,-1.2761921358908266,4.5,1.8,0.0,15.0,0.0,
1,89,8.9,103,pedestrian,292.7972020660438,-2.5169531052125405,27.857749130575943,-0.3205373272211376,0.5,0.5,0.0,15.0,0.0,
1,89,8.9,104,car,74.78803241367072,-8.103809245951476,3.2334695287044233,0.11540922156414006,4.5,1.8,0.0,15.0,0.0,
1,90,9.0,100,car,266.62260485727734,-8.566984447283687,23.86601396001793,0.025341200138504643,4.5,1.8,0.0,15.0,0.0,
1,90,9.0,101,motorcycle,-31.547401779327416,7.083389996892572,-8.441935357538952,0.15650191340189668,2.2,0.8,0.0,15.0,0.0,
1,90,9.0,102,car,297.3183154439547,-5.474593449125118,23.116854347435787,-1.281183864915599,4.5,1.8,0.0,15.0,0.0,
1,90,9.0,103,pedestrian,295.64016289736503,-2.6719575776706144,27.87560556438951,-0.265958146252264,0.5,0.5,0.0,15.0,0.0,
1,90,9.0,104,car,75.16006122125609,-8.078357149818903,3.228675348576125,0.07366666392556497,4.5,1.8,0.0,15.0,0.0,
1,91,9.1,100,car,269.0020063940351,-8.438479741981796,23.860062534687923,-0.019148999328915863,4.5,1.8,0.0,15.0,0.0,
1,91,9.1,101,motorcycle,-32.44082002395785,7.119125217960355,-8.460611057397994,0.18076707755505372,2.2,0.8,0.0,15.0,0.0,
1,91,9.1,102,car,299.6822852547732,-5.513813517576214,23.18803232104904,-1.231390928696981,4.5,1.8,0.0,15.0,0.0,
1,91,9.1,103,pedestrian,298.3342995473892,-2.7889068369534677,27.87181699056652,-0.28851691411423475,0.5,0.5,0.0,15.0,0.0,
1,91,9.1,104,car,75.3690960834176,-8.115159662843645,3.2049497018951727,0.04007427693750467,4.5,1.8,0.0,15.0,0.0,
1,92,9.200000000000001,100,car,271.3564336988884,-8.322549556882855,23.870024436750384,0.10444145447385761,4.5,1.8,0.0,15.0,0.0,
1,92,9.200000000000001,101,motorcycle,-33.26983031109568,7.108195348322135,-8.46040441326525,0.19359167647723072,2.2,0.8,0.0,15.0,0.0,
1,92,9.200000000000001,102,car,302.04461388259523,-5.429281477860009,23.14576629780016,-1.1884386257880943,4.5,1.8,0.0,15.0,0.0,
1,92,9.200000000000001,103,pedestrian,301.1422563062073,-2.974868302621953,27.910351929671258,-0.2251357360740395,0.5,0.5,0.0,15.0,0.0,
1,92,9.200000000000001,104,car,75.60387341322938,-8.112045621939092,3.1186819887947874,-0.022866046046712156,4.5,1.8,0.0,15.0,0.0,
1,93,9.3,100,car,273.84823910032515,-8.358747062036214,23.81458428800348,0.1159144726967791,4.5,1.8,0.0,15.0,0.0,
1,93,9.3,101,motorcycle,-34.168111995565305,7.080472350192304,-8.423438111981504,0.1355050085305134,2.2,0.8,0.0,15.0,0.0,
1,93,9.3,102,car,304.26865399110704,-5.532717341223932,23.194236787337573,-1.126530610713602,4.5,1.8,0.0,15.0,0.0,
1,93,9.3,103,pedestrian,303.86678532713825,-2.903644179537392,27.871144814997738,-0.1338252687286995,0.5,0.5,0.0,15.0,0.0,
1,93,9.3,104,car,75.80236450956689,-7.981484345464591,3.085857683453851,0.07779627669301786,4.5,1.8,0.0,15.0,0.0,
1,94,9.4,100,car,276.2888296020107,-8.448757267707357,23.788472364026354,0.15497353295796618,4.5,1.8,0.0,15.0,0.0,
1,94,9.4,101,motorcycle,-34.9051913650019,7.086951291872909,-8.42120519793333,0.17342266016271668,2.2,0.8,0.0,15.0,0.0,
1,94,9.4,102,car,306.6012575125419,-5.77472088822913,23.153588086105565,-1.1147746135560186,4.5,1.8,0.0,15.0,0.0,
1,94,9.4,103,pedestrian,306.77544805028776,-2.7554284639940567,27.91012128603631,-0.1194607306768813,0.5,0.5,0.0,15.0,0.0,
1,94,9.4,104,car,76.18583166651051,-8.040379802815975,3.0781961354409404,0.03658974062604403,4.5,1.8,0.0,15.0,0.0,
1,95,9.5,100,car,278.54280257734257,-8.39990501324794,23.797748029355592,0.1893561571834168,4.5,1.8,0.0,15.0,0.0,
1,95,9.5,101,motorcycle,-35.69270070170599,7.128557985021566,-8.393374364649453,0.17128850535134285,2.2,0.8,0.0,15.0,0.0,
1,95,9.5,102,car,308.9579054606747,-5.958812789853368,23.17207338238752,-1.0813537292917181,4.5,1.8,0.0,15.0,0.0,
1,95,9.5,103,pedestrian,309.4994920360842,-2.76219132716246,27.87894116055484,-0.14578606550268705,0.5,0.5,0.0,15.0,0.0,
1,95,9.5,104,car,76.38115834454439,-7.9101433362367155,3.131480394176943,0.06346143333741089,4.5,1.8,0.0,15.0,0.0,
1,96,9.600000000000001,100,car,281.1197969754725,-8.399893967186438,23.949336150111122,0.1779796864152558,4.5,1.8,0.0,15.0,0.0,
1,96,9.600000000000001,101,motorcycle,-36.50651880299533,7.10590904416268,-8.374758086646438,0.21306925174565508,2.2,0.8,0.0,15.0,0.0,
1,96,9.600000000000001,102,car,311.2637211596081,-5.889276178070777,23.184030846619194,-1.0678294599862082,4.5,1.8,0.0,15.0,0.0,
1,96,9.600000000000001,103,pedestrian,312.1964863826883,-2.7349200262576905,27.87223979951437,-0.1761980519695514,0.5,0.5,0.0,15.0,0.0,
1,96,9.600000000000001,104,car,76.61665894314724,-7.636620854927306,3.118306531667991,-0.00938783770165251,4.5,1.8,0.0,15.0,0.0,
1,97,9.700000000000001,100,car,283.44490844451036,-8.387252782492533,23.976669501741945,0.20571951250152148,4.5,1.8,0.0,15.0,0.0,
1,97,9.700000000000001,101,motorcycle,-37.27633315648232,7.062729938673512,-8.35773606447136,0.16926627854012616,2.2,0.8,0.0,15.0,0.0,
1,97,9.700000000000001,102,car,313.5201599459686,-6.087830021519424,23.12461140388928,-1.0146189855433076,4.5,1.8,0.0,15.0,0.0,
1,97,9.700000000000001,103,pedestrian,315.0525715327376,-2.6548732944568325,27.874205452815588,-0.13735766702629407,0.5,0.5,0.0,15.0,0.0,
1,97,9.700000000000001,104,car,76.75236065584978,-7.551250886892935,3.1271625231682423,0.021967642305805772,4.5,1.8,0.0,15.0,0.0,
1,98,9.8,100,car,285.88057772458944,-8.46538634669607,23.90176751297239,0.17011680419237332,4.5,1.8,0.0,15.0,0.0,
1,98,9.8,101,motorcycle,-38.055615034802166,7.148665708045065,-8.426133178340454,0.12021131016671543,2.2,0.8,0.0,15.0,0.0,
1,98,9.8,102,car,315.76029751776343,-6.225022426100437,23.056508862346647,-1.0857215738503143,4.5,1.8,0.0,15.0,0.0,
1,98,9.8,103,pedestrian,317.7578085483784,-2.659983677536961,27.815175735827914,-0.14314784252488238,0.5,0.5,0.0,15.0,0.0,
1,98,9.8,104,car,77.17093218978079,-7.679232096403705,3.1168402352477154,0.0732054789933444,4.5,1.8,0.0,15.0,0.0,
1,99,9.9,100,car,288.2289276368503,-8.505741635362675,23.959942303687715,0.15480670024379592,4.5,1.8,0.0,15.0,0.0,
1,99,9.9,101,motorcycle,-38.78777885011565,7.203583378174455,-8.443275410985946,0.14419583669659194,2.2,0.8,0.0,15.0,0.0,
1,99,9.9,102,car,318.0979933553827,-6.231506301385221,23.029091585453397,-1.0836612705112334,4.5,1.8,0.0,15.0,0.0,
1,99,9.9,103,pedestrian,320.53317455400077,-2.603883647625471,27.763916776105706,-0.09229899011298959,0.5,0.5,0.0,15.0,0.0,
1,99,9.9,104,car,77.5292490905226,-7.803604055867665,3.1772533765217403,0.18491013303323095,4.5,1.8,0.0,15.0,0.0,
2,0,0.0,200,car,15.0,3.5,-1.887768907957762,0.0,4.5,1.8,0.0,15.0,0.0,
2,0,0.0,201,car,32.08427389075792,4.361299111681611,22.05395725687756,0.06258438227935277,4.5,1.8,0.0,15.0,0.0,
2,0,0.0,202,motorcycle,28.78026445205324,7.324213786270009,10.25893241993517,-0.16617832320102283,2.2,0.8,0.0,15.0,0.0,
2,1,0.1,200,car,14.907836077304635,3.4629629390338894,-1.8706687350867108,-0.03237297142397596,4.5,1.8,0.0,15.0,0.0,
2,1,0.1,201,car,34.45409978746905,4.273642629263292,22.03708576917225,0.005372435134865819,4.5,1.8,0.0,15.0,0.0,
2,1,0.1,202,motorcycle,29.69693946133806,7.357265739128769,10.339527943808545,-0.024523108034685524,2.2,0.8,0.0,15.0,0.0,
2,2,0.2,200,car,14.760283485699137,3.1880194004300337,-1.8726151951109529,-0.01565211429631027,4.5,1.8,0.0,15.0,0.0,
2,2,0.2,201,car,36.57595860414523,4.381787676226145,22.02077358509106,-0.008873874354679373,4.5,1.8,0.0,15.0,0.0,
2,2,0.2,202,motorcycle,30.69317296824001,7.165584151952261,10.282928621804697,0.04805467430601082,2.2,0.8,0.0,15.0,0.0,
2,3,0.30000000000000004,200,car,14.362026901500045,3.1113878654684632,-1.8926011979254411,0.08718109336457827,4.5,1.8,0.0,15.0,0.0,
2,3,0.30000000000000004,201,car,38.854896339203975,4.3260706235208355,22.08599926994684,-0.03702579102505598,4.5,1.8,0.0,15.0,0.0,
2,3,0.30000000000000004,202,motorcycle,31.82237581079388,7.02969642735996,10.336591513394154,-0.020306682273549283,2.2,0.8,0.0,15.0,0.0,
2,4,0.4,200,car,14.069916357613373,3.0896735041608316,-1.8787339889394303,-0.024737421526285608,4.5,1.8,0.0,15.0,0.0,
2,4,0.4,201,car,41.118891616798194,4.267771235154429,22.117017889643407,0.02211110310182998,4.5,1.8,0.0,15.0,0.0,
2,4,0.4,202,motorcycle,32.8499426566625,6.985558196123366,10.344168553182417,0.027512687151684964,2.2,0.8,0.0,15.0,0.0,
2,5,0.5,200,car,14.08822287399259,3.1836155463406497,-1.8299344914486382,0.1544256097430142,4.5,1.8,0.0,15.0,0.0,
2,5,0.5,201,car,43.38218925343932,4.3162355862855994,22.15221864335949,-0.050448298879412656,4.5,1.8,0.0,15.0,0.0,
2,5,0.5,202,motorcycle,33.83996934833886,6.934941269454132,10.376549252043395,-0.008708728111059934,2.2,0.8,0.0,15.0,0.0,
2,6,0.6000000000000001,200,car,13.919051767395157,3.292361008355496,-1.7867769545134313,-0.008086050152062351,4.5,1.8,0.0,15.0,0.0,
2,6,0.6000000000000001,201,car,45.53041160808745,4.429763059450918,22.19091320240498,-0.08031284091476912,4.5,1.8,0.0,15.0,0.0,
2,6,0.6000000000000001,202,motorcycle,34.84630887965237,6.951492815655809,10.415490737899447,0.04550507474698856,2.2,0.8,0.0,15.0,0.0,
2,7,0.7000000000000001,200,car,13.76876467206136,3.3508857614913814,-1.7835701143945237,-0.03369258440902803,4.5,1.8,0.0,15.0,0.0,
2,7,0.7000000000000001,201,car,47.723376489223824,4.431662178114929,22.189179239904053,-0.09427864522217354,4.5,1.8,0.0,15.0,0.0,
2,7,0.7000000000000001,202,motorcycle,35.84810961994937,6.957113380964723,10.401422238304162,-0.012341189775579287,2.2,0.8,0.0,15.0,0.0,
2,8,0.8,200,car,13.639206797702366,3.242990042786518,-1.8649722250920844,-0.01740848954183374,4.5,1.8,0.0,15.0,0.0,
2,8,0.8,201,car,50.01870585376441,4.600417482063593,22.22828565185879,-0.07341318799344236,4.5,1.8,0.0,15.0,0.0,
2,8,0.8,202,motorcycle,36.865015119842106,6.9827768190728765,10.410301794150342,0.026965227647143705,2.2,0.8,0.0,15.0,0.0,
2,9,0.9,200,car,13.361004680547081,3.2494843515415925,-1.843956083603278,0.041283547665182975,4.5,1.8,0.0,15.0,0.0,
2,9,0.9,201,car,52.16096260228901,4.565901795339303,22.093094767855124,-0.03107309837888871,4.5,1.8,0.0,15.0,0.0,
2,9,0.9,202,motorcycle,37.853603809960035,6.880818368256132,10.418582401661975,-0.0027972716022634115,2.2,0.8,0.0,15.0,0.0,
2,10,1.0,200,car,12.950687684428992,3.271035148471768,-1.8903722901427293,0.024284447959525758,4.5,1.8,0.0,15.0,0.0,
2,10,1.0,201,car,54.242086954301655,4.5689024491923975,22.0789366014108,0.015155094247516519,4.5,1.8,0.0,15.0,0.0,
2,10,1.0,202,motorcycle,38.90793177789137,6.8553019507539865,10.341768785959763,-0.07386039817305158,2.2,0.8,0.0,15.0,0.0,
2,11,1.1,200,car,12.703261761505496,3.2702071600788094,-1.9207846875026853,0.031260596528973277,4.5,1.8,0.0,15.0,0.0,
2,11,1.1,201,car,56.42205852252157,4.472401176714446,22.065031786761402,0.01129299181582762,4.5,1.8,0.0,15.0,0.0,
2,11,1.1,202,motorcycle,39.97459712836981,7.043139863953299,10.308323318959593,-0.0036739330795200194,2.2,0.8,0.0,15.0,0.0,
2,12,1.2000000000000002,200,car,12.55379568743717,3.267864864158728,-1.9458155948021179,-0.07746285881721218,4.5,1.8,0.0,15.0,0.0,
2,12,1.2000000000000002,201,car,58.57747824529241,4.365030935442666,21.978701452705213,-0.039783942083529325,4.5,1.8,0.0,15.0,0.0,
2,12,1.2000000000000002,202,motorcycle,40.90072028818912,7.101518518482594,10.338377910830307,-0.045193964479043745,2.2,0.8,0.0,15.0,0.0,
2,13,1.3,200,car,12.333191264900647,3.0820405979474743,-1.9705325923112527,0.019949095035117284,4.5,1.8,0.0,15.0,0.0,
2,13,1.3,201,car,60.85784217952434,4.293726227273535,22.03129419573159,-0.07578459607567359,4.5,1.8,0.0,15.0,0.0,
2,13,1.3,202,motorcycle,41.80979529935777,7.172484705046382,10.421933972258469,0.024671599409184772,2.2,0.8,0.0,15.0,0.0,
2,14,1.4000000000000001,200,car,12.132103767016119,2.8625222232952536,-2.0716549451134267,0.006470476844793448,4.5,1.8,0.0,15.0,0.0,
2,14,1.4000000000000001,201,car,63.02516533214038,4.183142709058322,22.03457082477309,0.005756568375390479,4.5,1.8,0.0,15.0,0.0,
2,14,1.4000000000000001,202,motorcycle,42.94643028343764,7.186144933347652,10.483353690675187,0.00039970147744066814,2.2,0.8,0.0,15.0,0.0,
2,15,1.5,200,car,11.913404773024043,2.9689534419199717,-2.1205769891154986,0.1407223726633081,4.5,1.8,0.0,15.0,0.0,
2,15,1.5,201,car,65.26614816243436,4.2212256343420895,22.06082562347172,0.09385682376658212,4.5,1.8,0.0,15.0,0.0,
2,15,1.5,202,motorcycle,44.074016393672416,7.02563933544726,10.553527209913563,-0.017044828972250865,2.2,0.8,0.0,15.0,0.0,
2,16,1.6,200,car,11.712062581396424,2.841028044702445,-2.094266888209304,-0.03256871450337761,4.5,1.8,0.0,15.0,0.0,
2,16,1.6,201,car,67.48224768858088,4.192815733806011,22.157076263558515,0.09911301500727948,4.5,1.8,0.0,15.0,0.0,
2,16,1.6,202,motorcycle,45.13402043168525,7.032037106584146,10.534855061596087,0.055300314575139314,2.2,0.8,0.0,15.0,0.0,
2,17,1.7000000000000002,200,car,11.469743905542156,2.798894317237875,-2.045337245026056,-0.02691495476583247,4.5,1.8,0.0,15.0,0.0,
2,17,1.7000000000000002,201,car,69.69417981149188,4.034684655654912,22.192285780814675,0.09704334695909345,4.5,1.8,0.0,15.0,0.0,
2,17,1.7000000000000002,202,motorcycle,46.25962847512484,7.178217023338877,10.49254995478722,0.011816214101410035,2.2,0.8,0.0,15.0,0.0,
2,18,1.8,200,car,11.170894188602611,2.7761177626797404,-2.0067266711584306,0.005091030655164932,4.5,1.8,0.0,15.0,0.0,
2,18,1.8,201,car,71.77214428731322,3.903181745101137,22.123227584240137,0.024572629496979515,4.5,1.8,0.0,15.0,0.0,
2,18,1.8,202,motorcycle,47.51527292416923,7.3144628477388975,10.397750694829917,0.0710537969034892,2.2,0.8,0.0,15.0,0.0,
2,19,1.9000000000000001,200,car,11.063861563188233,2.6215877681268647,-2.0218867519939554,0.05477612057479048,4.5,1.8,0.0,15.0,0.0,
2,19,1.9000000000000001,201,car,74.0395103968307,3.772272239862338,22.153764692029945,-0.1068750298040294,4.5,1.8,0.0,15.0,0.0,
2,19,1.9000000000000001,202,motorcycle,48.5327657760765,7.428258524678903,10.398670405608483,-0.024946877498097295,2.2,0.8,0.0,15.0,0.0,
2,20,2.0,200,car,10.950607513366073,2.7190629496355228,-1.9563847673506078,0.04371712142231937,4.5,1.8,0.0,15.0,0.0,
2,20,2.0,201,car,76.36302434542742,3.8455630956060913,22.16704112448577,0.004475449988190705,4.5,1.8,0.0,15.0,0.0,
2,20,2.0,202,motorcycle,49.54890684472761,7.30702169537293,10.350904830167492,-0.014100724096760484,2.2,0.8,0.0,15.0,0.0,
2,21,2.1,200,car,10.779114252591254,2.863144209435949,-1.9584746287443835,0.0501738145438832,4.5,1.8,0.0,15.0,0.0,
2,21,2.1,201,car,78.68766002351921,3.822418415837212,22.19677563505428,-0.012176402086243076,4.5,1.8,0.0,15.0,0.0,
2,21,2.1,202,motorcycle,50.71621091715221,7.370606029199523,10.291380642433074,0.008076232607692337,2.2,0.8,0.0,15.0,0.0,
2,22,2.2,200,car,10.748078005899204,2.845021105981279,-1.93608887723963,0.027293941886957263,4.5,1.8,0.0,15.0,0.0,
2,22,2.2,201,car,80.80367529710819,3.8734892107585637,22.12708387745255,-0.0312812053200698,4.5,1.8,0.0,15.0,0.0,
2,22,2.2,202,motorcycle,51.85292127814493,7.406281658230359,10.276156752045747,0.022323051062259375,2.2,0.8,0.0,15.0,0.0,
2,23,2.3000000000000003,200,car,10.548459893399729,2.8462789562164623,-1.9032479509036233,-0.0363683870329566,4.5,1.8,0.0,15.0,0.0,
2,23,2.3000000000000003,201,car,83.0204173254089,3.8422623912978984,22.047803708722537,-0.046022787812464994,4.5,1.8,0.0,15.0,0.0,
2,23,2.3000000000000003,202,motorcycle,53.03735759805589,7.444753989688882,10.209977336975678,-0.07701771879242053,2.2,0.8,0.0,15.0,0.0,
2,24,2.4000000000000004,200,car,10.346918708298308,3.0023976095341105,-1.912585857643841,0.0653499776702008,4.5,1.8,0.0,15.0,0.0,
2,24,2.4000000000000004,201,car,85.26039077336303,3.8893874370824877,21.98101768325731,0.046876146087487885,4.5,1.8,0.0,15.0,0.0,
2,24,2.4000000000000004,202,motorcycle,54.0248621280261,7.531063235049973,10.169268837876372,0.008852467375495625,2.2,0.8,0.0,15.0,0.0,
2,25,2.5,200,car,10.190860417927686,2.9869942778765237,-1.8923585979895332,-0.013319853759625438,4.5,1.8,0.0,15.0,0.0,
2,25,2.5,201,car,87.39358656638463,4.0499357753618845,22.03346532657538,-0.038043237252408844,4.5,1.8,0.0,15.0,0.0,
2,25,2.5,202,motorcycle,55.0986334423732,7.456795349579858,10.110034605693256,0.05169047206994881,2.2,0.8,0.0,15.0,0.0,
2,26,2.6,200,car,9.831214595563992,3.079679869234178,-1.9049947136181862,-0.010577330154026433,4.5,1.8,0.0,15.0,0.0,
2,26,2.6,201,car,89.6379082210045,4.1080556565613096,21.992148167733937,0.03588628043750317,4.5,1.8,0.0,15.0,0.0,
2,26,2.6,202,motorcycle,56.12097395674505,7.331189870293054,10.10154088151427,0.06906395077794629,2.2,0.8,0.0,15.0,0.0,
2,27,2.7,200,car,9.808374604026744,3.1514147149950458,-1.9645118880266046,0.024530345122794412,4.5,1.8,0.0,15.0,0.0,
2,27,2.7,201,car,91.9222091281638,4.180626454893182,22.031395882168333,0.01816315396237654,4.5,1.8,0.0,15.0,0.0,
2,27,2.7,202,motorcycle,57.12388681101341,7.270353120702652,10.006644105589194,0.01698208833566754,2.2,0.8,0.0,15.0,0.0,
2,28,2.8000000000000003,200,car,9.630528699589302,3.2071722992775276,-2.0313890726912494,0.03225083446575302,4.5,1.8,0.0,15.0,0.0,
2,28,2.8000000000000003,201,car,94.3308032258427,4.188471467970973,22.028312616208005,0.01545011780428505,4.5,1.8,0.0,15.0,0.0,
2,28,2.8000000000000003,202,motorcycle,58.327784924043364,7.167988344532663,10.016804452258889,-0.03998287111488221,2.2,0.8,0.0,15.0,0.0,
2,29,2.9000000000000004,200,car,9.372689320235677,3.2022132684893334,-1.9640229106105713,0.09004953003443684,4.5,1.8,0.0,15.0,0.0,
2,29,2.9000000000000004,201,car,96.57844870192618,4.150811995668624,22.15294955953993,-0.02137772406647601,4.5,1.8,0.0,15.0,0.0,
2,29,2.9000000000000004,202,motorcycle,59.27235177783328,6.990494040074791,10.086609030721126,0.0484122796185647,2.2,0.8,0.0,15.0,0.0,
2,30,3.0,200,car,9.418067582786264,3.0632609332675207,-1.8911143702366158,0.0035067759183063695,4.5,1.8,0.0,15.0,0.0,
2,30,3.0,201,car,98.87435367956019,3.986034281558177,22.226353650673197,0.039325837566591526,4.5,1.8,0.0,15.0,0.0,
2,30,3.0,202,motorcycle,60.27712167742677,7.055005308840903,10.048334265669014,-0.02897200427908497,2.2,0.8,0.0,15.0,0.0,
2,31,3.1,200,car,9.182611684400063,2.8779881470984927,-1.8480264455264475,0.059579680709128315,4.5,1.8,0.0,15.0,0.0,
2,31,3.1,201,car,101.02685462965113,4.0208545831526585,22.213076626941735,0.016413698104051525,4.5,1.8,0.0,15.0,0.0,
2,31,3.1,202,motorcycle,61.21919737987257,6.966662793232139,10.100938009970202,-0.0031935292562246297,2.2,0.8,0.0,15.0,0.0,
2,32,3.2,200,car,9.200019934932765,2.8562991645294025,-1.8943303475439721,-0.2018527466632422,4.5,1.8,0.0,15.0,0.0,
2,32,3.2,201,car,103.3112423087599,4.067221890473797,22.27260666088513,-0.2958396051773289,4.5,1.8,0.0,15.0,0.0,
2,32,3.2,202,motorcycle,62.21656584997106,6.923197831034856,10.036400683124421,-0.27637929799295136,2.2,0.8,0.0,15.0,0.0,
2,33,3.3000000000000003,200,car,9.14422484596605,2.8278080986041676,-1.9616334139362215,-0.6000407336294422,4.5,1.8,0.0,15.0,0.0,
2,33,3.3000000000000003,201,car,105.70498058072324,4.005965113143664,22.24023615060005,-0.5359483512910457,4.5,1.8,0.0,15.0,0.0,
2,33,3.3000000000000003,202,motorcycle,63.07247514285177,7.013282469681398,10.01674803624512,-0.4538786866592744,2.2,0.8,0.0,15.0,0.0,
2,34,3.4000000000000004,200,car,8.95322667601716,2.8934551399972293,-1.9487986889840672,-0.7303999274943703,4.5,1.8,0.0,15.0,0.0,
2,34,3.4000000000000004,201,car,108.00091350039209,3.9909880637050787,22.257632874459187,-0.7847040964436034,4.5,1.8,0.0,15.0,0.0,
2,34,3.4000000000000004,202,motorcycle,64.26569341563356,6.845282615108026,10.016963418362279,-0.7723172668774444,2.2,0.8,0.0,15.0,0.0,
2,35,3.5,200,car,8.798590882453105,2.7493396038464186,-1.9330613737045879,-1.0201248448737512,4.5,1.8,0.0,15.0,0.0,
2,35,3.5,201,car,110.06848153609421,3.890775020769403,22.20260460780768,-1.098402003736048,4.5,1.8,0.0,15.0,0.0,
2,35,3.5,202,motorcycle,65.28107708953873,6.792902677748622,10.043298320467507,-0.9833241802626183,2.2,0.8,0.0,15.0,0.0,
2,36,3.6,200,car,8.412025842988584,2.489803008074252,-1.8343853018639042,-1.2867094678180453,4.5,1.8,0.0,15.0,0.0,
2,36,3.6,201,car,112.34982609998865,3.698646355621399,22.20658824477106,-1.2660117399278732,4.5,1.8,0.0,15.0,0.0,
2,36,3.6,202,motorcycle,66.34156103704744,6.683145186498873,10.020883831785294,-1.286857635798229,2.2,0.8,0.0,15.0,0.0,
2,37,3.7,200,car,8.255364732551445,2.2247762359249688,-1.8130112497578623,-1.3062246769984012,4.5,1.8,0.0,15.0,0.0,
2,37,3.7,201,car,114.70550192959196,3.626726252065791,22.202307879884,-1.5344865538004224,4.5,1.8,0.0,15.0,0.0,
2,37,3.7,202,motorcycle,67.21142078063595,6.6676695798641195,9.981396027779056,-1.4725115273584486,2.2,0.8,0.0,15.0,0.0,
2,38,3.8000000000000003,200,car,8.057498560007257,1.9567638290573977,-1.874349686485444,-1.6206015134682286,4.5,1.8,0.0,15.0,0.0,
2,38,3.8000000000000003,201,car,116.83657977211315,3.390816613104986,22.16324832857665,-1.5919597991374341,4.5,1.8,0.0,15.0,0.0,
2,38,3.8000000000000003,202,motorcycle,68.18634781436432,6.488004602091818,10.0112433226445,-1.6251797902408045,2.2,0.8,0.0,15.0,0.0,
2,39,3.9000000000000004,200,car,7.842238214512996,1.8265000002589915,-1.8409397943075625,-1.7804423185296618,4.5,1.8,0.0,15.0,0.0,
2,39,3.9000000000000004,201,car,119.06096538253287,3.1353287257762297,22.120214176418422,-1.7346312684558913,4.5,1.8,0.0,15.0,0.0,
2,39,3.9000000000000004,202,motorcycle,69.23196635288323,6.3562255815780535,10.025286040080776,-1.770778479763484,2.2,0.8,0.0,15.0,0.0,
2,40,4.0,200,car,7.727785424164517,1.729997195343406,-1.7953783940480301,-1.9051757059759407,4.5,1.8,0.0,15.0,0.0,
2,40,4.0,201,car,121.41168607316558,2.9681611129315977,22.151832986046713,-1.8860324156368973,4.5,1.8,0.0,15.0,0.0,
2,40,4.0,202,motorcycle,70.25919562763973,6.092636701535158,10.060353581998017,-1.7578720904332594,2.2,0.8,0.0,15.0,0.0,
2,41,4.1000000000000005,200,car,7.510768077280705,1.5373747984639186,-1.8176886572653932,-2.021619679297919,4.5,1.8,0.0,15.0,0.0,
2,41,4.1000000000000005,201,car,123.78131431958212,2.701142142736869,22.128128962378394,-2.0765933254063875,4.5,1.8,0.0,15.0,0.0,
2,41,4.1000000000000005,202,motorcycle,71.1894698133853,5.722074843817841,10.091943816958613,-1.8572338231279568,2.2,0.8,0.0,15.0,0.0,
2,42,4.2,200,car,7.2923313321891134,1.1644186825118703,-1.7726886740439065,-2.099149474476754,4.5,1.8,0.0,15.0,0.0,
2,42,4.2,201,car,126.12406190887532,2.4666589153048495,22.096538177924256,-2.0717011043175306,4.5,1.8,0.0,15.0,0.0,
2,42,4.2,202,motorcycle,72.27444187117479,5.493052458089251,10.067107581818927,-2.07274480667919,2.2,0.8,0.0,15.0,0.0,
2,43,4.3,200,car,6.987876946334635,0.9945362297713314,-1.862025003736152,-2.1180622024176454,4.5,1.8,0.0,15.0,0.0,
2,43,4.3,201,car,128.40965424755083,2.287378130628184,22.126054206573574,-2.09910841333531,4.5,1.8,0.0,15.0,0.0,
2,43,4.3,202,motorcycle,73.39812724745524,5.375936764796293,10.08941463203131,-2.0494788408336926,2.2,0.8,0.0,15.0,0.0,
2,44,4.4,200,car,6.876716801401377,0.7410042654667054,-1.9292199493207187,-2.0748380234072386,4.5,1.8,0.0,15.0,0.0,
2,44,4.4,201,car,130.67686859129134,2.1868397167721034,22.07923814282131,-2.141177682663228,4.5,1.8,0.0,15.0,0.0,
2,44,4.4,202,motorcycle,74.45305873728914,5.159234452941048,9.995126551502754,-2.0771007215116604,2.2,0.8,0.0,15.0,0.0,
2,45,4.5,200,car,6.4985525149704095,0.4401982876263431,-1.8616358806777134,-1.97155927563989,4.5,1.8,0.0,15.0,0.0,
2,45,4.5,201,car,132.76322676872627,1.9476202403778096,22.081369268975244,-1.9737418801511675,4.5,1.8,0.0,15.0,0.0,
2,45,4.5,202,motorcycle,75.40328449765697,4.905265727984696,10.072562829425896,-2.0815426841661586,2.2,0.8,0.0,15.0,0.0,
2,46,4.6000000000000005,200,car,6.384609097799284,0.0927621226931181,-1.8701975178823296,-2.080198526136143,4.5,1.8,0.0,15.0,0.0,"[{""type"": ""near_miss"", ""scenario_type"": ""cut_in"", ""time"": 5.0}]"
2,46,4.6000000000000005,201,car,134.86582031752823,1.8318185074710536,22.07887399942091,-2.0131739712474714,4.5,1.8,0.0,15.0,0.0,"[{""type"": ""near_miss"", ""scenario_type"": ""cut_in"", ""time"": 5.0}]"
2,46,4.6000000000000005,202,motorcycle,76.33566581820146,4.683478252238585,10.087618487780931,-1.9480728738967343,2.2,0.8,0.0,15.0,0.0,"[{""type"": ""near_miss"", ""scenario_type"": ""cut_in"", ""time"": 5.0}]"
2,47,4.7,200,car,5.935074677601372,-0.18042767575102697,-1.8622427057728792,-1.905079965976755,4.5,1.8,0.0,15.0,0.0,"[{""type"": ""near_miss"", ""scenario_type"": ""cut_in"", ""time"": 5.0}]"
2,47,4.7,201,car,137.114045341723,1.6685588550658448,22.06363060627124,-1.9264794699779995,4.5,1.8,0.0,15.0,0.0,"[{""type"": ""near_miss"", ""scenario_type"": ""cut_in"", ""time"": 5.0}]"
2,47,4.7,202,motorcycle,77.31987751800601,4.608338806202995,10.051018091135646,-1.9032771463358384,2.2,0.8,0.0,15.0,0.0,"[{""type"": ""near_miss"", ""scenario_type"": ""cut_in"", ""time"": 5.0}]"
2,48,4.800000000000001,200,car,5.767184628423926,-0.2017014471190043,-1.8772581186846948,-1.7251483107536834,4.5,1.8,0.0,15.0,0.0,"[{""type"": ""near_miss"", ""scenario_type"": ""cut_in"", ""time"": 5.0}]"
2,48,4.800000000000001,201,car,139.44360634267662,1.4848745642113568,22.053094657317402,-1.7895413271566423,4.5,1.8,0.0,15.0,0.0,"[{""type"": ""near_miss"", ""scenario_type"": ""cut_in"", ""time"": 5.0}]"
2,48,4.800000000000001,202,motorcycle,78.29939701369533,4.516453927905255,10.06256858999842,-1.761324158095738,2.2,0.8,0.0,15.0,0.0,"[{""type"": ""near_miss"", ""scenario_type"": ""cut_in"", ""time"": 5.0}]"
2,49,4.9,200,car,5.466936465517472,-0.46025823583944336,-1.7700857774458458,-1.6269690960935907,4.5,1.8,0.0,15.0,0.0,"[{""type"": ""near_miss"", ""scenario_type"": ""cut_in"", ""time"": 5.0}]"
2,49,4.9,201,car,141.5714386088505,1.4661766997873709,22.06718508475158,-1.58917006398593,4.5,1.8,0.0,15.0,0.0,"[{""type"": ""near_miss"", ""scenario_type"": ""cut_in"", ""time"": 5.0}]"
2,49,4.9,202,motorcycle,79.29184916516702,4.32277883786466,10.054089271373556,-1.6872147183440875,2.2,0.8,0.0,15.0,0.0,"[{""type"": ""near_miss"", ""scenario_type"": ""cut_in"", ""time"": 5.0}]"
2,50,5.0,200,car,5.281135146830898,-0.5744098203802062,-1.677562615753658,-1.4332489691999852,4.5,1.8,0.0,15.0,0.0,"[{""type"": ""near_miss"", ""scenario_type"": ""cut_in"", ""time"": 5.0}]"
2,50,5.0,201,car,143.54473941310462,1.313023264263884,22.204160291406993,-1.394230610700994,4.5,1.8,0.0,15.0,0.0,"[{""type"": ""near_miss"", ""scenario_type"": ""cut_in"", ""time"": 5.0}]"
2,50,5.0,202,motorcycle,80.21616919792352,4.2381345970626905,10.01698860012907,-1.5052392984275889,2.2,0.8,0.0,15.0,0.0,"[{""type"": ""near_miss"", ""scenario_type"": ""cut_in"", ""time"": 5.0}]"
2,51,5.1000000000000005,200,car,5.078541948932124,-0.6886920794377394,-1.7711703908753278,-1.2918069943411254,4.5,1.8,0.0,15.0,0.0,"[{""type"": ""near_miss"", ""scenario_type"": ""cut_in"", ""time"": 5.0}]"
2,51,5.1000000000000005,201,car,145.76618899856356,1.148771043683569,22.2239008549643,-1.2950824461796218,4.5,1.8,0.0,15.0,0.0,"[{""type"": ""near_miss"", ""scenario_type"": ""cut_in"", ""time"": 5.0}]"
2,51,5.1000000000000005,202,motorcycle,81.28927943279176,3.996323784375252,10.099125315225951,-1.3201369440331094,2.2,0.8,0.0,15.0,0.0,"[{""type"": ""near_miss"", ""scenario_type"": ""cut_in"", ""time"": 5.0}]"
2,52,5.2,200,car,4.7921694828062495,-0.7481232706959166,-1.6879587283004458,-0.9959305638077924,4.5,1.8,0.0,15.0,0.0,"[{""type"": ""near_miss"", ""scenario_type"": ""cut_in"", ""time"": 5.0}]"
2,52,5.2,201,car,148.04486487607824,1.0493564622895146,22.17258093225854,-1.03618963302557,4.5,1.8,0.0,15.0,0.0,"[{""type"": ""near_miss"", ""scenario_type"": ""cut_in"", ""time"": 5.0}]"
2,52,5.2,202,motorcycle,82.17800099231623,3.767284516036205,10.119212761191939,-1.0678416147179992,2.2,0.8,0.0,15.0,0.0,"[{""type"": ""near_miss"", ""scenario_type"": ""cut_in"", ""time"": 5.0}]"
2,53,5.300000000000001,200,car,4.655329010648541,-0.9556117019818087,-1.673139577294608,-0.7974956890859715,4.5,1.8,0.0,15.0,0.0,"[{""type"": ""near_miss"", ""scenario_type"": ""cut_in"", ""time"": 5.0}]"
2,53,5.300000000000001,201,car,150.40278452266918,1.0044221957836388,22.23437007690825,-0.810843896459083,4.5,1.8,0.0,15.0,0.0,"[{""type"": ""near_miss"", ""scenario_type"": ""cut_in"", ""time"": 5.0}]"
2,53,5.300000000000001,202,motorcycle,83.19553660245984,3.591869644160795,10.098532499054718,-0.7861667717750547,2.2,0.8,0.0,15.0,0.0,"[{""type"": ""near_miss"", ""scenario_type"": ""cut_in"", ""time"": 5.0}]"
2,54,5.4,200,car,4.415429230850366,-1.1293868641709977,-1.7438154434772406,-0.6392361688315631,4.5,1.8,0.0,15.0,0.0,"[{""type"": ""near_miss"", ""scenario_type"": ""cut_in"", ""time"": 5.0}]"
2,54,5.4,201,car,152.52058688400965,1.0149467091462039,22.154445150307584,-0.5906549053588586,4.5,1.8,0.0,15.0,0.0,"[{""type"": ""near_miss"", ""scenario_type"": ""cut_in"", ""time"": 5.0}]"
2,54,5.4,202,motorcycle,84.3844797094886,3.4759951628713504,10.11458479951296,-0.4901329057211685,2.2,0.8,0.0,15.0,0.0,"[{""type"": ""near_miss"", ""scenario_type"": ""cut_in"", ""time"": 5.0}]"
2,55,5.5,200,car,4.3073002994807705,-1.3079382662803074,-1.7553684274722152,-0.34411115396095726,4.5,1.8,0.0,15.0,0.0,
2,55,5.5,201,car,154.98066318493144,0.82913920369614,22.10205313936409,-0.3152298332271129,4.5,1.8,0.0,15.0,0.0,
2,55,5.5,202,motorcycle,85.24627214176762,3.5849345747985013,10.235707194567134,-0.28698724645066853,2.2,0.8,0.0,15.0,0.0,
2,56,5.6000000000000005,200,car,3.999721142049108,-1.5316308161529095,-1.7675738633983202,-0.015818271158072193,4.5,1.8,0.0,15.0,0.0,
2,56,5.6000000000000005,201,car,157.12573888623183,0.8512767290937628,22.121811796504865,0.016154162896895034,4.5,1.8,0.0,15.0,0.0,
2,56,5.6000000000000005,202,motorcycle,86.23823037402748,3.474772391841075,10.26899884945747,0.0006256879710765228,2.2,0.8,0.0,15.0,0.0,
2,57,5.7,200,car,3.911799508192741,-1.4526232612056864,-1.838661966850676,-0.07171111037288017,4.5,1.8,0.0,15.0,0.0,
2,57,5.7,201,car,159.26236599400826,0.745650188264696,22.15957438530367,0.017565483799395886,4.5,1.8,0.0,15.0,0.0,
2,57,5.7,202,motorcycle,87.37504865835176,3.5144210735821666,10.279431328551137,0.05998648901720852,2.2,0.8,0.0,15.0,0.0,
2,58,5.800000000000001,200,car,3.7749060454811785,-1.4458131648619146,-1.7646393151541417,0.0057590441576395035,4.5,1.8,0.0,15.0,0.0,
2,58,5.800000000000001,201,car,161.44788937204683,0.661867862386931,22.19472565825594,0.061852527092123445,4.5,1.8,0.0,15.0,0.0,
2,58,5.800000000000001,202,motorcycle,88.39793305106353,3.6452126359601507,10.180930576952559,-0.00277266874039574,2.2,0.8,0.0,15.0,0.0,
2,59,5.9,200,car,3.5944326227553205,-1.5185126021026494,-1.6454462632550482,-0.003309631634438058,4.5,1.8,0.0,15.0,0.0,
2,59,5.9,201,car,163.62658886071196,0.6644640737302815,22.09458497132965,-0.03799339626724576,4.5,1.8,0.0,15.0,0.0,
2,59,5.9,202,motorcycle,89.51435010570333,3.5823181004668734,10.139486818812545,0.06547628182572002,2.2,0.8,0.0,15.0,0.0,
2,60,6.0,200,car,3.5639134365249987,-1.466813554886535,-1.6682021299569816,-0.011973553255816177,4.5,1.8,0.0,15.0,0.0,
2,60,6.0,201,car,165.75563236168745,0.564986761827417,22.042364146914228,-0.03090272033926038,4.5,1.8,0.0,15.0,0.0,
2,60,6.0,202,motorcycle,90.42482668851612,3.4259475886125585,10.15045695230024,0.011729779044671854,2.2,0.8,0.0,15.0,0.0,
2,61,6.1000000000000005,200,car,3.5671724993721323,-1.5336473917220053,-1.6533971004758181,0.015635628963740083,4.5,1.8,0.0,15.0,0.0,
2,61,6.1000000000000005,201,car,167.93448502026632,0.6394201207023846,22.081125606256762,0.016370554759877,4.5,1.8,0.0,15.0,0.0,
2,61,6.1000000000000005,202,motorcycle,91.41430841324137,3.390194577757105,10.082069257360388,-0.04029588893088459,2.2,0.8,0.0,15.0,0.0,
2,62,6.2,200,car,3.3396320369343817,-1.6460445679649487,-1.6314009021414348,0.059831393449350505,4.5,1.8,0.0,15.0,0.0,
2,62,6.2,201,car,170.05179133765907,0.6677642642768483,22.029420049280276,-0.015246108546958107,4.5,1.8,0.0,15.0,0.0,
2,62,6.2,202,motorcycle,92.35348238105962,3.4503841426177493,10.048129848668278,0.05058302068533234,2.2,0.8,0.0,15.0,0.0,
2,63,6.300000000000001,200,car,3.1519198693540185,-1.7110049389244317,-1.694066165258693,0.01266022551476749,4.5,1.8,0.0,15.0,0.0,
2,63,6.300000000000001,201,car,172.34425518280972,0.6950963899305358,22.141361632600997,0.07148937262352091,4.5,1.8,0.0,15.0,0.0,
2,63,6.300000000000001,202,motorcycle,93.32754258945475,3.418581399237042,10.071614684642546,-0.04190095902128426,2.2,0.8,0.0,15.0,0.0,
2,64,6.4,200,car,3.099142083481398,-1.6748448867400734,-1.6812432197157663,0.03434768338854082,4.5,1.8,0.0,15.0,0.0,
2,64,6.4,201,car,174.73067433440673,0.7121919251492863,22.13570961405743,0.07543598116612893,4.5,1.8,0.0,15.0,0.0,
2,64,6.4,202,motorcycle,94.43145909951812,3.38648341519867,10.071874007075497,0.00976904579693993,2.2,0.8,0.0,15.0,0.0,
2,65,6.5,200,car,2.9671990559703194,-1.8105048718339847,-1.7583674501058444,-0.044369501100122694,4.5,1.8,0.0,15.0,0.0,
2,65,6.5,201,car,176.84777145151133,0.647809523752036,22.167445146161928,-0.008446457816236918,4.5,1.8,0.0,15.0,0.0,
2,65,6.5,202,motorcycle,95.4582859607267,3.2640530741944436,10.04879189692945,0.029362883087242022,2.2,0.8,0.0,15.0,0.0,
2,66,6.6000000000000005,200,car,2.850857556777415,-1.8829622546527756,-1.7502843307868667,0.10994239267411661,4.5,1.8,0.0,15.0,0.0,
2,66,6.6000000000000005,201,car,179.06275617320196,0.5784908291377915,22.15875702669382,0.0046088553763416525,4.5,1.8,0.0,15.0,0.0,
2,66,6.6000000000000005,202,motorcycle,96.4480483123506,3.2609176041267935,9.976619557082607,-0.048131523754297564,2.2,0.8,0.0,15.0,0.0,
2,67,6.7,200,car,2.660895599991578,-1.8994890516550191,-1.7785937945298667,-0.008850679303821848,4.5,1.8,0.0,15.0,0.0,
2,67,6.7,201,car,181.28473336141278,0.6674321747902441,22.153796439932517,0.01995516026491266,4.5,1.8,0.0,15.0,0.0,
2,67,6.7,202,motorcycle,97.39155023791547,3.318127176486642,9.995406071963226,0.04329085015899098,2.2,0.8,0.0,15.0,0.0,
2,68,6.800000000000001,200,car,2.5543822667830405,-1.8406154893669044,-1.7835146649627556,0.012246961352223409,4.5,1.8,0.0,15.0,0.0,
2,68,6.800000000000001,201,car,183.60646389825118,0.6022247178499647,22.122376050997673,0.0090715698975181,4.5,1.8,0.0,15.0,0.0,
2,68,6.800000000000001,202,motorcycle,98.43261881413834,3.2357165265602412,9.99166794379256,-0.00469993871143924,2.2,0.8,0.0,15.0,0.0,
2,69,6.9,200,car,2.154502788726418,-1.8625748882927804,-1.7913805566051788,-0.008014647141150957,4.5,1.8,0.0,15.0,0.0,
2,69,6.9,201,car,185.9602929308087,0.4806448879990771,22.081144922437442,-0.1306097899159667,4.5,1.8,0.0,15.0,0.0,
2,69,6.9,202,motorcycle,99.38369394190018,3.196152171147641,9.966169084975848,0.055383866974188005,2.2,0.8,0.0,15.0,0.0,
2,70,7.0,200,car,2.061426485299596,-1.85478921586605,-1.8099112092821719,0.05130948340534319,4.5,1.8,0.0,15.0,0.0,
2,70,7.0,201,car,188.16643163706885,0.39881788410723135,21.995332488563214,-0.022065724694784135,4.5,1.8,0.0,15.0,0.0,
2,70,7.0,202,motorcycle,100.45577521211503,3.42380604010195,9.969249602285322,-0.03826777575601522,2.2,0.8,0.0,15.0,0.0,
2,71,7.1000000000000005,200,car,1.7619388435429575,-1.79959372623549,-1.8981420119013852,0.027517255070244412,4.5,1.8,0.0,15.0,0.0,
2,71,7.1000000000000005,201,car,190.44773604655146,0.44244582943051775,21.984349404966288,0.02824703267734073,4.5,1.8,0.0,15.0,0.0,
2,71,7.1000000000000005,202,motorcycle,101.46979400945638,3.345993655915891,10.061770218404073,-0.017583968980525815,2.2,0.8,0.0,15.0,0.0,
2,72,7.2,200,car,1.64969987239781,-2.041455154505061,-1.8343184677623388,0.07343818723272909,4.5,1.8,0.0,15.0,0.0,
2,72,7.2,201,car,192.64915436576075,0.4983229329042936,22.012275164046667,-0.032139178482036214,4.5,1.8,0.0,15.0,0.0,
2,72,7.2,202,motorcycle,102.53068326184071,3.2651306089286356,10.031332372221806,0.05634715716061494,2.2,0.8,0.0,15.0,0.0,
2,73,7.300000000000001,200,car,1.5637337946915963,-2.1120927047166407,-1.8709972849373908,-0.03227983012288361,4.5,1.8,0.0,15.0,0.0,
2,73,7.300000000000001,201,car,194.92364583881195,0.39832445482325385,22.030110795998464,0.03734234053171473,4.5,1.8,0.0,15.0,0.0,
2,73,7.300000000000001,202,motorcycle,103.52499195403358,3.3661369786151285,10.016116863747316,-0.01069278004969572,2.2,0.8,0.0,15.0,0.0,
2,74,7.4,200,car,1.2789094430846717,-2.0103749699546203,-1.9093233072863343,0.017488590885752962,4.5,1.8,0.0,15.0,0.0,
2,74,7.4,201,car,197.1195253116992,0.2930461485120876,21.999655638807297,0.06914361195203671,4.5,1.8,0.0,15.0,0.0,
2,74,7.4,202,motorcycle,104.54676939467176,3.2652219444784443,10.03138327811475,-0.007305701579727256,2.2,0.8,0.0,15.0,0.0,
2,75,7.5,200,car,1.4333817525804564,-1.981862585820393,-1.9283545496396526,0.07100139588935521,4.5,1.8,0.0,15.0,0.0,
2,75,7.5,201,car,199.13538725885064,0.30247816415019735,22.09937706354135,-0.005809964217987703,4.5,1.8,0.0,15.0,0.0,
2,75,7.5,202,motorcycle,105.37657761801842,3.2256301480373843,10.104109180162702,0.018803479816038558,2.2,0.8,0.0,15.0,0.0,
2,76,7.6000000000000005,200,car,1.1566606866652394,-2.0503868665382954,-1.9563395631971432,0.01805989420269981,4.5,1.8,0.0,15.0,0.0,
2,76,7.6000000000000005,201,car,201.47914457849865,0.4077204654301144,22.122177672646806,-0.06658223800287416,4.5,1.8,0.0,15.0,0.0,
2,76,7.6000000000000005,202,motorcycle,106.25419528463534,3.2789553501587605,10.036835625266058,-0.011278351053430214,2.2,0.8,0.0,15.0,0.0,
2,77,7.7,200,car,0.9914417749641427,-2.1641462660745643,-2.0075526799150865,-0.004706053228390933,4.5,1.8,0.0,15.0,0.0,
2,77,7.7,201,car,203.74172737451573,0.5138723424714902,22.152530344385333,0.0036828297496097266,4.5,1.8,0.0,15.0,0.0,
2,77,7.7,202,motorcycle,107.18325937180624,3.1718646505743084,10.011291770849601,0.02049677924902836,2.2,0.8,0.0,15.0,0.0,
2,78,7.800000000000001,200,car,0.8243488776353682,-2.3741364646470764,-2.0468365313284616,0.0602253775803078,4.5,1.8,0.0,15.0,0.0,
2,78,7.800000000000001,201,car,205.9649019137347,0.37217145116119155,22.27032140346524,-0.0014470866157382323,4.5,1.8,0.0,15.0,0.0,
2,78,7.800000000000001,202,motorcycle,108.22282194482254,3.211817126178822,9.992911997541592,-0.036378684091069716,2.2,0.8,0.0,15.0,0.0,
2,79,7.9,200,car,0.831832723009116,-2.2738158776853012,-2.0057396712730275,0.028814459585910536,4.5,1.8,0.0,15.0,0.0,
2,79,7.9,201,car,208.09160231504507,0.4999244703352189,22.22816477056465,0.014164339907532287,4.5,1.8,0.0,15.0,0.0,
2,79,7.9,202,motorcycle,109.05817415403024,3.00773124111407,10.008826557674247,-0.04045496335974541,2.2,0.8,0.0,15.0,0.0,
2,80,8.0,200,car,0.4323419987520859,-2.2197549273905937,-1.8997356327204882,0.06947801292900309,4.5,1.8,0.0,15.0,0.0,
2,80,8.0,201,car,210.28868700357495,0.5008090010049135,22.272550083403846,0.056106400991745346,4.5,1.8,0.0,15.0,0.0,
2,80,8.0,202,motorcycle,110.02470323791509,3.0111490126865275,10.023857298012475,0.027693816013941594,2.2,0.8,0.0,15.0,0.0,
2,81,8.1,200,car,0.22906079127891038,-2.2317634518974683,-1.8307440162327688,0.06047603512214431,4.5,1.8,0.0,15.0,0.0,
2,81,8.1,201,car,212.56368306925896,0.6727199080072064,22.253227795292524,0.08114867243146903,4.5,1.8,0.0,15.0,0.0,
2,81,8.1,202,motorcycle,111.0813405120699,3.3382516249079863,9.96423320167335,-0.03446726261086708,2.2,0.8,0.0,15.0,0.0,
2,82,8.200000000000001,200,car,0.08786617247568826,-2.192040046599569,-1.7332370670240178,-0.0334187341649767,4.5,1.8,0.0,15.0,0.0,
2,82,8.200000000000001,201,car,214.8794977006576,0.788966208475406,22.288460186903556,-0.048049817096216,4.5,1.8,0.0,15.0,0.0,
2,82,8.200000000000001,202,motorcycle,112.21853971276266,3.4611841180395277,9.99421242766287,0.010217384360447708,2.2,0.8,0.0,15.0,0.0,
2,83,8.3,200,car,-0.06284673322227641,-2.199913625823507,-1.7011978103113856,0.0015567426472488778,4.5,1.8,0.0,15.0,0.0,
2,83,8.3,201,car,217.0234912218127,0.6841070439926468,22.250858374220943,0.01110661212747259,4.5,1.8,0.0,15.0,0.0,
2,83,8.3,202,motorcycle,113.21526537188544,3.4827184973684027,10.019253084340175,-0.03136604629584395,2.2,0.8,0.0,15.0,0.0,
2,84,8.4,200,car,-0.08640049741888017,-2.2266847085282544,-1.722869159550461,0.024119311866622622,4.5,1.8,0.0,15.0,0.0,
2,84,8.4,201,car,219.06492603899727,0.6050535990203548,22.299912014155534,-0.08687109645310553,4.5,1.8,0.0,15.0,0.0,
2,84,8.4,202,motorcycle,114.32894810001277,3.633832154004316,10.000780317448987,0.014590638371315504,2.2,0.8,0.0,15.0,0.0,
2,85,8.5,200,car,-0.14677870488882366,-2.2733636273326066,-1.679480383524152,-0.03355743975653358,4.5,1.8,0.0,15.0,0.0,
2,85,8.5,201,car,221.2471570110795,0.5251199525878575,22.317044374115273,0.057898452628277475,4.5,1.8,0.0,15.0,0.0,
2,85,8.5,202,motorcycle,115.31061483854596,3.5067072380130755,9.946644976334646,0.01972997106852702,2.2,0.8,0.0,15.0,0.0,
2,86,8.6,200,car,-0.13031510190181195,-2.233991127401167,-1.6988252110567148,0.03830919834251421,4.5,1.8,0.0,15.0,0.0,
2,86,8.6,201,car,223.45491158493238,0.48729143085143684,22.269121418830508,0.07042244221231779,4.5,1.8,0.0,15.0,0.0,
2,86,8.6,202,motorcycle,116.05135854442986,3.5864931580410024,9.923457729444769,-0.020517036572580638,2.2,0.8,0.0,15.0,0.0,
2,87,8.700000000000001,200,car,-0.13096610739570216,-2.305404236621172,-1.7328286687581353,-0.0065197119459765186,4.5,1.8,0.0,15.0,0.0,
2,87,8.700000000000001,201,car,225.72320846539665,0.4431058526221499,22.190428472303715,-0.04328490904408827,4.5,1.8,0.0,15.0,0.0,
2,87,8.700000000000001,202,motorcycle,117.17183770302078,3.5939708369545538,9.94601209362996,-0.01307106035865188,2.2,0.8,0.0,15.0,0.0,
2,88,8.8,200,car,-0.37019874388884266,-2.1376472916336313,-1.7422382616106893,-0.022168493976356344,4.5,1.8,0.0,15.0,0.0,
2,88,8.8,201,car,228.05186554926257,0.37086981673541136,22.160692105115015,0.0005123342008449002,4.5,1.8,0.0,15.0,0.0,
2,88,8.8,202,motorcycle,118.1664659227926,3.619931971744875,10.050595548099734,0.016812412317618524,2.2,0.8,0.0,15.0,0.0,
2,89,8.9,200,car,-0.7822279663249916,-2.1050173972904753,-1.7403442618862093,0.002172501217572883,4.5,1.8,0.0,15.0,0.0,
2,89,8.9,201,car,230.2925294907137,0.36800198796793143,22.158061500462246,0.030652210488539305,4.5,1.8,0.0,15.0,0.0,
2,89,8.9,202,motorcycle,119.11731739788313,3.5251633381809575,10.201784620730853,-0.03579287218906167,2.2,0.8,0.0,15.0,0.0,
2,90,9.0,200,car,-0.946248101267605,-2.254583422378012,-1.7345208411336381,-0.04666127753446676,4.5,1.8,0.0,15.0,0.0,
2,90,9.0,201,car,232.4640883464749,0.4725084545450438,22.18166197888115,0.028420476228740957,4.5,1.8,0.0,15.0,0.0,
2,90,9.0,202,motorcycle,119.96037537611703,3.7088528551638587,10.14219055518376,0.07642804071469325,2.2,0.8,0.0,15.0,0.0,
2,91,9.1,200,car,-1.01754579878282,-2.1968501481995437,-1.7772700801790573,0.007579492240976146,4.5,1.8,0.0,15.0,0.0,
2,91,9.1,201,car,234.63516240329852,0.47541241169557297,22.169168365926872,-0.10193052532862042,4.5,1.8,0.0,15.0,0.0,
2,91,9.1,202,motorcycle,121.08677284673387,3.7007421395089226,10.117950535208648,-0.028016361641488387,2.2,0.8,0.0,15.0,0.0,
2,92,9.200000000000001,200,car,-1.1594268491640491,-2.286225782028991,-1.8900288581027596,0.02035649016041381,4.5,1.8,0.0,15.0,0.0,
2,92,9.200000000000001,201,car,236.90398953968688,0.45544922922780967,22.111773222167372,0.004446777044464267,4.5,1.8,0.0,15.0,0.0,
2,92,9.200000000000001,202,motorcycle,121.95211466342337,3.5980190798401566,10.080415638383439,0.04219695354457781,2.2,0.8,0.0,15.0,0.0,
2,93,9.3,200,car,-1.3846908300180167,-2.3310124232066367,-1.7922942323321973,0.017623124859435697,4.5,1.8,0.0,15.0,0.0,
2,93,9.3,201,car,239.1490663129511,0.4184791547069322,22.081954638785533,-0.10932032200085753,4.5,1.8,0.0,15.0,0.0,
2,93,9.3,202,motorcycle,123.05703028045407,3.6428500504157943,10.071457338722768,-0.006861335091812787,2.2,0.8,0.0,15.0,0.0,
2,94,9.4,200,car,-1.4903058270251308,-2.486483430514622,-1.8217882989098877,-0.056815143144626525,4.5,1.8,0.0,15.0,0.0,
2,94,9.4,201,car,241.53441270507832,0.5060447078922623,21.971820006728763,-0.07568808133199878,4.5,1.8,0.0,15.0,0.0,
2,94,9.4,202,motorcycle,124.0509414469906,3.595606029208552,10.005238228318923,0.09723811188252447,2.2,0.8,0.0,15.0,0.0,
2,95,9.5,200,car,-1.6412306655178617,-2.439001798228313,-1.8563890463714985,0.03611370735890012,4.5,1.8,0.0,15.0,0.0,
2,95,9.5,201,car,243.693551429653,0.4777103905215124,22.002370104720026,-0.08144987825301499,4.5,1.8,0.0,15.0,0.0,
2,95,9.5,202,motorcycle,125.2111680558076,3.6138449506809396,10.069285438757944,-0.05377098783094092,2.2,0.8,0.0,15.0,0.0,
2,96,9.600000000000001,200,car,-1.9191860825578309,-2.5551918203882944,-1.8438741627382564,0.0032991650959123043,4.5,1.8,0.0,15.0,0.0,
2,96,9.600000000000001,201,car,245.8473472582019,0.3763034712329844,21.939040291233482,-0.0024241950235327995,4.5,1.8,0.0,15.0,0.0,
2,96,9.600000000000001,202,motorcycle,126.17153792172455,3.5452842514451133,10.146639913064526,-0.004116283909636696,2.2,0.8,0.0,15.0,0.0,
2,97,9.700000000000001,200,car,-1.9765692054389639,-2.608517038656564,-1.8316353485483237,-0.0027738008128167448,4.5,1.8,0.0,15.0,0.0,
2,97,9.700000000000001,201,car,247.87148905637343,0.5191373018593757,21.93228261088186,0.037320910981648026,4.5,1.8,0.0,15.0,0.0,
2,97,9.700000000000001,202,motorcycle,127.11099904078485,3.528799813287137,10.103297295068359,0.061799924138169676,2.2,0.8,0.0,15.0,0.0,
2,98,9.8,200,car,-2.1285918055487283,-2.571811685988475,-1.7637261411930747,0.05781706484495115,4.5,1.8,0.0,15.0,0.0,
2,98,9.8,201,car,250.14125157107526,0.3769645671556294,21.897498654906027,-0.05019440680056764,4.5,1.8,0.0,15.0,0.0,
2,98,9.8,202,motorcycle,128.19408213965426,3.545865007462142,10.033771673386829,-0.009437210650561377,2.2,0.8,0.0,15.0,0.0,
2,99,9.9,200,car,-2.454375653239914,-2.5771273347954513,-1.8464947663924338,0.026441374669230647,4.5,1.8,0.0,15.0,0.0,
2,99,9.9,201,car,252.36879769916925,0.5677594164903176,21.939892319380895,-0.021145712791125138,4.5,1.8,0.0,15.0,0.0,
2,99,9.9,202,motorcycle,129.2792663163204,3.4060986193676244,9.985648043202774,0.0166571266037555,2.2,0.8,0.0,15.0,0.0,
3,0,0.0,300,truck,98.81747368669159,-5.404867260961919,0.9695428890135416,0.1881159297483237,12.0,2.5,0.0,15.0,0.0,
3,0,0.0,301,car,59.270041060546184,5.3555539275121475,-8.513573527225713,0.032257256559135694,4.5,1.8,0.0,15.0,0.0,
3,0,0.0,302,car,16.413147687015304,7.903238057347862,-3.490011228005745,-0.08148317429648369,4.5,1.8,0.0,15.0,0.0,
3,0,0.0,303,motorcycle,2.8771307927191003,6.7488568628811745,-6.8372329052817715,-0.006462559686005976,2.2,0.8,0.0,15.0,0.0,
3,0,0.0,304,car,61.34843020738171,6.102631270167605,23.994341929872114,0.2887573504463933,4.5,1.8,0.0,15.0,0.0,
3,1,0.1,300,truck,98.95335851470338,-5.364485796598491,0.9674469034514251,0.20966865437830626,12.0,2.5,0.0,15.0,0.0,
3,1,0.1,301,car,58.441622473972856,5.364688986470563,-8.545624323025091,0.11694556859726032,4.5,1.8,0.0,15.0,0.0,
3,1,0.1,302,car,15.959104569879877,7.937853361806188,-3.5060232651208167,0.006494189175981296,4.5,1.8,0.0,15.0,0.0,
3,1,0.1,303,motorcycle,2.103059248468539,6.674684280736541,-6.885723808444863,0.009710692861524541,2.2,0.8,0.0,15.0,0.0,
3,1,0.1,304,car,63.61055933441206,6.083654155736468,23.8867236387294,0.3007784181527978,4.5,1.8,0.0,15.0,0.0,
3,2,0.2,300,truck,99.0000817191729,-5.492324605553846,1.021727373600128,0.1442853094590593,12.0,2.5,0.0,15.0,0.0,
3,2,0.2,301,car,57.66675441067317,5.306279460931508,-8.46554575413032,0.15442309554356765,4.5,1.8,0.0,15.0,0.0,
3,2,0.2,302,car,15.507697456280392,7.846794525502756,-3.4757470048596013,-0.006624717359527044,4.5,1.8,0.0,15.0,0.0,
3,2,0.2,303,motorcycle,1.3975526169219161,6.802879236199903,-6.92315825211336,0.014275381470297265,2.2,0.8,0.0,15.0,0.0,
3,2,0.2,304,car,66.09469447765024,6.194643746390309,23.878743005353368,0.2863331241101649,4.5,1.8,0.0,15.0,0.0,
3,3,0.30000000000000004,300,truck,98.92837291028081,-5.58352057387446,1.0376453349288646,0.1373912000119475,12.0,2.5,0.0,15.0,0.0,
3,3,0.30000000000000004,301,car,56.82769254311676,5.425647131449271,-8.524911909583434,0.14261408043193516,4.5,1.8,0.0,15.0,0.0,
3,3,0.30000000000000004,302,car,15.178993852135553,7.775716060009351,-3.4041731491632303,0.03880462272113034,4.5,1.8,0.0,15.0,0.0,
3,3,0.30000000000000004,303,motorcycle,0.7342501244194556,6.983729952279791,-6.998103016093867,0.013889067415013176,2.2,0.8,0.0,15.0,0.0,
3,3,0.30000000000000004,304,car,68.51920247507897,6.131821554121933,23.893778732444254,0.23100399942077102,4.5,1.8,0.0,15.0,0.0,
3,4,0.4,300,truck,99.10119317560113,-5.463997977060375,1.051262004985281,0.04475130925870019,12.0,2.5,0.0,15.0,0.0,
3,4,0.4,301,car,55.87852200004181,5.4963795398137805,-8.523851977407816,0.007913949547310756,4.5,1.8,0.0,15.0,0.0,
3,4,0.4,302,car,14.962859575606055,7.793262172906847,-3.4451268823632324,0.08855240259946355,4.5,1.8,0.0,15.0,0.0,
3,4,0.4,303,motorcycle,-0.03331417848062104,6.916273647260871,-6.980185383543165,0.10294099037712792,2.2,0.8,0.0,15.0,0.0,
3,4,0.4,304,car,71.07093906612069,6.19089310395442,23.91689801538677,0.27057894602501226,4.5,1.8,0.0,15.0,0.0,
3,5,0.5,300,truck,99.08062100856272,-5.395108012419306,1.0145583315781046,0.060675212598529225,12.0,2.5,0.0,15.0,0.0,
3,5,0.5,301,car,55.0033900395403,5.5472917674799325,-8.517946804157493,-0.14573756399375423,4.5,1.8,0.0,15.0,0.0,
3,5,0.5,302,car,14.63623605854025,7.866332708396721,-3.4228304649463097,0.08342310528903457,4.5,1.8,0.0,15.0,0.0,
3,5,0.5,303,motorcycle,-0.5671165476418969,6.95770505921075,-6.95830171853351,0.15516558507965636,2.2,0.8,0.0,15.0,0.0,
3,5,0.5,304,car,73.49888816762902,6.128149223215502,23.79498114469779,0.24672290092410817,4.5,1.8,0.0,15.0,0.0,
3,6,0.6000000000000001,300,truck,99.25817139430865,-5.424350124301234,1.054617250192191,0.06811162139454288,12.0,2.5,0.0,15.0,0.0,
3,6,0.6000000000000001,301,car,54.28040196615077,5.503196340368491,-8.494566062829108,-0.12044331076698628,4.5,1.8,0.0,15.0,0.0,
3,6,0.6000000000000001,302,car,14.444113199308738,7.704011288292197,-3.4457508786739677,0.12584891055845976,4.5,1.8,0.0,15.0,0.0,
3,6,0.6000000000000001,303,motorcycle,-1.1083570715173832,6.997228768982924,-6.972936926754584,0.1930215035133786,2.2,0.8,0.0,15.0,0.0,
3,6,0.6000000000000001,304,car,75.96525654962197,6.1168553454411825,23.811496510306668,0.30574926404470665,4.5,1.8,0.0,15.0,0.0,
3,7,0.7000000000000001,300,truck,99.55267901865531,-5.3432784662382495,1.0568241950254709,0.06540786259264747,12.0,2.5,0.0,15.0,0.0,
3,7,0.7000000000000001,301,car,53.48668501558722,5.479584725043847,-8.48508403787799,-0.17333712399353002,4.5,1.8,0.0,15.0,0.0,
3,7,0.7000000000000001,302,car,14.229243831090457,7.602577706633175,-3.4673564666966183,0.13072857360105045,4.5,1.8,0.0,15.0,0.0,
3,7,0.7000000000000001,303,motorcycle,-1.6065520762039778,6.9742626208490295,-7.006237717452604,0.1654806576466889,2.2,0.8,0.0,15.0,0.0,
3,7,0.7000000000000001,304,car,78.51229591741377,5.866195572495052,23.761359609699237,0.44231369950268423,4.5,1.8,0.0,15.0,0.0,
3,8,0.8,300,truck,99.71744964550702,-5.447336174912906,1.0547282959167323,0.06878059089604055,12.0,2.5,0.0,15.0,0.0,
3,8,0.8,301,car,52.722789136389984,5.6462012129267505,-8.465656453814029,-0.20032653914417806,4.5,1.8,0.0,15.0,0.0,
3,8,0.8,302,car,13.961216628630615,7.545825294306994,-3.51902334149607,0.04273313000322819,4.5,1.8,0.0,15.0,0.0,
3,8,0.8,303,motorcycle,-2.463688687399278,6.901166171001271,-7.065127205837647,0.18114248401542477,2.2,0.8,0.0,15.0,0.0,
3,8,0.8,304,car,80.76849169580129,5.596060312242845,23.709164020969766,0.41872071711661324,4.5,1.8,0.0,15.0,0.0,
3,9,0.9,300,truck,99.7623775263115,-5.288505647892384,1.0240511679522748,0.11282676405600045,12.0,2.5,0.0,15.0,0.0,
3,9,0.9,301,car,51.874325231040494,5.6219380864450725,-8.50742546825643,-0.2032656717232164,4.5,1.8,0.0,15.0,0.0,
3,9,0.9,302,car,13.532804681791266,7.5671010387327735,-3.530835823127254,-0.004498266656351821,4.5,1.8,0.0,15.0,0.0,
3,9,0.9,303,motorcycle,-3.071011974012983,6.961964467404956,-7.087530342544759,0.18841713636719026,2.2,0.8,0.0,15.0,0.0,
3,9,0.9,304,car,83.13102584574807,5.55117329022818,23.712688832420824,0.3876701293762445,4.5,1.8,0.0,15.0,0.0,
3,10,1.0,300,truck,99.77028925954471,-5.439499704513436,1.0061208002753432,0.1411752970351866,12.0,2.5,0.0,15.0,0.0,
3,10,1.0,301,car,50.95411674887696,5.853682388488548,-8.463141185573793,-0.1380491650901925,4.5,1.8,0.0,15.0,0.0,
3,10,1.0,302,car,13.259245400685916,7.751937709560996,-3.5701859223008814,-0.1325351359392829,4.5,1.8,0.0,15.0,0.0,
3,10,1.0,303,motorcycle,-3.8243775691027473,7.036628038596428,-7.07995449395736,0.20219076691557944,2.2,0.8,0.0,15.0,0.0,
3,10,1.0,304,car,85.63438572925713,5.628146060612054,23.752634478800374,0.3406919922836066,4.5,1.8,0.0,15.0,0.0,
3,11,1.1,300,truck,99.76136197065064,-5.263970782507468,1.0111658770326966,0.11001383786287987,12.0,2.5,0.0,15.0,0.0,
3,11,1.1,301,car,50.04566318096487,5.774965159815703,-8.498589136626086,-0.2022065552203755,4.5,1.8,0.0,15.0,0.0,
3,11,1.1,302,car,12.752184768233779,7.719183758201626,-3.5998322158169014,-0.07717717166711813,4.5,1.8,0.0,15.0,0.0,
3,11,1.1,303,motorcycle,-4.503065353171792,7.083378883295784,-7.117110514335082,0.19613934612658065,2.2,0.8,0.0,15.0,0.0,
3,11,1.1,304,car,88.04574928750031,5.733834833811683,23.747939887474455,0.39464818124981704,4.5,1.8,0.0,15.0,0.0,
3,12,1.2000000000000002,300,truck,99.86327748924471,-5.173684686869412,0.9866732666032391,0.019384419534447778,12.0,2.5,0.0,15.0,0.0,
3,12,1.2000000000000002,301,car,49.222640166104114,5.827276910608328,-8.469821770035708,-0.1810972221485035,4.5,1.8,0.0,15.0,0.0,
3,12,1.2000000000000002,302,car,12.35734285005659,7.6307914158903545,-3.5722458023647126,-0.05585480085720437,4.5,1.8,0.0,15.0,0.0,
3,12,1.2000000000000002,303,motorcycle,-5.270866313689683,7.2139352368276475,-7.161253790062462,0.16696317718702863,2.2,0.8,0.0,15.0,0.0,
3,12,1.2000000000000002,304,car,90.58418579748192,5.860157845710056,23.730039422179903,0.4090172167319946,4.5,1.8,0.0,15.0,0.0,
3,13,1.3,300,truck,99.9774240403574,-5.446307631413705,0.94134956912957,0.0168420886789837,12.0,2.5,0.0,15.0,0.0,
3,13,1.3,301,car,48.339996841444616,5.833877444876519,-8.413347654388312,-0.19717401138119986,4.5,1.8,0.0,15.0,0.0,
3,13,1.3,302,car,11.894352790207833,7.657691101655739,-3.588576969043103,-0.06365797589829951,4.5,1.8,0.0,15.0,0.0,
3,13,1.3,303,motorcycle,-6.016169064611237,7.454815334547448,-7.273289003112359,0.14754648203039633,2.2,0.8,0.0,15.0,0.0,
3,13,1.3,304,car,92.95682083713507,5.822945318154977,23.775030713786318,0.4496801006679766,4.5,1.8,0.0,15.0,0.0,
3,14,1.4000000000000001,300,truck,100.06678353542151,-5.471690798080177,0.9357517274179876,0.011602755996593165,12.0,2.5,0.0,15.0,0.0,
3,14,1.4000000000000001,301,car,47.49082477319321,5.795360133586719,-8.400725188658694,-0.1595134081398066,4.5,1.8,0.0,15.0,0.0,
3,14,1.4000000000000001,302,car,11.412469078543664,7.5462589141425935,-3.676002870517279,-0.02033810588041953,4.5,1.8,0.0,15.0,0.0,
3,14,1.4000000000000001,303,motorcycle,-6.718465635603427,7.520096734343765,-7.344763915030533,0.23679388817440325,2.2,0.8,0.0,15.0,0.0,
3,14,1.4000000000000001,304,car,95.27343881769916,5.8847339089329,23.817749946820236,0.400331112878173,4.5,1.8,0.0,15.0,0.0,
3,15,1.5,300,truck,100.10572627231204,-5.45261334502043,1.078625381191223,0.02665899313919438,12.0,2.5,0.0,15.0,0.0,
3,15,1.5,301,car,46.811388369390414,5.899976107291934,-8.382324686833968,-0.20897319672134054,4.5,1.8,0.0,15.0,0.0,
3,15,1.5,302,car,11.15084415257376,7.394414069389747,-3.5959591143334246,-0.010337840469506766,4.5,1.8,0.0,15.0,0.0,
3,15,1.5,303,motorcycle,-7.717964381836298,7.509725513658021,-7.312066523984385,0.22494269452241492,2.2,0.8,0.0,15.0,0.0,
3,15,1.5,304,car,97.72671439348053,5.839764603449488,23.752450828180855,0.39675884272579276,4.5,1.8,0.0,15.0,0.0,
3,16,1.6,300,truck,100.21674537716015,-5.484785880812743,1.1399899385233325,-0.0158513756177585,12.0,2.5,0.0,15.0,0.0,
3,16,1.6,301,car,46.00447246144026,5.885875784736163,-8.460160484440772,-0.27492470590476614,4.5,1.8,0.0,15.0,0.0,
3,16,1.6,302,car,10.792439342765281,7.591500285211493,-3.566995623738484,-0.09661958172673842,4.5,1.8,0.0,15.0,0.0,
3,16,1.6,303,motorcycle,-8.760219840746672,7.605525142410701,-7.316877198130795,0.2820059929979334,2.2,0.8,0.0,15.0,0.0,
3,16,1.6,304,car,100.01388768422747,5.914461737507921,23.794759501332248,0.37438566081546865,4.5,1.8,0.0,15.0,0.0,
3,17,1.7000000000000002,300,truck,100.28813581398938,-5.48384473526468,1.167123755851349,-0.016568075843354048,12.0,2.5,0.0,15.0,0.0,
3,17,1.7000000000000002,301,car,45.25585604677213,5.812189795218983,-8.526580244713928,-0.17607593749910716,4.5,1.8,0.0,15.0,0.0,
3,17,1.7000000000000002,302,car,10.37527640673719,7.524994118667044,-3.570285789792093,-0.09326052624403935,4.5,1.8,0.0,15.0,0.0,
3,17,1.7000000000000002,303,motorcycle,-9.530575924808579,7.631982352015593,-7.318865309702204,0.2907469593489737,2.2,0.8,0.0,15.0,0.0,
3,17,1.7000000000000002,304,car,102.15761488846196,6.139987934290253,23.78739508565552,0.4034167917878179,4.5,1.8,0.0,15.0,0.0,
3,18,1.8,300,truck,100.26703805542112,-5.53260156897394,1.1335079625353282,0.05691811238207322,12.0,2.5,0.0,15.0,0.0,
3,18,1.8,301,car,44.344616661617145,5.870390200163082,-8.559101267347588,-0.19870688448180437,4.5,1.8,0.0,15.0,0.0,
3,18,1.8,302,car,9.993692811237912,7.64405257872557,-3.6647784227435993,-0.159043704007761,4.5,1.8,0.0,15.0,0.0,
3,18,1.8,303,motorcycle,-10.45719297234778,7.552306835974346,-7.359445312261809,0.21002289664445425,2.2,0.8,0.0,15.0,0.0,
3,18,1.8,304,car,104.46293962236604,5.9788581653756925,23.736495649467134,0.46343781178332794,4.5,1.8,0.0,15.0,0.0,
3,19,1.9000000000000001,300,truck,100.42074765870277,-5.50816299051848,1.0833690347213725,-0.019886135570162992,12.0,2.5,0.0,15.0,0.0,
3,19,1.9000000000000001,301,car,43.37479092732896,5.8461985290253,-8.515692428361254,-0.15358851362503834,4.5,1.8,0.0,15.0,0.0,
3,19,1.9000000000000001,302,car,9.690276205211886,7.5543925219179995,-3.6635509311234,-0.17511083050962328,4.5,1.8,0.0,15.0,0.0,
3,19,1.9000000000000001,303,motorcycle,-11.213256479923436,7.777021915334773,-7.4475453241119896,0.19828905584834122,2.2,0.8,0.0,15.0,0.0,
3,19,1.9000000000000001,304,car,106.95776407803237,5.878612797050671,23.704308278203822,0.43698588690494594,4.5,1.8,0.0,15.0,0.0,
3,20,2.0,300,truck,100.5067555899695,-5.669747320036119,1.1131333377382744,0.013428228555494214,12.0,2.5,0.0,15.0,0.0,
3,20,2.0,301,car,42.57405921699463,5.743802310233688,-8.51136688882189,-0.19856052560349272,4.5,1.8,0.0,15.0,0.0,
3,20,2.0,302,car,9.290661446022394,7.752228231584125,-3.6587661622435874,-0.23448715930898195,4.5,1.8,0.0,15.0,0.0,
3,20,2.0,303,motorcycle,-11.939977478268242,7.661671228313276,-7.50749584373774,0.14623289905090167,2.2,0.8,0.0,15.0,0.0,
3,20,2.0,304,car,109.28376396063318,6.016008285300086,23.733228188104665,0.4631356533173124,4.5,1.8,0.0,15.0,0.0,
3,21,2.1,300,truck,100.50817646718427,-5.722535932724134,1.1267333930824337,-0.017987770713926432,12.0,2.5,0.0,15.0,0.0,
3,21,2.1,301,car,41.695085884082324,5.768082126926334,-8.528805522881955,-0.18725754614839146,4.5,1.8,0.0,15.0,0.0,
3,21,2.1,302,car,9.084057675399992,7.711593635754527,-3.599799271757627,-0.20651865594361404,4.5,1.8,0.0,15.0,0.0,
3,21,2.1,303,motorcycle,-12.837451261990692,7.566080815292014,-7.549175637891235,0.1034911532042625,2.2,0.8,0.0,15.0,0.0,
3,21,2.1,304,car,111.64805780483296,6.12378625544,23.7959861089399,0.4785444077535665,4.5,1.8,0.0,15.0,0.0,
3,22,2.2,300,truck,100.5762818508872,-5.932558834158515,1.1302628718533005,-0.01669926102917687,12.0,2.5,0.0,15.0,0.0,
3,22,2.2,301,car,40.86049820714802,5.959980402081828,-8.4667756955723,-0.14800450023589218,4.5,1.8,0.0,15.0,0.0,
3,22,2.2,302,car,8.627870035217068,7.639642295240491,-3.6045415021040523,-0.24528901214413174,4.5,1.8,0.0,15.0,0.0,
3,22,2.2,303,motorcycle,-13.542322373281303,7.61212081553401,-7.6035910275439695,0.16333198865906873,2.2,0.8,0.0,15.0,0.0,
3,22,2.2,304,car,114.03788744910784,5.998733581541131,23.793418966022653,0.4926047305497117,4.5,1.8,0.0,15.0,0.0,
3,23,2.3000000000000003,300,truck,100.78658737421611,-5.967976400574094,1.171659785225661,-0.007342161690666083,12.0,2.5,0.0,15.0,0.0,
3,23,2.3000000000000003,301,car,39.88231517668703,5.803663274709987,-8.410647702064834,-0.08820529131680371,4.5,1.8,0.0,15.0,0.0,
3,23,2.3000000000000003,302,car,8.299706808047135,7.76468406614408,-3.551711009651972,-0.21110757567014568,4.5,1.8,0.0,15.0,0.0,
3,23,2.3000000000000003,303,motorcycle,-14.393812624909067,7.801596889503152,-7.576775955933556,0.14404004992848765,2.2,0.8,0.0,15.0,0.0,
3,23,2.3000000000000003,304,car,116.35040234517959,6.073672432747489,23.70986601178073,0.5275883943173548,4.5,1.8,0.0,15.0,0.0,
3,24,2.4000000000000004,300,truck,100.80839627126927,-5.931649805860731,1.145578768357753,-0.020563097326901265,12.0,2.5,0.0,15.0,0.0,
3,24,2.4000000000000004,301,car,38.965559419204034,5.778719802460227,-8.316178724763967,-0.01895230996437168,4.5,1.8,0.0,15.0,0.0,
3,24,2.4000000000000004,302,car,7.979983602581484,7.741043882020571,-3.509500950117328,-0.15460905596476784,4.5,1.8,0.0,15.0,0.0,
3,24,2.4000000000000004,303,motorcycle,-15.234472058723176,7.808257007732781,-7.66787386741196,0.2001951554415324,2.2,0.8,0.0,15.0,0.0,
3,24,2.4000000000000004,304,car,118.92789137212775,6.134439534641532,23.60361550553558,0.5580329201462064,4.5,1.8,0.0,15.0,0.0,
3,25,2.5,300,truck,100.83254523149014,-6.000041059759867,1.1769075878473032,-0.007835391051265045,12.0,2.5,0.0,15.0,0.0,
3,25,2.5,301,car,38.085130669193774,5.711864008203623,-8.309886922002926,-0.039425587589990055,4.5,1.8,0.0,15.0,0.0,
3,25,2.5,302,car,7.51810979420945,7.692326658276258,-3.492521318954569,-0.16351422930574952,4.5,1.8,0.0,15.0,0.0,
3,25,2.5,303,motorcycle,-16.14261030528919,7.927182985414488,-7.804814439259127,0.17787689769011064,2.2,0.8,0.0,15.0,0.0,
3,25,2.5,304,car,121.22623307722591,6.205060714443294,23.631698595925716,0.6143711605592582,4.5,1.8,0.0,15.0,0.0,
3,26,2.6,300,truck,100.87899550293966,-5.942166365131644,1.1866985072413763,-0.09341235981042621,12.0,2.5,0.0,15.0,0.0,
3,26,2.6,301,car,37.44419600253689,5.564043936720603,-8.28891205838744,-0.019927590380102667,4.5,1.8,0.0,15.0,0.0,
3,26,2.6,302,car,7.196421340546901,7.626517547129522,-3.4511586863975436,-0.2415326030029043,4.5,1.8,0.0,15.0,0.0,
3,26,2.6,303,motorcycle,-16.92967462808249,7.888583207528253,-7.838679336362479,0.19931428706278792,2.2,0.8,0.0,15.0,0.0,
3,26,2.6,304,car,123.69715079109045,6.232172254315533,23.670732650422003,0.6168581938314881,4.5,1.8,0.0,15.0,0.0,
3,27,2.7,300,truck,100.90839213273999,-5.977302810436793,1.1717242127017955,-0.12824535543569854,12.0,2.5,0.0,15.0,0.0,
3,27,2.7,301,car,36.65815308956373,5.585515796453069,-8.368444543300912,-0.10250389014207056,4.5,1.8,0.0,15.0,0.0,
3,27,2.7,302,car,6.893773917227722,7.520835643949778,-3.4360566286425276,-0.20248602409744487,4.5,1.8,0.0,15.0,0.0,
3,27,2.7,303,motorcycle,-17.840637845459295,7.7673609107769135,-7.754957752242714,0.21689282621091088,2.2,0.8,0.0,15.0,0.0,
3,27,2.7,304,car,126.02229999046531,6.200464028434055,23.64521060797664,0.5573295770258226,4.5,1.8,0.0,15.0,0.0,
3,28,2.8000000000000003,300,truck,101.11390577141923,-6.067802461340995,1.2264009421126087,-0.1482768014241991,12.0,2.5,0.0,15.0,0.0,
3,28,2.8000000000000003,301,car,35.71697361687191,5.532635248637482,-8.499652882175983,-0.10854231897577091,4.5,1.8,0.0,15.0,0.0,
3,28,2.8000000000000003,302,car,6.533156335250453,7.58306131619483,-3.5303718750416966,-0.1443927060542675,4.5,1.8,0.0,15.0,0.0,
3,28,2.8000000000000003,303,motorcycle,-18.5340736911838,7.914254549767871,-7.757593821042922,0.26758766791604865,2.2,0.8,0.0,15.0,0.0,
3,28,2.8000000000000003,304,car,128.2396966477723,6.32750174265709,23.606652469871644,0.47475948540467583,4.5,1.8,0.0,15.0,0.0,
3,29,2.9000000000000004,300,truck,101.12413181381406,-6.082077027620488,1.1851859817017285,-0.1294731248394091,12.0,2.5,0.0,15.0,0.0,
3,29,2.9000000000000004,301,car,34.686184573153916,5.309071262378319,-8.431033510468804,-0.06335231250569918,4.5,1.8,0.0,15.0,0.0,
3,29,2.9000000000000004,302,car,6.075189464154902,7.56832208124235,-3.4793965220316303,-0.12343267563973721,4.5,1.8,0.0,15.0,0.0,
3,29,2.9000000000000004,303,motorcycle,-19.295010763669744,8.050528724690736,-7.794129444802983,0.26914659034928007,2.2,0.8,0.0,15.0,0.0,
3,29,2.9000000000000004,304,car,130.59857703093022,6.347701486430454,23.587162194300607,0.47840289729610036,4.5,1.8,0.0,15.0,0.0,
3,30,3.0,300,truck,101.24609116158278,-6.199867104357881,1.2252757771967508,-0.178292385227722,12.0,2.5,0.0,15.0,0.0,
3,30,3.0,301,car,33.82125787765232,5.273207983855745,-8.413128329835844,-0.1693075095165658,4.5,1.8,0.0,15.0,0.0,
3,30,3.0,302,car,5.816340793444685,7.48827977891716,-3.4183983572927774,-0.14734092186554493,4.5,1.8,0.0,15.0,0.0,
3,30,3.0,303,motorcycle,-20.079308066723446,8.268821987732506,-7.8079963552426666,0.331089084582953,2.2,0.8,0.0,15.0,0.0,
3,30,3.0,304,car,132.9611977589167,6.437083659189413,23.590660123771176,0.5207954786111065,4.5,1.8,0.0,15.0,0.0,
3,31,3.1,300,truck,101.30006557801715,-6.316101195182571,1.1933469676778998,-0.17330686641151746,12.0,2.5,0.0,15.0,0.0,
3,31,3.1,301,car,32.957863166113704,5.327304720551205,-8.347891744844768,-0.21809942637831625,4.5,1.8,0.0,15.0,0.0,
3,31,3.1,302,car,5.401106078554014,7.32992174489932,-3.316879707754822,-0.13210744690945359,4.5,1.8,0.0,15.0,0.0,
3,31,3.1,303,motorcycle,-20.812127470242554,8.167910057687697,-7.80805485469301,0.35655148380360724,2.2,0.8,0.0,15.0,0.0,
3,31,3.1,304,car,135.2949880022404,6.596733769533162,23.706251680053317,0.47344233725640894,4.5,1.8,0.0,15.0,0.0,
3,32,3.2,300,truck,101.31719155018727,-6.42120748837658,1.2736569256787245,-0.12118910056003324,12.0,2.5,0.0,15.0,0.0,
3,32,3.2,301,car,32.10952120984986,5.3091507443534605,-8.388718926154604,-0.17359806849115705,4.5,1.8,0.0,15.0,0.0,
3,32,3.2,302,car,5.0314279253676775,7.290703346262874,-3.2864402191783593,-0.14150719381361465,4.5,1.8,0.0,15.0,0.0,
3,32,3.2,303,motorcycle,-21.61642955506164,8.204622726620965,-7.768287084003356,0.4388761375777989,2.2,0.8,0.0,15.0,0.0,
3,32,3.2,304,car,137.7241617934703,6.72440942562123,23.69625897694826,0.4380524440979731,4.5,1.8,0.0,15.0,0.0,
3,33,3.3000000000000003,300,truck,101.50995586597867,-6.416202315972526,1.202525493241237,-0.13759258173131314,12.0,2.5,0.0,15.0,0.0,
3,33,3.3000000000000003,301,car,31.262359614886243,5.240745150801497,-8.314632146427497,-0.14960611664604623,4.5,1.8,0.0,15.0,0.0,
3,33,3.3000000000000003,302,car,4.840101395238706,7.3028951530467285,-3.2823708273571053,-0.1883370846941271,4.5,1.8,0.0,15.0,0.0,
3,33,3.3000000000000003,303,motorcycle,-22.392065310142318,8.249815732946288,-7.836642778205068,0.4118997640892792,2.2,0.8,0.0,15.0,0.0,
3,33,3.3000000000000003,304,car,140.0614594313135,6.8095626244366,23.719326482547547,0.40898651999971286,4.5,1.8,0.0,15.0,0.0,
3,34,3.4000000000000004,300,truck,101.67709537555697,-6.4481694670805085,1.0590444919984892,-0.16182768332889025,12.0,2.5,0.0,15.0,0.0,
3,34,3.4000000000000004,301,car,30.538795264257732,5.057603963474125,-8.30899758640672,-0.07034305593678186,4.5,1.8,0.0,15.0,0.0,
3,34,3.4000000000000004,302,car,4.435803017201948,7.284276352620084,-3.347571640218501,-0.1069755276109485,4.5,1.8,0.0,15.0,0.0,
3,34,3.4000000000000004,303,motorcycle,-23.184062850662485,8.29566839363462,-7.768927754929787,0.4449736838215532,2.2,0.8,0.0,15.0,0.0,
3,34,3.4000000000000004,304,car,142.34582920631857,6.78573348402784,23.744073047773714,0.3777804672465659,4.5,1.8,0.0,15.0,0.0,
3,35,3.5,300,truck,101.57127549354477,-6.469676315277305,0.9850338589422487,-0.08101359565070394,12.0,2.5,0.0,15.0,0.0,
3,35,3.5,301,car,29.725574269393377,4.960052152206089,-8.343929207139842,-0.1648129353304779,4.5,1.8,0.0,15.0,0.0,
3,35,3.5,302,car,3.991099664502048,7.375211120113059,-3.2359823329438817,-0.07065570195100057,4.5,1.8,0.0,15.0,0.0,
3,35,3.5,303,motorcycle,-23.970159880017565,8.296969824451383,-7.816752545608605,0.5479619787885402,2.2,0.8,0.0,15.0,0.0,
3,35,3.5,304,car,144.7013616409095,7.0350745137587465,23.813749023254218,0.2907406456792522,4.5,1.8,0.0,15.0,0.0,
3,36,3.6,300,truck,101.60318363986306,-6.544682187259758,0.9810415407369617,-0.08402930830639162,12.0,2.5,0.0,15.0,0.0,
3,36,3.6,301,car,29.190805258219207,4.835848071225565,-8.332480710356624,-0.13398754820708772,4.5,1.8,0.0,15.0,0.0,
3,36,3.6,302,car,3.66734423076074,7.379163607696095,-3.288222777659211,-0.06533139222086648,4.5,1.8,0.0,15.0,0.0,
3,36,3.6,303,motorcycle,-24.70069523496099,8.38452608075735,-7.788242500413,0.6185923738203518,2.2,0.8,0.0,15.0,0.0,
3,36,3.6,304,car,147.17643319742638,7.071278039676415,23.755161105660054,0.2607403819436962,4.5,1.8,0.0,15.0,0.0,
3,37,3.7,300,truck,101.67932467874502,-6.527850534956253,0.9571249026619919,-0.1308159682656092,12.0,2.5,0.0,15.0,0.0,
3,37,3.7,301,car,28.23873731827151,4.657331540499303,-8.344228245545352,-0.207470820310603,4.5,1.8,0.0,15.0,0.0,
3,37,3.7,302,car,3.2384693845790795,7.333240281189578,-3.3550186431287825,-0.046343782795931626,4.5,1.8,0.0,15.0,0.0,
3,37,3.7,303,motorcycle,-25.40549717864172,8.391442616161847,-7.8100938657935,0.6454638623273057,2.2,0.8,0.0,15.0,0.0,
3,37,3.7,304,car,149.4805497982689,7.0190786867110555,23.81498602956937,0.30494976887933556,4.5,1.8,0.0,15.0,0.0,
3,38,3.8000000000000003,300,truck,101.8351921692456,-6.448367669643404,0.8582609663936238,-0.06312419092595384,12.0,2.5,0.0,15.0,0.0,
3,38,3.8000000000000003,301,car,27.44352070537535,4.737662596868817,-8.324870156589535,-0.2050245790765952,4.5,1.8,0.0,15.0,0.0,
3,38,3.8000000000000003,302,car,2.8754365990299955,7.365320340598606,-3.37060603857401,-0.0029499777926760007,4.5,1.8,0.0,15.0,0.0,
3,38,3.8000000000000003,303,motorcycle,-26.34515222967629,8.401831416215149,-7.707852703369668,0.6141598391486861,2.2,0.8,0.0,15.0,0.0,
3,38,3.8000000000000003,304,car,151.83818002891948,6.961315570263981,23.83177831321366,0.2681365243722258,4.5,1.8,0.0,15.0,0.0,
3,39,3.9000000000000004,300,truck,101.90245717240427,-6.369793435132492,0.823322795452883,-0.02369363496269279,12.0,2.5,0.0,15.0,0.0,
3,39,3.9000000000000004,301,car,26.693256621272432,4.822655748433086,-8.317843106843632,-0.0429616252277559,4.5,1.8,0.0,15.0,0.0,
3,39,3.9000000000000004,302,car,2.6438293648268028,7.397513105260021,-3.414402259278097,-0.00780293408638305,4.5,1.8,0.0,15.0,0.0,
3,39,3.9000000000000004,303,motorcycle,-26.973304802323252,8.634200861692644,-7.6339362483476565,0.653419454485167,2.2,0.8,0.0,15.0,0.0,
3,39,3.9000000000000004,304,car,154.0957918396113,7.0368454044837705,23.76970819431101,0.19376296470318788,4.5,1.8,0.0,15.0,0.0,
3,40,4.0,300,truck,102.00870532040727,-6.319842853901787,0.8684916503769232,0.0011631770566119075,12.0,2.5,0.0,15.0,0.0,
3,40,4.0,301,car,25.914630909162344,4.7198943274110725,-8.323091941077866,-0.1183174645094803,4.5,1.8,0.0,15.0,0.0,
3,40,4.0,302,car,2.1020522259589733,7.47079708283569,-3.452058478967645,0.03582199102076963,4.5,1.8,0.0,15.0,0.0,
3,40,4.0,303,motorcycle,-27.625863669370013,8.63761107467884,-7.6044206936198915,0.620361618054485,2.2,0.8,0.0,15.0,0.0,
3,40,4.0,304,car,156.28817477157975,7.068552641398335,23.74616450032522,0.17175851417383128,4.5,1.8,0.0,15.0,0.0,
3,41,4.1000000000000005,300,truck,102.29308879722952,-6.472312234469393,0.8876352071454968,-0.04857718480062567,12.0,2.5,0.0,15.0,0.0,
3,41,4.1000000000000005,301,car,25.17314785598129,4.737905704577631,-8.304124723618836,-0.1655619453895933,4.5,1.8,0.0,15.0,0.0,
3,41,4.1000000000000005,302,car,1.6802875867333764,7.567104332672356,-3.363518592881267,0.059837381881978985,4.5,1.8,0.0,15.0,0.0,
3,41,4.1000000000000005,303,motorcycle,-28.476047810809145,8.733541088730496,-7.483047091403011,0.6254827585904306,2.2,0.8,0.0,15.0,0.0,
3,41,4.1000000000000005,304,car,158.80897530755163,7.011695556231847,23.7440601977434,0.2027367744801084,4.5,1.8,0.0,15.0,0.0,
3,42,4.2,300,truck,102.42158514877035,-6.553808820960572,0.8471593342889668,0.0008370353545072567,12.0,2.5,0.0,15.0,0.0,
3,42,4.2,301,car,24.461890464884423,4.872563865850863,-8.213928199456193,-0.15883097357346346,4.5,1.8,0.0,15.0,0.0,
3,42,4.2,302,car,1.3128158030220904,7.708187164738401,-3.327865128788688,0.01071461894859941,4.5,1.8,0.0,15.0,0.0,
3,42,4.2,303,motorcycle,-29.32771608650134,8.84528238472517,-7.491910824477212,0.6241612608533957,2.2,0.8,0.0,15.0,0.0,
3,42,4.2,304,car,161.290634663797,7.107872948178361,23.810553860164323,0.10615996916144008,4.5,1.8,0.0,15.0,0.0,
3,43,4.3,300,truck,102.53164087392136,-6.4842562651854,0.7708300414545827,-0.03190774671099135,12.0,2.5,0.0,15.0,0.0,
3,43,4.3,301,car,23.556449128705914,4.858850585599508,-8.13253550102149,-0.057701503340218424,4.5,1.8,0.0,15.0,0.0,
3,43,4.3,302,car,0.8986005348358934,7.761914351682618,-3.299925236181572,0.030095907524336798,4.5,1.8,0.0,15.0,0.0,
3,43,4.3,303,motorcycle,-30.03700920547514,8.938072761055643,-7.407532318436891,0.6792845865717986,2.2,0.8,0.0,15.0,0.0,
3,43,4.3,304,car,163.56567466005362,7.19806105318256,23.855172528889895,0.12190833351902952,4.5,1.8,0.0,15.0,0.0,
3,44,4.4,300,truck,102.7218663151171,-6.4686396364265955,0.7808534275083953,-0.025845719477139185,12.0,2.5,0.0,15.0,0.0,
3,44,4.4,301,car,22.541371170023798,4.845040595874899,-8.165948029744218,-0.1170239022498463,4.5,1.8,0.0,15.0,0.0,
3,44,4.4,302,car,0.7120098396916885,7.815344694288498,-3.3014167902287994,0.0018557399692154808,4.5,1.8,0.0,15.0,0.0,
3,44,4.4,303,motorcycle,-30.748145478855957,9.105144829044574,-7.448880610614238,0.679043167957968,2.2,0.8,0.0,15.0,0.0,
3,44,4.4,304,car,166.03799856282774,7.016651773626049,23.852294040769625,0.10044376499165258,4.5,1.8,0.0,15.0,0.0,
3,45,4.5,300,truck,102.78656867209243,-6.5213870640115,0.7877346577687601,0.07033564154399671,12.0,2.5,0.0,15.0,0.0,
3,45,4.5,301,car,21.69238411965652,4.862509306559325,-8.066210708823762,-0.14452468116847406,4.5,1.8,0.0,15.0,0.0,
3,45,4.5,302,car,0.5633356955617055,7.81606256894813,-3.2123219789355533,0.03936579621653144,4.5,1.8,0.0,15.0,0.0,
3,45,4.5,303,motorcycle,-31.46232270365914,9.166486077651713,-7.480082682608199,0.6828327454561857,2.2,0.8,0.0,15.0,0.0,
3,45,4.5,304,car,168.5129641128067,7.025385007025547,23.836462900516533,0.08790463828276393,4.5,1.8,0.0,15.0,0.0,
3,46,4.6000000000000005,300,truck,102.96458979922761,-6.391837354347115,0.7543771320803415,0.036906248671622226,12.0,2.5,0.0,15.0,0.0,
3,46,4.6000000000000005,301,car,20.923698940740856,5.000810044918203,-8.008911193408133,-0.20711729177746963,4.5,1.8,0.0,15.0,0.0,
3,46,4.6000000000000005,302,car,0.21569590066896394,7.726938793100832,-3.225697605031316,0.11958629601829916,4.5,1.8,0.0,15.0,0.0,
3,46,4.6000000000000005,303,motorcycle,-32.35259103679826,9.072882822869314,-7.521510390279879,0.6971982755849853,2.2,0.8,0.0,15.0,0.0,
3,46,4.6000000000000005,304,car,170.95868588492243,7.077920314339977,23.895247170678083,-0.00024964142893253716,4.5,1.8,0.0,15.0,0.0,
3,47,4.7,300,truck,103.15886116627154,-6.419356261484582,0.7909518475705849,-0.029265022666538,12.0,2.5,0.0,15.0,0.0,
3,47,4.7,301,car,20.12330349110095,5.003725392799358,-7.951123641533212,-0.2863800229078579,4.5,1.8,0.0,15.0,0.0,
3,47,4.7,302,car,-0.10379860498067728,7.630373893588447,-3.2004228028209023,0.15844712284110546,4.5,1.8,0.0,15.0,0.0,
3,47,4.7,303,motorcycle,-32.976025051575434,9.089099704996976,-7.475149065995439,0.7652433549588379,2.2,0.8,0.0,15.0,0.0,
3,47,4.7,304,car,173.1838859050047,7.139129842206929,23.94317273336709,-0.013185960748304408,4.5,1.8,0.0,15.0,0.0,
3,48,4.800000000000001,300,truck,103.11687899327609,-6.327987188140269,0.7309764061926971,-0.038182594392083116,12.0,2.5,0.0,15.0,0.0,
3,48,4.800000000000001,301,car,19.324178721167293,5.046641195678972,-7.9824552195088385,-0.3206092073492507,4.5,1.8,0.0,15.0,0.0,
3,48,4.800000000000001,302,car,-0.41394933738645645,7.746857653634533,-3.086050302788245,0.08307306285216673,4.5,1.8,0.0,15.0,0.0,
3,48,4.800000000000001,303,motorcycle,-33.69200575639632,9.05697053786943,-7.424208503835103,0.7183161275933763,2.2,0.8,0.0,15.0,0.0,
3,48,4.800000000000001,304,car,175.51073835652318,7.078884160225698,23.939362786431097,0.0029739190946309647,4.5,1.8,0.0,15.0,0.0,
3,49,4.9,300,truck,103.23834677325621,-6.332382202197756,0.664481855070668,-0.001793286876573652,12.0,2.5,0.0,15.0,0.0,
3,49,4.9,301,car,18.520637332850107,5.130753753945516,-8.017842158482836,-0.4007229437168004,4.5,1.8,0.0,15.0,0.0,
3,49,4.9,302,car,-0.7259569679335885,7.884760228748176,-3.0780031959574425,0.0730895728935239,4.5,1.8,0.0,15.0,0.0,
3,49,4.9,303,motorcycle,-34.521461308545575,9.30457879729685,-7.475688633579342,0.6820464147119643,2.2,0.8,0.0,15.0,0.0,
3,49,4.9,304,car,177.9616780547747,6.893579483146482,24.003092319700166,0.034183574805498745,4.5,1.8,0.0,15.0,0.0,
3,50,5.0,300,truck,103.39471806594439,-6.2767498296904485,0.6564256791978496,-0.0549507223843448,12.0,2.5,0.0,15.0,0.0,
3,50,5.0,301,car,17.70484557287933,4.993157828398572,-7.993534392979017,-0.36038395218939534,4.5,1.8,0.0,15.0,0.0,
3,50,5.0,302,car,-0.8860764244095121,7.929245950092815,-3.031774428127683,0.05823233603201679,4.5,1.8,0.0,15.0,0.0,
3,50,5.0,303,motorcycle,-35.31685788570433,9.420150627849726,-7.495012277215187,0.6955057041533471,2.2,0.8,0.0,15.0,0.0,
3,50,5.0,304,car,180.25586806781118,6.808835072379401,24.03486278475108,0.07851807857580356,4.5,1.8,0.0,15.0,0.0,
3,51,5.1000000000000005,300,truck,103.3617950169675,-6.215183470878241,0.6297888955460859,-0.054125463574329305,12.0,2.5,0.0,15.0,0.0,
3,51,5.1000000000000005,301,car,17.04718657516049,5.037868156581927,-7.953740793577907,-0.264944434266547,4.5,1.8,0.0,15.0,0.0,
3,51,5.1000000000000005,302,car,-1.2596418013272601,7.8364816861967626,-3.0678805416391124,0.04550728336168604,4.5,1.8,0.0,15.0,0.0,
3,51,5.1000000000000005,303,motorcycle,-36.30181417485504,9.46895837459538,-7.522240813809932,0.734693692523237,2.2,0.8,0.0,15.0,0.0,
3,51,5.1000000000000005,304,car,182.69459628418727,6.7566172174600485,24.064360827019225,0.11468123156699205,4.5,1.8,0.0,15.0,0.0,
3,52,5.2,300,truck,103.34791932754298,-6.269898442773916,0.5185207361911868,-0.10865846229279355,12.0,2.5,0.0,15.0,0.0,
3,52,5.2,301,car,16.17756553976034,5.018790330815874,-8.001009927545898,-0.2906170336190025,4.5,1.8,0.0,15.0,0.0,
3,52,5.2,302,car,-1.6889629236494312,7.858143804386058,-3.046594811909867,0.06562555078267715,4.5,1.8,0.0,15.0,0.0,
3,52,5.2,303,motorcycle,-37.052802143045504,9.388320444197564,-7.553238497004575,0.7143283589073128,2.2,0.8,0.0,15.0,0.0,
3,52,5.2,304,car,185.06070283559714,6.775583462415731,24.135637895637775,0.15528604220122205,4.5,1.8,0.0,15.0,0.0,
3,53,5.300000000000001,300,truck,103.30101962317723,-6.212924001473532,0.5505358545744736,-0.1489618359403718,12.0,2.5,0.0,15.0,0.0,
3,53,5.300000000000001,301,car,15.462351139269295,4.973690963859448,-8.07150760204662,-0.2678568973871454,4.5,1.8,0.0,15.0,0.0,
3,53,5.300000000000001,302,car,-1.9719262224789653,7.841938596545743,-3.0484674661590323,0.029671276838254053,4.5,1.8,0.0,15.0,0.0,
3,53,5.300000000000001,303,motorcycle,-37.74711294236625,9.455408216637402,-7.544916054807163,0.7321854551287564,2.2,0.8,0.0,15.0,0.0,
3,53,5.300000000000001,304,car,187.35880806371827,6.701683764447648,24.025140672656963,0.1835231551257424,4.5,1.8,0.0,15.0,0.0,
3,54,5.4,300,truck,103.23485220625999,-6.214563214078003,0.5690852658214512,-0.11884419399574578,12.0,2.5,0.0,15.0,0.0,
3,54,5.4,301,car,14.534798687681027,4.940389112306664,-7.987993581007232,-0.18214116338792957,4.5,1.8,0.0,15.0,0.0,
3,54,5.4,302,car,-2.1780406596921735,7.878655038111453,-3.0987227856013013,0.06560235810780671,4.5,1.8,0.0,15.0,0.0,
3,54,5.4,303,motorcycle,-38.51740667072165,9.584679589677563,-7.576558227549769,0.72353879948676,2.2,0.8,0.0,15.0,0.0,
3,54,5.4,304,car,189.7777368669916,6.744663889109608,24.049826808379976,0.15456340589949744,4.5,1.8,0.0,15.0,0.0,
3,55,5.5,300,truck,103.15743228763111,-6.063969129487599,0.6935479742726192,-0.09647315843562684,12.0,2.5,0.0,15.0,0.0,
3,55,5.5,301,car,13.603600120107293,4.844855484283583,-7.962537702554684,-0.11508538280386528,4.5,1.8,0.0,15.0,0.0,
3,55,5.5,302,car,-2.609202001706489,7.872781991837344,-3.0889261823791028,0.10883128067210043,4.5,1.8,0.0,15.0,0.0,
3,55,5.5,303,motorcycle,-39.30942260291666,9.500652000494046,-7.545498349577124,0.779778597745322,2.2,0.8,0.0,15.0,0.0,
3,55,5.5,304,car,192.1744604016551,6.800644238830201,24.02610224690862,0.11227476616320273,4.5,1.8,0.0,15.0,0.0,
3,56,5.6000000000000005,300,truck,103.3294296531131,-6.034866860549715,0.7180664042427133,-0.021367401035896183,12.0,2.5,0.0,15.0,0.0,
3,56,5.6000000000000005,301,car,12.701862116419967,4.778144319187255,-7.9546410351129495,-0.14330104469192737,4.5,1.8,0.0,15.0,0.0,
3,56,5.6000000000000005,302,car,-2.8397809664171545,7.864925197814155,-3.138552822753962,0.11211986443148352,4.5,1.8,0.0,15.0,0.0,
3,56,5.6000000000000005,303,motorcycle,-40.0469385607937,9.67209806655821,-7.525841304419752,0.8028359173133137,2.2,0.8,0.0,15.0,0.0,
3,56,5.6000000000000005,304,car,194.6090997947467,6.793049463317328,23.99029129115306,0.12671668374617154,4.5,1.8,0.0,15.0,0.0,
3,57,5.7,300,truck,103.367923816949,-5.868021338609203,0.7851755189813743,0.010274555581684233,12.0,2.5,0.0,15.0,0.0,
3,57,5.7,301,car,11.94424470683797,4.7550183096199445,-8.017697221680306,-0.15410965585802563,4.5,1.8,0.0,15.0,0.0,
3,57,5.7,302,car,-3.143496245352025,7.899082831701769,-3.115076004403171,0.15818637432536778,4.5,1.8,0.0,15.0,0.0,
3,57,5.7,303,motorcycle,-40.86873809840496,9.68407409756864,-7.453298470432594,0.8413849967729712,2.2,0.8,0.0,15.0,0.0,
3,57,5.7,304,car,196.9690518296487,6.795000014796722,23.985155593819314,0.1282953898602407,4.5,1.8,0.0,15.0,0.0,
3,58,5.800000000000001,300,truck,103.493709678071,-5.613494608441051,0.7946633470395069,0.04340446310294677,12.0,2.5,0.0,15.0,0.0,
3,58,5.800000000000001,301,car,10.973827314050926,4.691117344756258,-7.956256471544476,-0.13399388629019485,4.5,1.8,0.0,15.0,0.0,
3,58,5.800000000000001,302,car,-3.893915304278826,7.9823037893659246,-3.0191677846717324,0.05839099501937811,4.5,1.8,0.0,15.0,0.0,
3,58,5.800000000000001,303,motorcycle,-41.46212917788367,9.491017034183344,-7.406398523179924,0.8409525654723592,2.2,0.8,0.0,15.0,0.0,
3,58,5.800000000000001,304,car,199.13257026750617,6.852443336506725,24.04269758127692,0.14648974005131934,4.5,1.8,0.0,15.0,0.0,
3,59,5.9,300,truck,103.63165877648092,-5.650321773364662,0.7015938592784559,0.07799766421979998,12.0,2.5,0.0,15.0,0.0,
3,59,5.9,301,car,10.353177058841107,4.790676041549985,-8.055650263024543,-0.20973860665074154,4.5,1.8,0.0,15.0,0.0,
3,59,5.9,302,car,-4.280428856925734,7.828845343739848,-3.0169582886939303,0.07806178527840425,4.5,1.8,0.0,15.0,0.0,
3,59,5.9,303,motorcycle,-42.34579435852589,9.652825136658132,-7.376343325978923,0.813544609230174,2.2,0.8,0.0,15.0,0.0,
3,59,5.9,304,car,201.51958782703548,6.672112192946553,24.026084473462564,0.14685898875783562,4.5,1.8,0.0,15.0,0.0,
3,60,6.0,300,truck,103.71869292193159,-5.604634315740665,0.7138059464399845,0.06478047935651646,12.0,2.5,0.0,15.0,0.0,
3,60,6.0,301,car,9.576231526794084,4.869905380215936,-8.060425166690024,-0.1938588621091577,4.5,1.8,0.0,15.0,0.0,
3,60,6.0,302,car,-4.600741792061538,7.771975630619731,-2.9908143053480503,0.05030048806989399,4.5,1.8,0.0,15.0,0.0,
3,60,6.0,303,motorcycle,-43.04481400102457,9.737005134732154,-7.391540059804931,0.797137467622841,2.2,0.8,0.0,15.0,0.0,
3,60,6.0,304,car,203.87138417514018,6.522217974613436,24.04522922822065,0.15843633002175164,4.5,1.8,0.0,15.0,0.0,
3,61,6.1000000000000005,300,truck,103.87504054182044,-5.651301958035693,0.8085751277138179,0.0457936819640348,12.0,2.5,0.0,15.0,0.0,
3,61,6.1000000000000005,301,car,8.682678045905611,4.7511510020207535,-8.147121286851506,-0.1172274674895013,4.5,1.8,0.0,15.0,0.0,
3,61,6.1000000000000005,302,car,-4.762716483519477,7.837080195715196,-3.0356187457368393,0.14086387214784998,4.5,1.8,0.0,15.0,0.0,
3,61,6.1000000000000005,303,motorcycle,-43.81913992315723,9.789816298371774,-7.319677105783127,0.8300829968468846,2.2,0.8,0.0,15.0,0.0,
3,61,6.1000000000000005,304,car,206.4960174118377,6.562933833647513,24.02537768824171,0.12784608584876184,4.5,1.8,0.0,15.0,0.0,
3,62,6.2,300,truck,103.77119843687277,-5.674582167119909,0.8658047946551869,0.07573539059683826,12.0,2.5,0.0,15.0,0.0,
3,62,6.2,301,car,7.869996717876501,4.63993481089017,-8.13577763595087,-0.06658678222973263,4.5,1.8,0.0,15.0,0.0,
3,62,6.2,302,car,-5.0232064324461625,7.867840099893318,-3.0754666284009,0.18422296285345063,4.5,1.8,0.0,15.0,0.0,
3,62,6.2,303,motorcycle,-44.864298115609955,9.911109168942977,-7.191161006735896,0.7546643274802922,2.2,0.8,0.0,15.0,0.0,
3,62,6.2,304,car,208.87441823519174,6.574927343219917,24.002248547538883,0.1796647979767108,4.5,1.8,0.0,15.0,0.0,
3,63,6.300000000000001,300,truck,103.90502401777383,-5.651778590805494,0.9056684227136509,0.07657292605042537,12.0,2.5,0.0,15.0,0.0,
3,63,6.300000000000001,301,car,7.374405403163765,4.648410826032871,-8.126013531026384,-0.1521101847083964,4.5,1.8,0.0,15.0,0.0,
3,63,6.300000000000001,302,car,-5.385098128016595,8.001000164358643,-3.142239470918893,0.07634510413835288,4.5,1.8,0.0,15.0,0.0,
3,63,6.300000000000001,303,motorcycle,-45.580182669164785,10.123650052438505,-7.18904194530109,0.737858097348975,2.2,0.8,0.0,15.0,0.0,
3,63,6.300000000000001,304,car,211.08879429617156,6.638119235287808,24.035312302983037,0.09057817302165579,4.5,1.8,0.0,15.0,0.0,
3,64,6.4,300,truck,104.10904410491491,-5.56755174561124,0.9622842198410182,0.10574918064209246,12.0,2.5,0.0,15.0,0.0,
3,64,6.4,301,car,6.627172320942258,4.685271897432205,-8.082589914951324,-0.24304807316459234,4.5,1.8,0.0,15.0,0.0,
3,64,6.4,302,car,-5.849428018470636,7.935033884753501,-3.148730479502521,0.09575195030376185,4.5,1.8,0.0,15.0,0.0,
3,64,6.4,303,motorcycle,-46.266618698372014,10.309146443319005,-7.131617180372073,0.6942388419342853,2.2,0.8,0.0,15.0,0.0,
3,64,6.4,304,car,213.5161831374749,6.562393897817789,24.02589995106536,0.10666774147408052,4.5,1.8,0.0,15.0,0.0,
3,65,6.5,300,truck,103.86440131925185,-5.315852423583062,0.9906046537108919,0.07596401687142217,12.0,2.5,0.0,15.0,0.0,
3,65,6.5,301,car,6.011650304970148,4.626223973067127,-8.075963945659922,-0.2674038636844737,4.5,1.8,0.0,15.0,0.0,
3,65,6.5,302,car,-5.9991018826765545,7.93411060915329,-3.1412562744655452,0.15594105795503416,4.5,1.8,0.0,15.0,0.0,
3,65,6.5,303,motorcycle,-46.92126647066311,10.373135520999027,-7.0760976317542,0.8211630034056829,2.2,0.8,0.0,15.0,0.0,
3,65,6.5,304,car,215.95051417746137,6.584736680752454,24.03443130524631,0.1721892165156564,4.5,1.8,0.0,15.0,0.0,
3,66,6.6000000000000005,300,truck,103.90354201111965,-5.336087777867086,0.9137325062545598,0.01677062373942348,12.0,2.5,0.0,15.0,0.0,
3,66,6.6000000000000005,301,car,5.152273910134358,4.593889887292637,-7.987509779371416,-0.2406042234382125,4.5,1.8,0.0,15.0,0.0,
3,66,6.6000000000000005,302,car,-6.404435361142089,7.876906666412381,-3.0725188403040127,0.21227157538649377,4.5,1.8,0.0,15.0,0.0,
3,66,6.6000000000000005,303,motorcycle,-47.626061242816114,10.410999174785712,-7.019850989968968,0.7714966470694486,2.2,0.8,0.0,15.0,0.0,
3,66,6.6000000000000005,304,car,218.39316034779176,6.829221501493352,24.044699089358883,0.1334087425525762,4.5,1.8,0.0,15.0,0.0,
3,67,6.7,300,truck,104.03595213201226,-5.381411587394679,0.8440267140668891,0.05182242508302882,12.0,2.5,0.0,15.0,0.0,
3,67,6.7,301,car,4.465306372252189,4.538738797741558,-8.006371563076229,-0.288682492994304,4.5,1.8,0.0,15.0,0.0,
3,67,6.7,302,car,-6.726680805219247,7.841896985658711,-3.1230704746391753,0.3068800169064741,4.5,1.8,0.0,15.0,0.0,
3,67,6.7,303,motorcycle,-48.28139706013806,10.54538835029559,-6.975681011522346,0.810048457907439,2.2,0.8,0.0,15.0,0.0,
3,67,6.7,304,car,220.75631926144797,6.869817638045757,24.03124756514585,0.1553319237914092,4.5,1.8,0.0,15.0,0.0,
3,68,6.800000000000001,300,truck,104.15452389201477,-5.414495370972796,0.7775617779207992,0.0591342779313042,12.0,2.5,0.0,15.0,0.0,
3,68,6.800000000000001,301,car,3.644242267163836,4.320833323671252,-7.980988474631793,-0.24041538738216522,4.5,1.8,0.0,15.0,0.0,
3,68,6.800000000000001,302,car,-6.78615220516227,7.833465237017292,-3.1500060694666288,0.251408965384512,4.5,1.8,0.0,15.0,0.0,
3,68,6.800000000000001,303,motorcycle,-48.958100970641595,10.64662501414217,-7.016245828261684,0.8013019638072469,2.2,0.8,0.0,15.0,0.0,
3,68,6.800000000000001,304,car,222.96157745127363,6.977988505208223,23.992713602162244,0.15359910622076023,4.5,1.8,0.0,15.0,0.0,
3,69,6.9,300,truck,104.08961072767707,-5.466817303125823,0.7635822202449228,0.05856973558326269,12.0,2.5,0.0,15.0,0.0,
3,69,6.9,301,car,2.8941166712529083,4.440699293281658,-7.944352927493326,-0.19230716022485297,4.5,1.8,0.0,15.0,0.0,
3,69,6.9,302,car,-6.9565424011146195,7.915576921708013,-3.1518414292475785,0.3018645606972648,4.5,1.8,0.0,15.0,0.0,
3,69,6.9,303,motorcycle,-49.5524246248716,10.791611794319499,-7.088977208113489,0.7592289561525145,2.2,0.8,0.0,15.0,0.0,
3,69,6.9,304,car,225.3333634010868,7.071310517903888,23.991646281208716,0.2104425378932884,4.5,1.8,0.0,15.0,0.0,
3,70,7.0,300,truck,104.297492612576,-5.3410432826997765,0.8238592484689372,0.006720040350326778,12.0,2.5,0.0,15.0,0.0,
3,70,7.0,301,car,2.147944928449153,4.360715673163631,-8.026806244061286,-0.20668071682764477,4.5,1.8,0.0,15.0,0.0,
3,70,7.0,302,car,-7.139252847476652,7.9918375787895855,-3.0509509606672838,0.31072606796067037,4.5,1.8,0.0,15.0,0.0,
3,70,7.0,303,motorcycle,-50.01654207032366,10.885286812486456,-7.087853193305802,0.6952594517564397,2.2,0.8,0.0,15.0,0.0,
3,70,7.0,304,car,227.84358430323695,7.042142258799169,23.95929389923828,0.274504066081417,4.5,1.8,0.0,15.0,0.0,
3,71,7.1000000000000005,300,truck,104.49570080430247,-5.227166141943676,0.8057496917661882,0.0041712470850641965,12.0,2.5,0.0,15.0,0.0,
3,71,7.1000000000000005,301,car,1.3392788642734392,4.418299419548107,-7.949128010636574,-0.18827338906772442,4.5,1.8,0.0,15.0,0.0,
3,71,7.1000000000000005,302,car,-7.246858835007645,8.112629627388959,-3.0626909303730048,0.3521616382671191,4.5,1.8,0.0,15.0,0.0,
3,71,7.1000000000000005,303,motorcycle,-50.55473336178336,11.154641655996233,-7.0285086260758485,0.6965431744393397,2.2,0.8,0.0,15.0,0.0,
3,71,7.1000000000000005,304,car,230.2178443677552,7.12719961576345,24.04299262400183,0.29619252219213954,4.5,1.8,0.0,15.0,0.0,
3,72,7.2,300,truck,104.62172896066598,-5.221609231803461,0.7893551386346276,-0.003935478247131693,12.0,2.5,0.0,15.0,0.0,
3,72,7.2,301,car,0.5579086617343347,4.571282080265316,-7.961113699563114,-0.1856427852721554,4.5,1.8,0.0,15.0,0.0,
3,72,7.2,302,car,-7.639665694085597,8.219508897862987,-2.9943569714370906,0.4333865305649569,4.5,1.8,0.0,15.0,0.0,
3,72,7.2,303,motorcycle,-51.237247771921375,11.281731401768091,-7.03618614218435,0.7229441084240658,2.2,0.8,0.0,15.0,0.0,
3,72,7.2,304,car,232.6535401454053,7.162645306707812,24.049880308615688,0.318788636361822,4.5,1.8,0.0,15.0,0.0,
3,73,7.300000000000001,300,truck,104.67124923104488,-5.246252458835977,0.8747232393182053,0.13159186019518745,12.0,2.5,0.0,15.0,0.0,
3,73,7.300000000000001,301,car,-0.3586394030753811,4.4267706813004954,-8.008971340953522,-0.19080720602408313,4.5,1.8,0.0,15.0,0.0,
3,73,7.300000000000001,302,car,-7.84952334012558,8.32197284512431,-2.985755414598067,0.4598333079128519,4.5,1.8,0.0,15.0,0.0,
3,73,7.300000000000001,303,motorcycle,-52.01007500180265,11.329613535435236,-7.03719086960314,0.6437332914804731,2.2,0.8,0.0,15.0,0.0,
3,73,7.300000000000001,304,car,234.9423971557946,7.082367564216229,24.088085719799878,0.3310563837904428,4.5,1.8,0.0,15.0,0.0,
3,74,7.4,300,truck,104.8198276749841,-5.417058771796705,0.8005449050156251,0.16475263220801223,12.0,2.5,0.0,15.0,0.0,
3,74,7.4,301,car,-1.4374035013373385,4.530152896458067,-8.100137198129662,-0.1486399614278342,4.5,1.8,0.0,15.0,0.0,
3,74,7.4,302,car,-8.236957344061084,8.472846547432754,-2.8253473689022424,0.3461744264067956,4.5,1.8,0.0,15.0,0.0,
3,74,7.4,303,motorcycle,-52.644256373976894,11.213170593223909,-7.015852423492265,0.6333946833028784,2.2,0.8,0.0,15.0,0.0,
3,74,7.4,304,car,237.36418396002077,7.02430457496245,24.127112775274703,0.2586384918919237,4.5,1.8,0.0,15.0,0.0,
3,75,7.5,300,truck,105.02404589177554,-5.441508539236922,0.7304103711454707,0.24449947337504713,12.0,2.5,0.0,15.0,0.0,
3,75,7.5,301,car,-2.25415148643122,4.706052497359487,-8.039069391663995,-0.18854724666715594,4.5,1.8,0.0,15.0,0.0,
3,75,7.5,302,car,-8.527991061044983,8.51956778403979,-2.7490322089029204,0.3680503120751513,4.5,1.8,0.0,15.0,0.0,
3,75,7.5,303,motorcycle,-53.328212354216475,11.256522102844366,-7.018380275284997,0.6986242875867946,2.2,0.8,0.0,15.0,0.0,
3,75,7.5,304,car,239.777265772628,7.010668697021824,24.098887416994017,0.23095023420011562,4.5,1.8,0.0,15.0,0.0,
3,76,7.6000000000000005,300,truck,104.95687732928582,-5.492096122732065,0.8053313849279868,0.2341695103466723,12.0,2.5,0.0,15.0,0.0,
3,76,7.6000000000000005,301,car,-2.9876172587420093,4.439322120902688,-8.010653826215702,-0.19661488188561163,4.5,1.8,0.0,15.0,0.0,
3,76,7.6000000000000005,302,car,-8.851038284224327,8.57446881098942,-2.7738234715935217,0.2618565660807335,4.5,1.8,0.0,15.0,0.0,
3,76,7.6000000000000005,303,motorcycle,-53.937825587627785,11.350686287737865,-7.03407739802239,0.6503150189831728,2.2,0.8,0.0,15.0,0.0,
3,76,7.6000000000000005,304,car,242.0401687627167,7.056152991148641,24.179559465005287,0.24110855803716752,4.5,1.8,0.0,15.0,0.0,
3,77,7.7,300,truck,104.89913430716933,-5.446167498993558,0.8026642368156505,0.27737169165038383,12.0,2.5,0.0,15.0,0.0,
3,77,7.7,301,car,-3.7280093236224072,4.1210783793031345,-7.983391715994279,-0.24678885236081582,4.5,1.8,0.0,15.0,0.0,
3,77,7.7,302,car,-9.27059350552855,8.581807126560136,-2.753274916142021,0.17981983556639225,4.5,1.8,0.0,15.0,0.0,
3,77,7.7,303,motorcycle,-54.570775685724264,11.492051674389343,-7.031728588207415,0.6069338374718204,2.2,0.8,0.0,15.0,0.0,
3,77,7.7,304,car,244.3601869087983,7.182857060110381,24.103998330680493,0.2943320810781265,4.5,1.8,0.0,15.0,0.0,
3,78,7.800000000000001,300,truck,104.96288081493786,-5.4280137797928045,0.7172598515449842,0.27003586014395453,12.0,2.5,0.0,15.0,0.0,
3,78,7.800000000000001,301,car,-4.464989943620698,3.9627584852818547,-7.958459922631687,-0.2423382396768647,4.5,1.8,0.0,15.0,0.0,
3,78,7.800000000000001,302,car,-9.610296558525985,8.685256418765906,-2.8633877545909487,0.1971538730035777,4.5,1.8,0.0,15.0,0.0,
3,78,7.800000000000001,303,motorcycle,-55.11200502873768,11.696739372046592,-7.012238252180489,0.5918497986652781,2.2,0.8,0.0,15.0,0.0,
3,78,7.800000000000001,304,car,246.7070064862116,7.18199768882763,24.13118869307639,0.25396989080515564,4.5,1.8,0.0,15.0,0.0,
3,79,7.9,300,truck,105.1103491818974,-5.187694141978076,0.7141656897886144,0.20281611997978927,12.0,2.5,0.0,15.0,0.0,
3,79,7.9,301,car,-5.395310410515508,4.016181216485326,-7.961447231579709,-0.19849669487366203,4.5,1.8,0.0,15.0,0.0,
3,79,7.9,302,car,-9.949998758901014,8.788034160820247,-2.871302713263435,0.16052867023738024,4.5,1.8,0.0,15.0,0.0,
3,79,7.9,303,motorcycle,-55.85332870183596,11.636218916370796,-6.912770274251408,0.5870307079873538,2.2,0.8,0.0,15.0,0.0,
3,79,7.9,304,car,249.1845767643875,7.153707764621066,24.078592301977398,0.24227586525925887,4.5,1.8,0.0,15.0,0.0,
3,80,8.0,300,truck,105.29188500421418,-5.219485709119925,0.6706390911521436,0.21058933219824644,12.0,2.5,0.0,15.0,0.0,
3,80,8.0,301,car,-6.141552873601705,4.160616363883278,-7.943759707661084,-0.16629706094710028,4.5,1.8,0.0,15.0,0.0,
3,80,8.0,302,car,-10.165201506535325,8.688785489650723,-2.919469316786912,0.10633385575709772,4.5,1.8,0.0,15.0,0.0,
3,80,8.0,303,motorcycle,-56.67782030483027,11.774467974656572,-6.89826776966822,0.5910055111419262,2.2,0.8,0.0,15.0,0.0,
3,80,8.0,304,car,251.333164343045,7.383483037008854,24.03387870176972,0.34486650305620675,4.5,1.8,0.0,15.0,0.0,
3,81,8.1,300,truck,105.21402476526427,-5.279666891755753,0.5604966220266621,0.22869558099538131,12.0,2.5,0.0,15.0,0.0,
3,81,8.1,301,car,-7.046054526448937,4.036686642378733,-8.012385418519804,-0.12742930781020712,4.5,1.8,0.0,15.0,0.0,
3,81,8.1,302,car,-10.386002073057261,8.880622264334312,-2.9537546478405607,0.11727482430943774,4.5,1.8,0.0,15.0,0.0,
3,81,8.1,303,motorcycle,-57.49658060153729,11.800064623497233,-6.924210035332279,0.6142280090166973,2.2,0.8,0.0,15.0,0.0,
3,81,8.1,304,car,253.8382543938638,7.517076356397624,23.99173808815884,0.3947898982873567,4.5,1.8,0.0,15.0,0.0,
3,82,8.200000000000001,300,truck,105.26566591375615,-5.289257023245916,0.5250710476857161,0.20069879127730372,12.0,2.5,0.0,15.0,0.0,
3,82,8.200000000000001,301,car,-7.673061683681294,4.054684788247115,-8.003654826144743,-0.14054165073705446,4.5,1.8,0.0,15.0,0.0,
3,82,8.200000000000001,302,car,-10.436779676697515,9.022850795649898,-2.9898077535805005,0.10359407157420653,4.5,1.8,0.0,15.0,0.0,
3,82,8.200000000000001,303,motorcycle,-58.21042605940761,11.876074622227161,-6.959271334963851,0.6361688351847821,2.2,0.8,0.0,15.0,0.0,
3,82,8.200000000000001,304,car,256.3826370158836,7.425192535325943,23.935330751304235,0.37063197052249136,4.5,1.8,0.0,15.0,0.0,
3,83,8.3,300,truck,105.27449346251393,-5.069340556643593,0.5751565086864581,0.24791490888321693,12.0,2.5,0.0,15.0,0.0,
3,83,8.3,301,car,-8.499863735647109,4.0119992824947275,-8.076240096833013,-0.10145463933466359,4.5,1.8,0.0,15.0,0.0,
3,83,8.3,302,car,-10.686654991574686,9.161809939275146,-3.000349239248309,0.09650511426418668,4.5,1.8,0.0,15.0,0.0,
3,83,8.3,303,motorcycle,-58.88934864004793,12.028881263296348,-7.0327821160687245,0.6729716418717008,2.2,0.8,0.0,15.0,0.0,
3,83,8.3,304,car,258.77412053479674,7.356392005582822,23.831100463671532,0.3638082849285737,4.5,1.8,0.0,15.0,0.0,
3,84,8.4,300,truck,105.47678041171,-4.877080599081132,0.5929253192199628,0.3460151920753293,12.0,2.5,0.0,15.0,0.0,
3,84,8.4,301,car,-9.311781853626085,4.097184173725539,-8.098801641278335,-0.12718458129887103,4.5,1.8,0.0,15.0,0.0,
3,84,8.4,302,car,-11.05444082718758,8.965407555989133,-2.9359946262509635,0.06442349230728586,4.5,1.8,0.0,15.0,0.0,
3,84,8.4,303,motorcycle,-59.67277072963032,11.978181259322252,-7.043000087895539,0.7611462573996879,2.2,0.8,0.0,15.0,0.0,
3,84,8.4,304,car,261.3666084662462,7.226686146495471,23.81337806387272,0.31209039642388875,4.5,1.8,0.0,15.0,0.0,
3,85,8.5,300,truck,105.63490671775314,-4.813819725144206,0.5610968528509711,0.34964384610488025,12.0,2.5,0.0,15.0,0.0,
3,85,8.5,301,car,-10.16940387989469,4.245890325033142,-8.071453665527534,-0.09369341025304913,4.5,1.8,0.0,15.0,0.0,
3,85,8.5,302,car,-11.614732037615966,8.96517103733698,-2.831834078298012,0.13072994580912006,4.5,1.8,0.0,15.0,0.0,
3,85,8.5,303,motorcycle,-60.56177969701191,12.02295330179386,-7.103076061191475,0.8467013354178314,2.2,0.8,0.0,15.0,0.0,
3,85,8.5,304,car,263.77237410086104,7.181115630164716,23.815085961049757,0.18172211997046456,4.5,1.8,0.0,15.0,0.0,
3,86,8.6,300,truck,105.58252027269258,-4.775210967951087,0.6033806212736372,0.2525781400750132,12.0,2.5,0.0,15.0,0.0,
3,86,8.6,301,car,-11.014664777217686,4.337489557859719,-8.144026331746197,-0.08223426851384047,4.5,1.8,0.0,15.0,0.0,
3,86,8.6,302,car,-11.891317995135166,9.14968206395355,-2.8433408879535937,0.12214991589036656,4.5,1.8,0.0,15.0,0.0,
3,86,8.6,303,motorcycle,-61.18659132781458,11.974988568530708,-7.114120221519018,0.8239150848758059,2.2,0.8,0.0,15.0,0.0,
3,86,8.6,304,car,266.1399915156955,7.284128487058046,23.842794035303864,0.14428800454403073,4.5,1.8,0.0,15.0,0.0,
3,87,8.700000000000001,300,truck,105.65652825515265,-4.600908992533533,0.5618123363337719,0.25983647909486385,12.0,2.5,0.0,15.0,0.0,
3,87,8.700000000000001,301,car,-11.848383478086168,4.322965629424657,-8.225559212858666,-0.011696125798230247,4.5,1.8,0.0,15.0,0.0,
3,87,8.700000000000001,302,car,-12.253087274019345,9.264504252557941,-2.8744097183559694,0.09087468329557855,4.5,1.8,0.0,15.0,0.0,
3,87,8.700000000000001,303,motorcycle,-61.77669102491994,12.156768537366082,-7.103686926570819,0.8619726123661219,2.2,0.8,0.0,15.0,0.0,
3,87,8.700000000000001,304,car,268.4954156412003,7.29772052474056,23.809712815680673,0.1894912520090437,4.5,1.8,0.0,15.0,0.0,
3,88,8.8,300,truck,105.6433681556693,-4.426409710130262,0.5460206279177807,0.26086190729568054,12.0,2.5,0.0,15.0,0.0,
3,88,8.8,301,car,-12.595066597306602,4.324182458963792,-8.240454628572932,-0.013197298188653821,4.5,1.8,0.0,15.0,0.0,
3,88,8.8,302,car,-12.451146410499183,9.207306498673828,-2.8807215687196326,0.09138901966245232,4.5,1.8,0.0,15.0,0.0,
3,88,8.8,303,motorcycle,-62.40060119802426,12.23298126121555,-7.013271971846133,0.8541456834803671,2.2,0.8,0.0,15.0,0.0,
3,88,8.8,304,car,270.8526185589278,7.299566437779691,23.74388074424777,0.13765490967110947,4.5,1.8,0.0,15.0,0.0,
3,89,8.9,300,truck,105.64490352948715,-4.286740534515681,0.5443643249496802,0.2366296978148952,12.0,2.5,0.0,15.0,0.0,
3,89,8.9,301,car,-13.296458585603236,4.477980442434152,-8.177685505527544,-0.05585179805041171,4.5,1.8,0.0,15.0,0.0,
3,89,8.9,302,car,-12.788743429390513,9.397819007671545,-2.8686645841196317,0.07800766641764839,4.5,1.8,0.0,15.0,0.0,
3,89,8.9,303,motorcycle,-63.03009359907579,12.419125736299398,-7.041844450392547,0.8651176814113637,2.2,0.8,0.0,15.0,0.0,
3,89,8.9,304,car,273.31966264027426,7.197303214150817,23.744498017119078,0.0819354270185737,4.5,1.8,0.0,15.0,0.0,
3,90,9.0,300,truck,105.60098191228944,-4.3193875724822215,0.5682203018436538,0.22052856638298848,12.0,2.5,0.0,15.0,0.0,
3,90,9.0,301,car,-14.179068948652832,4.477550718961607,-8.235033641940865,-0.0344116371587162,4.5,1.8,0.0,15.0,0.0,
3,90,9.0,302,car,-12.962471211606644,9.397699370214509,-2.8787970337846422,0.09667968407842686,4.5,1.8,0.0,15.0,0.0,
3,90,9.0,303,motorcycle,-63.937124985998196,12.559319250100321,-6.886750160205303,0.8589838703556276,2.2,0.8,0.0,15.0,0.0,
3,90,9.0,304,car,275.68219993861453,7.279857456862643,23.826764650528975,0.13068381924028044,4.5,1.8,0.0,15.0,0.0,
3,91,9.1,300,truck,105.44224325461545,-4.240994832077648,0.6968168091057375,0.2516506187209617,12.0,2.5,0.0,15.0,0.0,
3,91,9.1,301,car,-15.118032504174094,4.5022925176875965,-8.299068004507918,0.027228547304726784,4.5,1.8,0.0,15.0,0.0,
3,91,9.1,302,car,-13.345939173787901,9.414791702091554,-2.9216860338842348,0.06935728120102731,4.5,1.8,0.0,15.0,0.0,
3,91,9.1,303,motorcycle,-64.47718493743267,12.655563353625254,-6.91471028389159,0.8017224718112915,2.2,0.8,0.0,15.0,0.0,
3,91,9.1,304,car,277.8777062550275,7.167797775434402,23.832362612601194,0.17969550767641362,4.5,1.8,0.0,15.0,0.0,
3,92,9.200000000000001,300,truck,105.4558897862838,-4.05877541013365,0.6609417879943261,0.23975003257696775,12.0,2.5,0.0,15.0,0.0,
3,92,9.200000000000001,301,car,-16.05589697665861,4.604091545874855,-8.194192473805689,-0.060862300742083104,4.5,1.8,0.0,15.0,0.0,
3,92,9.200000000000001,302,car,-13.672723984039795,9.54820541491666,-2.994033309955515,0.09769147654958163,4.5,1.8,0.0,15.0,0.0,
3,92,9.200000000000001,303,motorcycle,-65.04650874580108,12.743558482242069,-6.887197130344583,0.8897675911176719,2.2,0.8,0.0,15.0,0.0,
3,92,9.200000000000001,304,car,280.4557851716977,7.179570604898595,23.80574372013623,0.1336965021227288,4.5,1.8,0.0,15.0,0.0,
3,93,9.3,300,truck,105.61968038012611,-4.171977962655051,0.648313086094766,0.24488452112469106,12.0,2.5,0.0,15.0,0.0,
3,93,9.3,301,car,-16.925616475311053,4.625987342302559,-8.065966807891051,-0.06694223025941022,4.5,1.8,0.0,15.0,0.0,
3,93,9.3,302,car,-14.015667877778085,9.659507745009805,-2.982054127748239,0.16965826511015045,4.5,1.8,0.0,15.0,0.0,
3,93,9.3,303,motorcycle,-65.71875969685357,12.807692920556732,-6.976383374749311,0.8087808564270849,2.2,0.8,0.0,15.0,0.0,
3,93,9.3,304,car,282.6527896746686,7.230874171739292,23.737631246142858,0.19647537041869795,4.5,1.8,0.0,15.0,0.0,
3,94,9.4,300,truck,105.68753634522118,-4.171908202452749,0.6061203323345491,0.27599745853820135,12.0,2.5,0.0,15.0,0.0,
3,94,9.4,301,car,-17.812662938054398,4.52075531886963,-8.006549311860784,-0.049211172220659086,4.5,1.8,0.0,15.0,0.0,
3,94,9.4,302,car,-14.337366233377736,9.740616869994192,-2.9816075340927037,0.18880892263273463,4.5,1.8,0.0,15.0,0.0,
3,94,9.4,303,motorcycle,-66.49808282456604,13.095610867090503,-7.005364373133122,0.8865816727745837,2.2,0.8,0.0,15.0,0.0,
3,94,9.4,304,car,285.00766591435246,7.331231420346658,23.774342421094165,0.25381795817620023,4.5,1.8,0.0,15.0,0.0,
3,95,9.5,300,truck,105.66408600773822,-4.036744916471043,0.6984423248801211,0.2630628095761085,12.0,2.5,0.0,15.0,0.0,
3,95,9.5,301,car,-18.609847262526262,4.463489537399548,-8.02387112447004,0.036359967725965434,4.5,1.8,0.0,15.0,0.0,
3,95,9.5,302,car,-14.735950439400026,9.665285880072389,-2.901062487271985,0.22003634392715277,4.5,1.8,0.0,15.0,0.0,
3,95,9.5,303,motorcycle,-66.98658223697511,13.139225170585377,-6.999050316271243,0.8535478255859934,2.2,0.8,0.0,15.0,0.0,
3,95,9.5,304,car,287.39943027332663,7.179203546435848,23.808590148926914,0.2699916623508171,4.5,1.8,0.0,15.0,0.0,
3,96,9.600000000000001,300,truck,105.72817477397963,-4.049475067973399,0.6537046255117162,0.29944845517774654,12.0,2.5,0.0,15.0,0.0,
3,96,9.600000000000001,301,car,-19.529343373543607,4.518315125377069,-7.9201485547295665,0.11063604215818035,4.5,1.8,0.0,15.0,0.0,
3,96,9.600000000000001,302,car,-15.17656948239429,9.633615708430774,-2.879989950244218,0.21652224782643525,4.5,1.8,0.0,15.0,0.0,
3,96,9.600000000000001,303,motorcycle,-67.82642784043048,13.263111548291326,-6.999551161027059,0.9492640960161824,2.2,0.8,0.0,15.0,0.0,
3,96,9.600000000000001,304,car,289.7549664179576,7.323003051203589,23.745235728770414,0.2185911974559917,4.5,1.8,0.0,15.0,0.0,
3,97,9.700000000000001,300,truck,105.86571143251176,-3.911157144394887,0.6058349892079965,0.30065232550194215,12.0,2.5,0.0,15.0,0.0,
3,97,9.700000000000001,301,car,-20.45951614636947,4.511256746962339,-7.87830241544836,0.0888881172013731,4.5,1.8,0.0,15.0,0.0,
3,97,9.700000000000001,302,car,-15.489471948013092,9.542288393383814,-2.9124078709254646,0.30442779363715217,4.5,1.8,0.0,15.0,0.0,
3,97,9.700000000000001,303,motorcycle,-68.51909046736147,13.257807181227884,-7.015289758522958,0.8693927149578543,2.2,0.8,0.0,15.0,0.0,
3,97,9.700000000000001,304,car,292.02807402162057,7.480896144853833,23.738111607551083,0.313127706261052,4.5,1.8,0.0,15.0,0.0,
3,98,9.8,300,truck,105.91676014758296,-3.8846897814638424,0.6378796971351026,0.1670229463909721,12.0,2.5,0.0,15.0,0.0,
3,98,9.8,301,car,-21.226852455548947,4.515246909876381,-7.8040004707726025,0.13712208690955396,4.5,1.8,0.0,15.0,0.0,
3,98,9.8,302,car,-15.894081903660318,9.696945034610287,-2.9255235972045144,0.25920513232234993,4.5,1.8,0.0,15.0,0.0,
3,98,9.8,303,motorcycle,-69.20090911812665,13.324469517157286,-6.938366492821532,0.8864238163824149,2.2,0.8,0.0,15.0,0.0,
3,98,9.8,304,car,294.4224510744643,7.602273623765482,23.79275518845572,0.352307960975917,4.5,1.8,0.0,15.0,0.0,
3,99,9.9,300,truck,106.12249446457797,-3.8071192455333662,0.6462622703714377,0.22898154949537355,12.0,2.5,0.0,15.0,0.0,
3,99,9.9,301,car,-22.016342116634423,4.532283770201802,-7.717921624907757,0.21821829330731551,4.5,1.8,0.0,15.0,0.0,
3,99,9.9,302,car,-16.187451844073102,9.67751039011196,-2.8523649221940897,0.29922605021811066,4.5,1.8,0.0,15.0,0.0,
3,99,9.9,303,motorcycle,-69.86318764198906,13.380924627776533,-6.9217816638858025,0.8853383933880298,2.2,0.8,0.0,15.0,0.0,
3,99,9.9,304,car,296.73529277535255,7.650408652721797,23.8060263907377,0.33353820762990544,4.5,1.8,0.0,15.0,0.0,
4,0,0.0,400,bicycle,17.365929312238677,3.373835117459769,29.569409960709688,0.1016704761371661,1.8,0.6,0.0,15.0,0.0,
4,0,0.0,401,car,42.51039202206862,-2.5847398824334147,13.991186238203412,0.2752748337274226,4.5,1.8,0.0,15.0,0.0,
4,0,0.0,402,motorcycle,30.9071940439885,-3.518658590316802,25.341261184924857,-0.21852850462404372,2.2,0.8,0.0,15.0,0.0,
4,0,0.0,403,motorcycle,10.609211361079884,4.528213951294273,22.248823230993203,-0.013802089641916449,2.2,0.8,0.0,15.0,0.0,
4,0,0.0,404,car,81.37212921548505,-2.78232475388039,2.827210419300772,0.0060097094120637575,4.5,1.8,0.0,15.0,0.0,
4,1,0.1,400,bicycle,20.42024433765278,3.3280785217339863,29.574794276684436,0.06928409398325042,1.8,0.6,0.0,15.0,0.0,
4,1,0.1,401,car,43.949309101645255,-2.6224033078626543,13.956839813210326,0.2959484983826978,4.5,1.8,0.0,15.0,0.0,
4,1,0.1,402,motorcycle,33.42754901840293,-3.733263554350881,25.26848333885925,-0.2758918291971169,2.2,0.8,0.0,15.0,0.0,
4,1,0.1,403,motorcycle,12.745796493567807,4.568276075277945,22.259770173346784,0.03946187894304351,2.2,0.8,0.0,15.0,0.0,
4,1,0.1,404,car,81.7301304397093,-2.6745334873209177,2.857630228873728,0.016493674866638244,4.5,1.8,0.0,15.0,0.0,
4,2,0.2,400,bicycle,23.487658939549988,3.426948210306321,29.593599045062135,0.13283768752625752,1.8,0.6,0.0,15.0,0.0,
4,2,0.2,401,car,45.11041425871595,-2.6218547754384294,13.94155028992774,0.3535826422567763,4.5,1.8,0.0,15.0,0.0,
4,2,0.2,402,motorcycle,36.11153685198393,-3.905870674291619,25.339041697566714,-0.33446408849843035,2.2,0.8,0.0,15.0,0.0,
4,2,0.2,403,motorcycle,14.857651986346402,4.548793692939513,22.243859849740154,-0.03845898504280032,2.2,0.8,0.0,15.0,0.0,
4,2,0.2,404,car,82.08088125994593,-2.6049438773615936,2.9103323086819115,-0.005179091622255015,4.5,1.8,0.0,15.0,0.0,
4,3,0.30000000000000004,400,bicycle,26.44306057255896,3.437189262568683,29.677998817135556,-0.008874551605403402,1.8,0.6,0.0,15.0,0.0,
4,3,0.30000000000000004,401,car,46.40887485280981,-2.585942426933572,13.887271778181965,0.34066662439322043,4.5,1.8,0.0,15.0,0.0,
4,3,0.30000000000000004,402,motorcycle,38.63283346810361,-4.005085694020709,25.34226514387185,-0.30305662461053967,2.2,0.8,0.0,15.0,0.0,
4,3,0.30000000000000004,403,motorcycle,17.058411326817318,4.499628321038359,22.23557160390746,-0.03883080237507979,2.2,0.8,0.0,15.0,0.0,
4,3,0.30000000000000004,404,car,82.19788253428068,-2.5593063947276913,2.887782247209572,0.05789766211829755,4.5,1.8,0.0,15.0,0.0,
4,4,0.4,400,bicycle,29.469965801836764,3.553308447830108,29.627448627449812,-0.02744388366477473,1.8,0.6,0.0,15.0,0.0,
4,4,0.4,401,car,47.67335618188226,-2.622394885387182,13.949877049407394,0.4150411532893452,4.5,1.8,0.0,15.0,0.0,
4,4,0.4,402,motorcycle,41.05224665301035,-4.081219123313491,25.33845536027065,-0.2737763425200506,2.2,0.8,0.0,15.0,0.0,
4,4,0.4,403,motorcycle,19.105987460854415,4.335445232648007,22.26005291110108,-0.13628273082097603,2.2,0.8,0.0,15.0,0.0,
4,4,0.4,404,car,82.44198101838775,-2.5373074476599777,2.908565545706228,0.05081175734110595,4.5,1.8,0.0,15.0,0.0,
4,5,0.5,400,bicycle,32.396134992677,3.6350211454352785,29.6417089237681,-0.059794714762347725,1.8,0.6,0.0,15.0,0.0,
4,5,0.5,401,car,49.07211617649123,-2.5425738677926284,14.035788911479964,0.4543573367039242,4.5,1.8,0.0,15.0,0.0,
4,5,0.5,402,motorcycle,43.70754787463281,-4.169657497195459,25.3122462149579,-0.2855453421607001,2.2,0.8,0.0,15.0,0.0,
4,5,0.5,403,motorcycle,21.31763548730071,4.22101446378562,22.323349592428922,-0.09211514893303643,2.2,0.8,0.0,15.0,0.0,
4,5,0.5,404,car,82.70226978682823,-2.4680552070244817,2.91971050385642,0.08680315638767469,4.5,1.8,0.0,15.0,0.0,
4,6,0.6000000000000001,400,bicycle,35.225875172701244,3.6144755666393,29.63880699737281,-0.02861260978176516,1.8,0.6,0.0,15.0,0.0,
4,6,0.6000000000000001,401,car,50.41285130752101,-2.747131206530476,13.981703925595818,0.45130493741837885,4.5,1.8,0.0,15.0,0.0,
4,6,0.6000000000000001,402,motorcycle,46.24516091867893,-4.029837219149031,25.341383536990804,-0.2814688281991256,2.2,0.8,0.0,15.0,0.0,
4,6,0.6000000000000001,403,motorcycle,23.546731318865458,4.3222212871092855,22.293844069821052,-0.09912933832006637,2.2,0.8,0.0,15.0,0.0,
4,6,0.6000000000000001,404,car,82.88531502520003,-2.3174842865161835,2.939335450706501,0.05142699158747739,4.5,1.8,0.0,15.0,0.0,
4,7,0.7000000000000001,400,bicycle,38.178310371406695,3.6625793819817516,29.626271051736698,-0.0553361408673952,1.8,0.6,0.0,15.0,0.0,
4,7,0.7000000000000001,401,car,51.74559433148216,-2.6681045228645264,13.963801211635284,0.42861705068024153,4.5,1.8,0.0,15.0,0.0,
4,7,0.7000000000000001,402,motorcycle,48.64569309687246,-4.050220044316227,25.33232236505121,-0.2975512456312238,2.2,0.8,0.0,15.0,0.0,
4,7,0.7000000000000001,403,motorcycle,25.795992793596437,4.387108579550869,22.328922343418075,-0.07149291327507824,2.2,0.8,0.0,15.0,0.0,
4,7,0.7000000000000001,404,car,83.1551815424071,-2.36904142095156,2.887139668640379,0.02176916622057329,4.5,1.8,0.0,15.0,0.0,
4,8,0.8,400,bicycle,41.142902486094016,3.5784171557297637,29.63107390869257,-0.10360897476298842,1.8,0.6,0.0,15.0,0.0,
4,8,0.8,401,car,52.97587526374499,-2.5433022057100225,13.94008048186699,0.386765368019047,4.5,1.8,0.0,15.0,0.0,
4,8,0.8,402,motorcycle,51.06954061924784,-4.0376715714063085,25.401067750624605,-0.31770493868153105,2.2,0.8,0.0,15.0,0.0,
4,8,0.8,403,motorcycle,28.007328690471986,4.487122472212269,22.23840005820016,0.026850518870555104,2.2,0.8,0.0,15.0,0.0,
4,8,0.8,404,car,83.68830553950379,-2.637498257271511,2.882264507194541,-0.01417818537290489,4.5,1.8,0.0,15.0,0.0,
4,9,0.9,400,bicycle,44.0795326998728,3.526217751291872,29.67166186361654,-0.10923747011138796,1.8,0.6,0.0,15.0,0.0,
4,9,0.9,401,car,54.27879259051169,-2.5218441850376303,13.965819693715112,0.32757930163078286,4.5,1.8,0.0,15.0,0.0,
4,9,0.9,402,motorcycle,53.4450240254133,-3.87016778519093,25.368946416639183,-0.32457258802750716,2.2,0.8,0.0,15.0,0.0,
4,9,0.9,403,motorcycle,30.191389155709444,4.544616294507538,22.327039554354712,0.05584721095701932,2.2,0.8,0.0,15.0,0.0,
4,9,0.9,404,car,83.82469547546924,-2.7773284185096543,2.8623162684281955,-0.02758984534956822,4.5,1.8,0.0,15.0,0.0,
4,10,1.0,400,bicycle,46.87450375927979,3.5972280962981777,29.617345835722464,-0.03457239200510018,1.8,0.6,0.0,15.0,0.0,
4,10,1.0,401,car,55.857437819603774,-2.5139116081377697,13.98776832573602,0.26598194052657276,4.5,1.8,0.0,15.0,0.0,
4,10,1.0,402,motorcycle,56.04428629972514,-3.952444286337118,25.314584650559766,-0.33903933744015635,2.2,0.8,0.0,15.0,0.0,
4,10,1.0,403,motorcycle,32.377518310304374,4.517685075302865,22.37452354949553,0.01658183132523268,2.2,0.8,0.0,15.0,0.0,
4,10,1.0,404,car,84.28442940228945,-2.912593366327146,2.9430877820871255,-0.07841537644490292,4.5,1.8,0.0,15.0,0.0,
4,11,1.1,400,bicycle,49.836137019598375,3.5447512457498656,29.60015940214557,0.005495469812677262,1.8,0.6,0.0,15.0,0.0,
4,11,1.1,401,car,57.40619733190026,-2.368260943589548,13.967525509118929,0.27519470164680043,4.5,1.8,0.0,15.0,0.0,
4,11,1.1,402,motorcycle,58.49753697741428,-4.0855032513386025,25.257269605273333,-0.3609180027893628,2.2,0.8,0.0,15.0,0.0,
4,11,1.1,403,motorcycle,34.63993122835542,4.328161742460237,22.372205864366492,0.09238308755270892,2.2,0.8,0.0,15.0,0.0,
4,11,1.1,404,car,84.69092928740558,-2.978953311624303,2.8732441366229864,-0.05542386112166159,4.5,1.8,0.0,15.0,0.0,
4,12,1.2000000000000002,400,bicycle,52.564410134792176,3.656316204319401,29.58948002925141,0.0970604858415473,1.8,0.6,0.0,15.0,0.0,
4,12,1.2000000000000002,401,car,58.630253334254505,-2.248926850904085,13.962500067278219,0.2586421750731964,4.5,1.8,0.0,15.0,0.0,
4,12,1.2000000000000002,402,motorcycle,60.8862795914204,-4.062020260946367,25.291076474512174,-0.2716616126910683,2.2,0.8,0.0,15.0,0.0,
4,12,1.2000000000000002,403,motorcycle,36.97795684107813,4.278010518319935,22.322012735185616,0.023958515876589606,2.2,0.8,0.0,15.0,0.0,
4,12,1.2000000000000002,404,car,85.12557613563183,-3.0623131261642556,2.9472556300715516,-0.029170259078558258,4.5,1.8,0.0,15.0,0.0,
4,13,1.3,400,bicycle,55.55634842587671,3.6353354216475258,29.62251367490152,0.0962869476997072,1.8,0.6,0.0,15.0,0.0,
4,13,1.3,401,car,59.98958201183545,-2.1534621547319452,13.955301461817163,0.21872543613625509,4.5,1.8,0.0,15.0,0.0,
4,13,1.3,402,motorcycle,63.475369916417684,-4.095584987778331,25.315521975100065,-0.29435460560877763,2.2,0.8,0.0,15.0,0.0,
4,13,1.3,403,motorcycle,39.089245984128596,4.453913766159022,22.399343305723797,0.06814776393968766,2.2,0.8,0.0,15.0,0.0,
4,13,1.3,404,car,85.38152063010155,-3.0952619493882185,3.0163720023663747,-0.04686176095692892,4.5,1.8,0.0,15.0,0.0,
4,14,1.4000000000000001,400,bicycle,58.45534418973214,3.832187583981142,29.620129790820826,0.1847082141253995,1.8,0.6,0.0,15.0,0.0,
4,14,1.4000000000000001,401,car,61.245272966948164,-2.07977112283987,14.058855591777993,0.22021297336919818,4.5,1.8,0.0,15.0,0.0,
4,14,1.4000000000000001,402,motorcycle,65.9805216647009,-4.241795640099051,25.369639127821827,-0.332861009740812,2.2,0.8,0.0,15.0,0.0,
4,14,1.4000000000000001,403,motorcycle,41.31969945876198,4.337278314573729,22.47718803572867,0.1258920294759718,2.2,0.8,0.0,15.0,0.0,
4,14,1.4000000000000001,404,car,85.67999935541688,-3.2153630190426044,3.0931673548285064,-0.06515834730928628,4.5,1.8,0.0,15.0,0.0,
4,15,1.5,400,bicycle,61.30683668473247,3.6744466041464277,29.587831534226137,0.11197630799890253,1.8,0.6,0.0,15.0,0.0,
4,15,1.5,401,car,62.588876442473676,-1.9833089521331784,14.04008558357923,0.23799764247488372,4.5,1.8,0.0,15.0,0.0,
4,15,1.5,402,motorcycle,68.44515211152986,-4.268564834436709,25.465684168926128,-0.3502853136421568,2.2,0.8,0.0,15.0,0.0,
4,15,1.5,403,motorcycle,43.60586120609681,4.193314794774483,22.553193341849514,0.10203169802872854,2.2,0.8,0.0,15.0,0.0,
4,15,1.5,404,car,86.09436945589039,-3.2341968833494237,3.123746323079547,-0.03160772594873625,4.5,1.8,0.0,15.0,0.0,
4,16,1.6,400,bicycle,64.2203758042038,3.794834878522503,29.54988229102648,0.15087301900027966,1.8,0.6,0.0,15.0,0.0,
4,16,1.6,401,car,63.953864471414946,-1.924553393022484,14.016985933461518,0.2404964412102135,4.5,1.8,0.0,15.0,0.0,
4,16,1.6,402,motorcycle,70.8842511582533,-4.278837667332045,25.467893560674106,-0.3772929913457804,2.2,0.8,0.0,15.0,0.0,
4,16,1.6,403,motorcycle,45.85567774364274,4.216918412194146,22.52237548918626,0.09559376924224508,2.2,0.8,0.0,15.0,0.0,
4,16,1.6,404,car,86.30618889410884,-3.0027843520481965,3.176702256089956,-0.017953020667158696,4.5,1.8,0.0,15.0,0.0,
4,17,1.7000000000000002,400,bicycle,67.29257532605412,3.611996932754153,29.42199830413478,0.13090846591278435,1.8,0.6,0.0,15.0,0.0,
4,17,1.7000000000000002,401,car,65.21770665040088,-1.9241643013462957,14.027268765491263,0.28651716612724404,4.5,1.8,0.0,15.0,0.0,
4,17,1.7000000000000002,402,motorcycle,73.3172141158932,-4.276603897850616,25.46861304533172,-0.3599175258491262,2.2,0.8,0.0,15.0,0.0,
4,17,1.7000000000000002,403,motorcycle,48.055938097486006,4.364791303104583,22.517200056764775,0.18430288041743353,2.2,0.8,0.0,15.0,0.0,
4,17,1.7000000000000002,404,car,86.54482025434962,-2.9302969201193574,3.1737188320619296,-0.034340141500496885,4.5,1.8,0.0,15.0,0.0,
4,18,1.8,400,bicycle,70.29800669051434,3.5951704314264723,29.288900037276914,-0.022234940245931034,1.8,0.6,0.0,15.0,0.0,
4,18,1.8,401,car,66.74767574297842,-1.7724867389456016,14.12163581280406,0.2856407537131352,4.5,1.8,0.0,15.0,0.0,
4,18,1.8,402,motorcycle,75.73481194022658,-4.354554034700628,25.469184271099785,-0.41026943706338165,2.2,0.8,0.0,15.0,0.0,
4,18,1.8,403,motorcycle,50.472515575459866,4.6071718791107,22.541114091801283,0.18375969308252374,2.2,0.8,0.0,15.0,0.0,
4,18,1.8,404,car,86.73269543970837,-2.7790875446538017,3.177534172604382,-0.048798361421027496,4.5,1.8,0.0,15.0,0.0,
4,19,1.9000000000000001,400,bicycle,73.27501410310948,3.5343757845029606,29.296243795933005,-0.09435828278821404,1.8,0.6,0.0,15.0,0.0,
4,19,1.9000000000000001,401,car,68.26854804318407,-1.7543637676878554,14.179575855835761,0.2755839448210542,4.5,1.8,0.0,15.0,0.0,
4,19,1.9000000000000001,402,motorcycle,78.26811039645816,-4.516812721236162,25.50717211975069,-0.4540614347645362,2.2,0.8,0.0,15.0,0.0,
4,19,1.9000000000000001,403,motorcycle,52.67798474732007,4.625652567027206,22.54717530098575,0.09845484607163578,2.2,0.8,0.0,15.0,0.0,
4,19,1.9000000000000001,404,car,87.02736827042,-2.7044443589315335,3.158617270878187,-0.06003494913169358,4.5,1.8,0.0,15.0,0.0,
4,20,2.0,400,bicycle,76.22087908778707,3.512343912969439,29.244718020813625,-0.09617558897155927,1.8,0.6,0.0,15.0,0.0,
4,20,2.0,401,car,69.78591294576823,-1.8319229679324591,14.16085176136147,0.20650237862430032,4.5,1.8,0.0,15.0,0.0,
4,20,2.0,402,motorcycle,80.91296580348227,-4.571454685396404,25.4646621380704,-0.4494481547573773,2.2,0.8,0.0,15.0,0.0,
4,20,2.0,403,motorcycle,54.812342255929096,4.532148498488329,22.47416862449316,0.04511588419376578,2.2,0.8,0.0,15.0,0.0,
4,20,2.0,404,car,87.4789637559078,-2.7837596869729624,3.181928527010761,-0.10185002012948965,4.5,1.8,0.0,15.0,0.0,
4,21,2.1,400,bicycle,79.22130426444474,3.4001181539791516,29.24667941720171,-0.09353302347811183,1.8,0.6,0.0,15.0,0.0,
4,21,2.1,401,car,71.43477865554703,-1.7482302012720126,14.131206560645007,0.24075482680682603,4.5,1.8,0.0,15.0,0.0,
4,21,2.1,402,motorcycle,83.67324946433783,-4.779363109920571,25.42253803594196,-0.461293032713042,2.2,0.8,0.0,15.0,0.0,
4,21,2.1,403,motorcycle,57.01805029566422,4.5033844170747175,22.4089570112135,0.11531368687126639,2.2,0.8,0.0,15.0,0.0,
4,21,2.1,404,car,87.6548957487612,-2.813965969948161,3.234220056598796,-0.10335926298678229,4.5,1.8,0.0,15.0,0.0,
4,22,2.2,400,bicycle,82.04803278947463,3.2558972859939446,29.235179457400324,-0.13138450177063515,1.8,0.6,0.0,15.0,0.0,
4,22,2.2,401,car,72.86842242078184,-1.864299833363748,14.171858347489387,0.24653230296504927,4.5,1.8,0.0,15.0,0.0,
4,22,2.2,402,motorcycle,86.23448690736727,-4.681384735367875,25.400648261023367,-0.4975838674497032,2.2,0.8,0.0,15.0,0.0,
4,22,2.2,403,motorcycle,59.20416963395088,4.495663128809518,22.40440876647393,0.07377880004117773,2.2,0.8,0.0,15.0,0.0,
4,22,2.2,404,car,87.77600922911778,-2.880394796334743,3.2522113399131403,-0.09654634767410768,4.5,1.8,0.0,15.0,0.0,
4,23,2.3000000000000003,400,bicycle,85.09150618219725,3.4383074902132598,29.273146145973246,-0.06225846965022386,1.8,0.6,0.0,15.0,0.0,
4,23,2.3000000000000003,401,car,74.36228568475708,-1.6686566774745046,14.26440102920395,0.2940905615039956,4.5,1.8,0.0,15.0,0.0,
4,23,2.3000000000000003,402,motorcycle,88.84518974811206,-4.751666339306581,25.39858139697517,-0.5144757340172162,2.2,0.8,0.0,15.0,0.0,
4,23,2.3000000000000003,403,motorcycle,61.50673567168778,4.431006205077701,22.394853455984936,-0.04397969421773727,2.2,0.8,0.0,15.0,0.0,
4,23,2.3000000000000003,404,car,88.27353935258634,-2.9120968893607855,3.274990361779969,-0.02365701293853756,4.5,1.8,0.0,15.0,0.0,
4,24,2.4000000000000004,400,bicycle,88.04885014053869,3.5765160134575806,29.21105925536568,0.057610359829661256,1.8,0.6,0.0,15.0,0.0,
4,24,2.4000000000000004,401,car,75.89743680752636,-1.618327372075441,14.335654995835222,0.235658817204527,4.5,1.8,0.0,15.0,0.0,
4,24,2.4000000000000004,402,motorcycle,91.35618639993262,-4.658688873068065,25.305228387930423,-0.486452845269276,2.2,0.8,0.0,15.0,0.0,
4,24,2.4000000000000004,403,motorcycle,63.79943863327079,4.623530817338143,22.315705684998825,0.03650185863384439,2.2,0.8,0.0,15.0,0.0,
4,24,2.4000000000000004,404,car,88.54509131444945,-2.959163536645825,3.2138901424319792,-0.07804961481188383,4.5,1.8,0.0,15.0,0.0,
4,25,2.5,400,bicycle,91.01030830082065,3.471043857962411,29.248073472048326,0.024462057481173582,1.8,0.6,0.0,15.0,0.0,
4,25,2.5,401,car,77.20969892652502,-1.6475424049909777,14.352490355423038,0.22179115410797604,4.5,1.8,0.0,15.0,0.0,
4,25,2.5,402,motorcycle,93.89013025055895,-4.637713411411384,25.35934946051127,-0.5019576106987476,2.2,0.8,0.0,15.0,0.0,
4,25,2.5,403,motorcycle,65.92658700021306,4.634790451093779,22.339238164304028,-0.03653440666475313,2.2,0.8,0.0,15.0,0.0,
4,25,2.5,404,car,88.77741949899189,-3.0388871877233075,3.2034990329959605,-0.11610130999322313,4.5,1.8,0.0,15.0,0.0,
4,26,2.6,400,bicycle,94.00581972053517,3.3129767435646866,29.169087537188606,0.007767616905600464,1.8,0.6,0.0,15.0,0.0,
4,26,2.6,401,car,78.62738268165333,-1.7708276768659905,14.32215291329066,0.20173896323702156,4.5,1.8,0.0,15.0,0.0,
4,26,2.6,402,motorcycle,96.38673540190787,-4.67272102415233,25.326270516290094,-0.42806579569833386,2.2,0.8,0.0,15.0,0.0,
4,26,2.6,403,motorcycle,68.20933128061682,4.550425658363171,22.343963738972406,-0.03033364073447288,2.2,0.8,0.0,15.0,0.0,
4,26,2.6,404,car,89.21924154974127,-3.110535561614265,3.241865967881989,-0.11400858620409925,4.5,1.8,0.0,15.0,0.0,
4,27,2.7,400,bicycle,97.0718851258989,3.4428426505191876,29.178936502418235,-0.005346514145202564,1.8,0.6,0.0,15.0,0.0,
4,27,2.7,401,car,80.11025856395035,-1.768698783255005,14.406168268589576,0.20566246714587216,4.5,1.8,0.0,15.0,0.0,
4,27,2.7,402,motorcycle,98.8787981902856,-4.761489112329556,25.26561873703016,-0.40023783929366774,2.2,0.8,0.0,15.0,0.0,
4,27,2.7,403,motorcycle,70.36172653425011,4.657207119508498,22.279316986272327,-0.023971568285810364,2.2,0.8,0.0,15.0,0.0,
4,27,2.7,404,car,89.65845052237921,-3.3371611266970387,3.3427792450715983,-0.13527284606400472,4.5,1.8,0.0,15.0,0.0,
4,28,2.8000000000000003,400,bicycle,100.00388831435694,3.4994529216563017,29.215242955224014,0.008347682767781545,1.8,0.6,0.0,15.0,0.0,
4,28,2.8000000000000003,401,car,81.65061384917995,-1.6962254652482365,14.494212325591192,0.23177884428860202,4.5,1.8,0.0,15.0,0.0,
4,28,2.8000000000000003,402,motorcycle,101.60182361597691,-4.711405012235157,25.175331230741747,-0.26968270537427563,2.2,0.8,0.0,15.0,0.0,
4,28,2.8000000000000003,403,motorcycle,72.53222382202962,4.80436436420009,22.2806566584283,0.029082944594318618,2.2,0.8,0.0,15.0,0.0,
4,28,2.8000000000000003,404,car,89.9238805557998,-3.2881139569944806,3.330119717801878,-0.05632269048451029,4.5,1.8,0.0,15.0,0.0,
4,29,2.9000000000000004,400,bicycle,102.96927942662104,3.5938819540632365,29.10703911165036,0.004069048778350282,1.8,0.6,0.0,15.0,0.0,
4,29,2.9000000000000004,401,car,83.1410902452449,-1.6506860901754057,14.542270186277085,0.2134836320317293,4.5,1.8,0.0,15.0,0.0,
4,29,2.9000000000000004,402,motorcycle,104.12423544955455,-4.620250606331085,25.06139678056948,-0.24021518029235855,2.2,0.8,0.0,15.0,0.0,
4,29,2.9000000000000004,403,motorcycle,74.7269010052731,4.71604084620416,22.297483869642097,0.09045550943475139,2.2,0.8,0.0,15.0,0.0,
4,29,2.9000000000000004,404,car,90.36080691072841,-3.3072575291335946,3.3739067659899256,-0.012919295562218075,4.5,1.8,0.0,15.0,0.0,
4,30,3.0,400,bicycle,105.87124621073676,3.5249808037422508,29.07527741009424,0.04596171622175714,1.8,0.6,0.0,15.0,0.0,
4,30,3.0,401,car,84.59110258250134,-1.7339559489452916,14.458027044501629,0.25507520463654826,4.5,1.8,0.0,15.0,0.0,
4,30,3.0,402,motorcycle,106.57569728538508,-4.611233348794723,25.123382125922937,-0.30566140413503284,2.2,0.8,0.0,15.0,0.0,
4,30,3.0,403,motorcycle,76.95213565418602,4.708016982525748,22.316471013423495,0.15241350935577314,2.2,0.8,0.0,15.0,0.0,
4,30,3.0,404,car,90.56525240586116,-3.25156966381924,3.4254829547396106,-0.02223814876005721,4.5,1.8,0.0,15.0,0.0,
4,31,3.1,400,bicycle,108.76502925245687,3.571421912262919,29.09251826398873,0.07507934659011327,1.8,0.6,0.0,15.0,0.0,
4,31,3.1,401,car,86.09303333959161,-1.8066456590432018,14.507540369386875,0.31341436274606016,4.5,1.8,0.0,15.0,0.0,
4,31,3.1,402,motorcycle,109.1066437873464,-4.791215019863193,25.117644840622933,-0.2959411102880044,2.2,0.8,0.0,15.0,0.0,
4,31,3.1,403,motorcycle,79.0693227317497,4.687244527103624,22.246002544045567,0.18277812060509535,2.2,0.8,0.0,15.0,0.0,
4,31,3.1,404,car,90.92439623282533,-3.41837179517667,3.4430561978187098,-0.025063596129571774,4.5,1.8,0.0,15.0,0.0,
4,32,3.2,400,bicycle,111.72592250713119,3.539776603546388,29.052444293951577,0.036537115267222926,1.8,0.6,0.0,15.0,0.0,
4,32,3.2,401,car,87.48997035487547,-1.773421713110491,14.514938292658115,0.303878368855655,4.5,1.8,0.0,15.0,0.0,
4,32,3.2,402,motorcycle,111.57607631650905,-4.855949457692542,25.24303107989828,-0.3344773678629148,2.2,0.8,0.0,15.0,0.0,
4,32,3.2,403,motorcycle,81.23812578529964,5.034907750000948,22.267053209168594,0.11377908730991056,2.2,0.8,0.0,15.0,0.0,
4,32,3.2,404,car,91.35297057300494,-3.5118820437097416,3.4885092732089644,-0.03561171009810585,4.5,1.8,0.0,15.0,0.0,
4,33,3.3000000000000003,400,bicycle,114.5871873515774,3.7043468119558685,29.08076436158454,0.0851865871396833,1.8,0.6,0.0,15.0,0.0,
4,33,3.3000000000000003,401,car,88.98495615209328,-1.7874783286042355,14.545506013671027,0.36433913848987803,4.5,1.8,0.0,15.0,0.0,
4,33,3.3000000000000003,402,motorcycle,114.11385322885063,-4.709232934044183,25.285555440058374,-0.3238782403743342,2.2,0.8,0.0,15.0,0.0,
4,33,3.3000000000000003,403,motorcycle,83.48997975931829,5.060009371628702,22.204491269888845,0.1092754775194803,2.2,0.8,0.0,15.0,0.0,
4,33,3.3000000000000003,404,car,91.72394014885995,-3.557051726846205,3.505393124144199,-0.03454633558035029,4.5,1.8,0.0,15.0,0.0,
4,34,3.4000000000000004,400,bicycle,117.57263297684572,3.7791767087764097,29.089122025963782,0.016825942574583377,1.8,0.6,0.0,15.0,0.0,
4,34,3.4000000000000004,401,car,90.6185790273285,-1.765233514612362,14.54146169098627,0.34721309605490863,4.5,1.8,0.0,15.0,0.0,
4,34,3.4000000000000004,402,motorcycle,116.59356760724992,-4.587214953281565,25.354857656077677,-0.30165857019545067,2.2,0.8,0.0,15.0,0.0,
4,34,3.4000000000000004,403,motorcycle,85.69967887086409,5.132848717882026,22.208181118977315,0.09976433160332536,2.2,0.8,0.0,15.0,0.0,
4,34,3.4000000000000004,404,car,92.10829005342501,-3.6046221350987846,3.518006337344371,-0.024335289299268516,4.5,1.8,0.0,15.0,0.0,
4,35,3.5,400,bicycle,120.5418387815679,3.718945607286307,29.12462884360761,-0.028489632072941883,1.8,0.6,0.0,15.0,0.0,
4,35,3.5,401,car,92.01546853126499,-1.7834047109214457,14.487859102367587,0.3979962102241918,4.5,1.8,0.0,15.0,0.0,
4,35,3.5,402,motorcycle,119.03214812523872,-4.687272444041778,25.417628041602008,-0.3301877052881332,2.2,0.8,0.0,15.0,0.0,
4,35,3.5,403,motorcycle,87.90168271424801,5.041622250950705,22.249828679358448,0.1421011438128786,2.2,0.8,0.0,15.0,0.0,
4,35,3.5,404,car,92.5339852775718,-3.553302681209317,3.5216857928953447,-0.05055412264616774,4.5,1.8,0.0,15.0,0.0,
4,36,3.6,400,bicycle,123.37280473526206,3.84508719675518,29.16286905719394,-0.0631548434329631,1.8,0.6,0.0,15.0,0.0,
4,36,3.6,401,car,93.46823761832407,-1.773616599197528,14.431448567082299,0.40687877905525693,4.5,1.8,0.0,15.0,0.0,
4,36,3.6,402,motorcycle,121.532361662975,-4.81554488120016,25.34367141389492,-0.40837788029841676,2.2,0.8,0.0,15.0,0.0,
4,36,3.6,403,motorcycle,90.0895229694144,5.047322868289501,22.20606363885033,0.17463811519574,2.2,0.8,0.0,15.0,0.0,
4,36,3.6,404,car,92.87959920268304,-3.5006695624140685,3.5125402533859593,-0.08991000440652303,4.5,1.8,0.0,15.0,0.0,
4,37,3.7,400,bicycle,126.30050339809532,3.7125042612100514,29.189840983225775,-0.11001230375861978,1.8,0.6,0.0,15.0,0.0,
4,37,3.7,401,car,95.00320572768564,-1.7667742959161936,14.484575242897796,0.35074761962584117,4.5,1.8,0.0,15.0,0.0,
4,37,3.7,402,motorcycle,123.99895183429162,-4.818289174545145,25.402196268566257,-0.3250474348826706,2.2,0.8,0.0,15.0,0.0,
4,37,3.7,403,motorcycle,92.31426594966753,5.248561242887751,22.19158041135906,0.22957649631388863,2.2,0.8,0.0,15.0,0.0,
4,37,3.7,404,car,93.1366351283257,-3.4676405121683955,3.395455601343137,-0.1459895549891792,4.5,1.8,0.0,15.0,0.0,
4,38,3.8000000000000003,400,bicycle,129.26615517622596,3.5702591456141373,29.211188463765232,-0.06468939771800161,1.8,0.6,0.0,15.0,0.0,
4,38,3.8000000000000003,401,car,96.40153123270359,-1.8285948295210293,14.460865912105058,0.30245700366663186,4.5,1.8,0.0,15.0,0.0,
4,38,3.8000000000000003,402,motorcycle,126.52905010534666,-4.840584855544603,25.386895762411417,-0.24132947287332954,2.2,0.8,0.0,15.0,0.0,
4,38,3.8000000000000003,403,motorcycle,94.46148360883474,5.410662210444671,22.139518449543452,0.23321537481096608,2.2,0.8,0.0,15.0,0.0,
4,38,3.8000000000000003,404,car,93.59449122931481,-3.369103752441982,3.3744427064581255,-0.11823606898561195,4.5,1.8,0.0,15.0,0.0,
4,39,3.9000000000000004,400,bicycle,132.22939193096892,3.509796287983063,29.241985960622635,0.02843521088461702,1.8,0.6,0.0,15.0,0.0,
4,39,3.9000000000000004,401,car,97.89478789042036,-1.741713491247299,14.494473661015094,0.22940817329887483,4.5,1.8,0.0,15.0,0.0,
4,39,3.9000000000000004,402,motorcycle,129.11376214890842,-4.966393760315788,25.357401415376525,-0.1332323838139044,2.2,0.8,0.0,15.0,0.0,
4,39,3.9000000000000004,403,motorcycle,96.65010929282322,5.359966337496345,22.197147578488522,0.18583152466884723,2.2,0.8,0.0,15.0,0.0,
4,39,3.9000000000000004,404,car,93.88719358554167,-3.2560221425419265,3.3765810847235236,-0.19631592124193842,4.5,1.8,0.0,15.0,0.0,
4,40,4.0,400,bicycle,135.20798948846345,3.4729932208668735,29.318978534949146,-0.0018741364970896596,1.8,0.6,0.0,15.0,0.0,
4,40,4.0,401,car,99.44935785389447,-1.54120287068084,14.451926499824516,0.2197475222609652,4.5,1.8,0.0,15.0,0.0,
4,40,4.0,402,motorcycle,131.6883648178605,-5.065451573952596,25.370916162711918,-0.14447839818920402,2.2,0.8,0.0,15.0,0.0,
4,40,4.0,403,motorcycle,98.84531729351274,5.383443329234041,22.20071081426745,0.19402556312264924,2.2,0.8,0.0,15.0,0.0,
4,40,4.0,404,car,94.16496905946835,-3.3311709071010953,3.370651705282282,-0.19855380330372818,4.5,1.8,0.0,15.0,0.0,
4,41,4.1000000000000005,400,bicycle,138.0960024079637,3.505199771425766,29.228240447515386,-0.03839744944253724,1.8,0.6,0.0,15.0,0.0,
4,41,4.1000000000000005,401,car,100.86655772125663,-1.604839637157804,14.533386400564961,0.2206906145972128,4.5,1.8,0.0,15.0,0.0,
4,41,4.1000000000000005,402,motorcycle,134.24313340195428,-5.128222484568063,25.37012721669327,-0.20524107140434072,2.2,0.8,0.0,15.0,0.0,
4,41,4.1000000000000005,403,motorcycle,101.04840667132997,5.30914504268673,22.18684063502964,0.06602973480752436,2.2,0.8,0.0,15.0,0.0,
4,41,4.1000000000000005,404,car,94.38923390915222,-3.2046336469800347,3.4121715927376592,-0.13260183650796661,4.5,1.8,0.0,15.0,0.0,
4,42,4.2,400,bicycle,141.15759857968234,3.5686587688979605,29.20559701324643,-0.09025999675581839,1.8,0.6,0.0,15.0,0.0,
4,42,4.2,401,car,102.4345708218581,-1.5763137782593437,14.658087541384056,0.20243571579667508,4.5,1.8,0.0,15.0,0.0,
4,42,4.2,402,motorcycle,136.97743570910166,-5.164425770778073,25.436929646556205,-0.12040648454271798,2.2,0.8,0.0,15.0,0.0,
4,42,4.2,403,motorcycle,103.16479574201486,5.267248208338395,22.135191673744714,0.004532510394613179,2.2,0.8,0.0,15.0,0.0,
4,42,4.2,404,car,94.79715775347849,-3.2375566676557335,3.4147899088971663,-0.10478987975930261,4.5,1.8,0.0,15.0,0.0,
4,43,4.3,400,bicycle,143.8924195976355,3.6883093696180844,29.188142305079435,-0.06363993144392552,1.8,0.6,0.0,15.0,0.0,
4,43,4.3,401,car,103.96245085991937,-1.418990550603292,14.652844671994904,0.09625384284452854,4.5,1.8,0.0,15.0,0.0,
4,43,4.3,402,motorcycle,139.52684143510265,-5.1563957334161845,25.3852166035992,-0.11303195182107104,2.2,0.8,0.0,15.0,0.0,
4,43,4.3,403,motorcycle,105.3422130659167,5.133426064449606,22.16876591849518,-0.023653747150276627,2.2,0.8,0.0,15.0,0.0,
4,43,4.3,404,car,95.0979988228945,-3.294293540360372,3.4765638387703737,-0.10683568784797222,4.5,1.8,0.0,15.0,0.0,
4,44,4.4,400,bicycle,146.819143810198,3.6378817610350525,29.21128564619218,0.0038259709786080676,1.8,0.6,0.0,15.0,0.0,
4,44,4.4,401,car,105.49252140886752,-1.3406784701853536,14.683156182289121,0.02724171067897037,4.5,1.8,0.0,15.0,0.0,
4,44,4.4,402,motorcycle,141.97775121229265,-5.188197667958204,25.34892340147454,-0.16625880305887095,2.2,0.8,0.0,15.0,0.0,
4,44,4.4,403,motorcycle,107.37187208367915,4.996407768421164,22.15593964062805,-0.027125065491220852,2.2,0.8,0.0,15.0,0.0,
4,44,4.4,404,car,95.36634982915848,-3.2970845878768467,3.4548721567249547,-0.052307008479279805,4.5,1.8,0.0,15.0,0.0,
4,45,4.5,400,bicycle,149.72410979841473,3.7078974462730847,29.221446334306915,-0.06627758098359468,1.8,0.6,0.0,15.0,0.0,
4,45,4.5,401,car,106.95177120952272,-1.4615167090503247,14.677750140378276,-0.010014830182564091,4.5,1.8,0.0,15.0,0.0,
4,45,4.5,402,motorcycle,144.55083985578858,-5.3390589820107115,25.349658492738513,-0.13763802393071126,2.2,0.8,0.0,15.0,0.0,
4,45,4.5,403,motorcycle,109.67822560467286,4.917278486083619,22.156827189238406,-0.017917716845642175,2.2,0.8,0.0,15.0,0.0,
4,45,4.5,404,car,95.86654967278525,-3.4504482947997883,3.4093170294714024,0.0879161161575242,4.5,1.8,0.0,15.0,0.0,
4,46,4.6000000000000005,400,bicycle,152.6189447034498,3.5121703071843977,29.192318827139506,-0.2047212420568128,1.8,0.6,0.0,15.0,0.0,
4,46,4.6000000000000005,401,car,108.44363829480616,-1.3815397160407592,14.632167021569838,-0.03355102629513944,4.5,1.8,0.0,15.0,0.0,
4,46,4.6000000000000005,402,motorcycle,147.17817112059933,-5.52784433088839,25.283579932128536,-0.14904378301649324,2.2,0.8,0.0,15.0,0.0,
4,46,4.6000000000000005,403,motorcycle,111.81867483985002,4.886100024651697,22.09363967326808,-0.007202042549566788,2.2,0.8,0.0,15.0,0.0,
4,46,4.6000000000000005,404,car,96.1925580672144,-3.386737633760733,3.419337004495417,0.09825061978232538,4.5,1.8,0.0,15.0,0.0,
4,47,4.7,400,bicycle,155.39354585071075,3.540957338143204,29.175775507049284,-0.2130511574392937,1.8,0.6,0.0,15.0,0.0,
4,47,4.7,401,car,110.01168143460222,-1.4568383743219626,14.699726237992788,0.03867273867351523,4.5,1.8,0.0,15.0,0.0,
4,47,4.7,402,motorcycle,149.78180755754863,-5.640810790266781,25.17426526984719,-0.09510203730349619,2.2,0.8,0.0,15.0,0.0,
4,47,4.7,403,motorcycle,114.03917731330993,4.810860073314594,22.15231779045586,-0.05027998659345726,2.2,0.8,0.0,15.0,0.0,
4,47,4.7,404,car,96.49207624184086,-3.324423535350801,3.3636568629146733,0.09277657430197202,4.5,1.8,0.0,15.0,0.0,
4,48,4.800000000000001,400,bicycle,158.420037119807,3.540763296761387,29.238146823890467,-0.1563710395389938,1.8,0.6,0.0,15.0,0.0,
4,48,4.800000000000001,401,car,111.48242789184367,-1.68664523809035,14.644437623232022,0.0768394442927397,4.5,1.8,0.0,15.0,0.0,
4,48,4.800000000000001,402,motorcycle,152.1442089425048,-5.682990252855825,25.19118930053164,-0.021623502515420667,2.2,0.8,0.0,15.0,0.0,
4,48,4.800000000000001,403,motorcycle,116.19690712271007,4.741483303746936,22.149695502131085,-0.03273433810295214,2.2,0.8,0.0,15.0,0.0,
4,48,4.800000000000001,404,car,96.81301724539273,-3.2102190430320223,3.32369967126325,0.09878462097092419,4.5,1.8,0.0,15.0,0.0,
4,49,4.9,400,bicycle,161.38837307322075,3.4851029118169023,29.280132320718465,-0.14892311247687634,1.8,0.6,0.0,15.0,0.0,
4,49,4.9,401,car,113.0257562254821,-1.659550882856193,14.663257851806383,0.045219856450271934,4.5,1.8,0.0,15.0,0.0,
4,49,4.9,402,motorcycle,154.60025070203884,-5.562712955114489,25.222964822757657,-0.07277176082654076,2.2,0.8,0.0,15.0,0.0,
4,49,4.9,403,motorcycle,118.42996301538867,4.500832264583098,22.120998493946114,0.015317045728043155,2.2,0.8,0.0,15.0,0.0,
4,49,4.9,404,car,97.13287265364794,-3.188549313968327,3.1728806089372394,0.0791719400641166,4.5,1.8,0.0,15.0,0.0,
4,50,5.0,400,bicycle,164.3502135276753,3.5167395881090484,29.328250106285182,-0.15943600006554776,1.8,0.6,0.0,15.0,0.0,
4,50,5.0,401,car,114.47551642940033,-1.788240640152152,14.653031774847724,-0.017858896669618,4.5,1.8,0.0,15.0,0.0,
4,50,5.0,402,motorcycle,156.93776017233407,-5.678508068208202,25.298399068147855,-0.08629982090220459,2.2,0.8,0.0,15.0,0.0,
4,50,5.0,403,motorcycle,120.6640506010856,4.451014344036096,22.03147094297352,0.06212270197452852,2.2,0.8,0.0,15.0,0.0,
4,50,5.0,404,car,97.2329409005561,-3.236111387641081,3.1701498648947366,0.09069642223560936,4.5,1.8,0.0,15.0,0.0,
4,51,5.1000000000000005,400,bicycle,167.2103915778509,3.3169998397969964,29.28819544166841,-0.1968738994465309,1.8,0.6,0.0,15.0,0.0,
4,51,5.1000000000000005,401,car,115.8635102573696,-1.6930206707983535,14.592351635940767,-0.0028099329477100556,4.5,1.8,0.0,15.0,0.0,
4,51,5.1000000000000005,402,motorcycle,159.48342978287062,-5.591092542551255,25.29174247456101,-0.04674327254232666,2.2,0.8,0.0,15.0,0.0,
4,51,5.1000000000000005,403,motorcycle,122.84997568157354,4.500665866892029,21.95632388861116,-0.06979120184002693,2.2,0.8,0.0,15.0,0.0,
4,51,5.1000000000000005,404,car,97.58771057240216,-3.1839234328135975,3.1939249815523305,0.06444979649787541,4.5,1.8,0.0,15.0,0.0,
4,52,5.2,400,bicycle,170.28818334723877,3.2513246682786408,29.309239392652028,-0.16714208819632695,1.8,0.6,0.0,15.0,0.0,
4,52,5.2,401,car,117.49461943693858,-1.7250046260721077,14.55969199062931,-0.07771720216847622,4.5,1.8,0.0,15.0,0.0,
4,52,5.2,402,motorcycle,162.16784073099296,-5.553625779100633,25.314395529855723,0.10909193952386934,2.2,0.8,0.0,15.0,0.0,
4,52,5.2,403,motorcycle,125.07811254455328,4.363454606198023,21.94652870986151,-0.1185303222824596,2.2,0.8,0.0,15.0,0.0,
4,52,5.2,404,car,97.86751623109912,-3.2177374134392704,3.164573761998978,-0.005214328769894444,4.5,1.8,0.0,15.0,0.0,
4,53,5.300000000000001,400,bicycle,173.3783574498712,3.2644952639028477,29.297965790917015,-0.1292601967205398,1.8,0.6,0.0,15.0,0.0,
4,53,5.300000000000001,401,car,118.99769536348646,-1.7052072730147507,14.593941894267651,-0.07102046498054339,4.5,1.8,0.0,15.0,0.0,
4,53,5.300000000000001,402,motorcycle,164.7663024296777,-5.467405355060468,25.322531466607362,0.09807221484906356,2.2,0.8,0.0,15.0,0.0,
4,53,5.300000000000001,403,motorcycle,127.42580519568482,4.303811419992433,21.96609438988288,-0.09783490174550627,2.2,0.8,0.0,15.0,0.0,
4,53,5.300000000000001,404,car,98.12301782207264,-3.299041084847409,3.1468811609554854,-0.029825171428674836,4.5,1.8,0.0,15.0,0.0,
4,54,5.4,400,bicycle,176.16234097279903,3.186419735978866,29.311276940148744,-0.06596301751310986,1.8,0.6,0.0,15.0,0.0,
4,54,5.4,401,car,120.51252868643058,-1.972262769349829,14.626007080005518,-0.09892805427532927,4.5,1.8,0.0,15.0,0.0,
4,54,5.4,402,motorcycle,167.3438635838072,-5.459011659496625,25.31289708530302,0.09296042845095649,2.2,0.8,0.0,15.0,0.0,
4,54,5.4,403,motorcycle,129.62017220384612,4.428468427026908,21.965111380528626,-0.04355809508644625,2.2,0.8,0.0,15.0,0.0,
4,54,5.4,404,car,98.53169652475276,-3.2353190472319113,3.0575502199490017,0.0260064613794055,4.5,1.8,0.0,15.0,0.0,
4,55,5.5,400,bicycle,179.04767853740034,3.2513961623350323,29.262650298486722,-0.12521671967827264,1.8,0.6,0.0,15.0,0.0,
4,55,5.5,401,car,122.17276826811425,-2.077853881461173,14.683312411958106,-0.09300703820350323,4.5,1.8,0.0,15.0,0.0,
4,55,5.5,402,motorcycle,169.83314128650147,-5.45419850508455,25.247842360476454,0.09227270947049497,2.2,0.8,0.0,15.0,0.0,
4,55,5.5,403,motorcycle,131.7084093105094,4.384568238086865,22.011376358727105,-0.030848561258563383,2.2,0.8,0.0,15.0,0.0,
4,55,5.5,404,car,98.68923449685961,-3.147569588402584,3.0571952318535445,-0.001102802041061432,4.5,1.8,0.0,15.0,0.0,
4,56,5.6000000000000005,400,bicycle,182.04861119763993,3.222153806669505,29.204367231491435,-0.03282623410579241,1.8,0.6,0.0,15.0,0.0,
4,56,5.6000000000000005,401,car,123.63937076502097,-2.0952931057297453,14.663057153371577,-0.03400875123062376,4.5,1.8,0.0,15.0,0.0,
4,56,5.6000000000000005,402,motorcycle,172.30543767173492,-5.599469220018661,25.213908477381654,0.15861143949323459,2.2,0.8,0.0,15.0,0.0,
4,56,5.6000000000000005,403,motorcycle,133.99276016252782,4.355981816695022,22.08003911580913,0.006548550182530748,2.2,0.8,0.0,15.0,0.0,
4,56,5.6000000000000005,404,car,98.96829508368151,-3.164270854116798,3.0736611184508162,-0.04269714952425223,4.5,1.8,0.0,15.0,0.0,
4,57,5.7,400,bicycle,184.96949842734003,3.249722519720255,29.12001891956101,-0.042292250234187305,1.8,0.6,0.0,15.0,0.0,
4,57,5.7,401,car,125.07537086182155,-1.9958871788567756,14.570832303681025,-0.05308405221580931,4.5,1.8,0.0,15.0,0.0,
4,57,5.7,402,motorcycle,174.77865305473662,-5.487600979677177,25.211731148913408,0.24841617177585307,2.2,0.8,0.0,15.0,0.0,
4,57,5.7,403,motorcycle,136.26698541229936,4.315614372294323,22.092022050637077,-0.01115489028594216,2.2,0.8,0.0,15.0,0.0,
4,57,5.7,404,car,99.36160080457563,-3.301760340398324,3.0324763196222495,-0.019912653596506166,4.5,1.8,0.0,15.0,0.0,
4,58,5.800000000000001,400,bicycle,188.0040759641685,3.0252964350829163,29.188742480360528,-0.04929900665558761,1.8,0.6,0.0,15.0,0.0,
4,58,5.800000000000001,401,car,126.34406659599594,-2.3013683682672905,14.49436300039061,-0.054069295008079395,4.5,1.8,0.0,15.0,0.0,
4,58,5.800000000000001,402,motorcycle,177.2932363658471,-5.399439319028661,25.18425679003536,0.19301414445354453,2.2,0.8,0.0,15.0,0.0,
4,58,5.800000000000001,403,motorcycle,138.434878978597,4.317859911956887,22.10356069038484,-0.050613125249562456,2.2,0.8,0.0,15.0,0.0,
4,58,5.800000000000001,404,car,99.75499310657139,-3.3658912829303778,2.9889904515060044,-0.04703222906992066,4.5,1.8,0.0,15.0,0.0,
4,59,5.9,400,bicycle,191.0304342297748,3.0070868891232916,29.15401680520704,-0.002993619133160423,1.8,0.6,0.0,15.0,0.0,
4,59,5.9,401,car,128.00777775002987,-2.285807034337204,14.556055123433882,-0.0022653974793399173,4.5,1.8,0.0,15.0,0.0,
4,59,5.9,402,motorcycle,179.75109806968482,-5.377474486535684,25.12012955855016,0.18276703113546278,2.2,0.8,0.0,15.0,0.0,
4,59,5.9,403,motorcycle,140.58261601072292,4.272510003714367,22.06606593881582,-0.06496796565934082,2.2,0.8,0.0,15.0,0.0,
4,59,5.9,404,car,100.10711542034849,-3.3825436968813696,2.8957717916182353,-0.08433825731484497,4.5,1.8,0.0,15.0,0.0,
4,60,6.0,400,bicycle,193.7938959750397,3.031193549808152,29.17918267340975,0.00983379195954783,1.8,0.6,0.0,15.0,0.0,
4,60,6.0,401,car,129.38464282304332,-2.2613481811720164,14.532549410645439,-0.059176669966852544,4.5,1.8,0.0,15.0,0.0,
4,60,6.0,402,motorcycle,182.33730401751075,-5.27739500804976,25.167574332604335,0.15234960113383997,2.2,0.8,0.0,15.0,0.0,
4,60,6.0,403,motorcycle,142.90715883587382,4.216654982015626,22.098741004892748,-0.09051359874767459,2.2,0.8,0.0,15.0,0.0,
4,60,6.0,404,car,100.37429438313573,-3.6330953083517734,2.8806761308973896,-0.0797837589755936,4.5,1.8,0.0,15.0,0.0,
4,61,6.1000000000000005,400,bicycle,196.6708092806443,3.2077957358126206,29.121059369143484,-0.018345269895648462,1.8,0.6,0.0,15.0,0.0,
4,61,6.1000000000000005,401,car,130.7474105031093,-2.3236435460682485,14.584120063792474,0.014724919749495635,4.5,1.8,0.0,15.0,0.0,
4,61,6.1000000000000005,402,motorcycle,184.78398218967928,-5.334460802208697,25.10971790017464,0.21766387045980512,2.2,0.8,0.0,15.0,0.0,
4,61,6.1000000000000005,403,motorcycle,145.22913337705472,4.19700544214198,22.028936045077405,-0.15584672702048719,2.2,0.8,0.0,15.0,0.0,
4,61,6.1000000000000005,404,car,100.67942494126393,-3.586139892404683,2.7773688906463323,-0.09584925450248774,4.5,1.8,0.0,15.0,0.0,
4,62,6.2,400,bicycle,199.74474480651438,3.184210288160027,29.195541273683016,0.014107036552135722,1.8,0.6,0.0,15.0,0.0,
4,62,6.2,401,car,132.097394549405,-2.3514381834284848,14.577685351865238,-0.032900658655179695,4.5,1.8,0.0,15.0,0.0,
4,62,6.2,402,motorcycle,187.19796717741565,-5.16201755595086,25.060849869189994,0.27158567428023916,2.2,0.8,0.0,15.0,0.0,
4,62,6.2,403,motorcycle,147.38837853372598,4.178856836451614,22.057028265989334,-0.18577466066572113,2.2,0.8,0.0,15.0,0.0,
4,62,6.2,404,car,101.01395226167801,-3.80036778780977,2.799354260067064,-0.21927576073106955,4.5,1.8,0.0,15.0,0.0,
4,63,6.300000000000001,400,bicycle,202.64161426121285,3.27104529034709,29.226656038985936,-0.05081348739596133,1.8,0.6,0.0,15.0,0.0,
4,63,6.300000000000001,401,car,133.43819664498218,-2.4235954533262665,14.586996144983145,-0.13449731815736488,4.5,1.8,0.0,15.0,0.0,
4,63,6.300000000000001,402,motorcycle,189.7027298067498,-5.10371605114283,25.046698010146446,0.29785172268289173,2.2,0.8,0.0,15.0,0.0,
4,63,6.300000000000001,403,motorcycle,149.61645377615753,4.106113944445152,21.96021879797636,-0.17910400658717998,2.2,0.8,0.0,15.0,0.0,
4,63,6.300000000000001,404,car,101.19858015116172,-3.880129626369031,2.823310470965218,-0.148409091559352,4.5,1.8,0.0,15.0,0.0,
4,64,6.4,400,bicycle,205.56047385276725,3.321370425252081,29.15443207192829,-0.03853730834620961,1.8,0.6,0.0,15.0,0.0,
4,64,6.4,401,car,134.8909056657128,-2.314122427079385,14.559973221181707,-0.1465791990154834,4.5,1.8,0.0,15.0,0.0,
4,64,6.4,402,motorcycle,192.31328105447773,-5.083134258114006,24.991255941082084,0.4254333863473979,2.2,0.8,0.0,15.0,0.0,
4,64,6.4,403,motorcycle,151.70461637962148,4.081733535631481,21.97755320577764,-0.16572313113562426,2.2,0.8,0.0,15.0,0.0,
4,64,6.4,404,car,101.4619368278576,-3.9134465725775973,2.8115638776508205,-0.2042057844889206,4.5,1.8,0.0,15.0,0.0,
4,65,6.5,400,bicycle,208.69093898140235,3.295517602646122,29.184278621569444,-0.05526995123028988,1.8,0.6,0.0,15.0,0.0,
4,65,6.5,401,car,136.31142662059543,-2.3743247132478986,14.482480931782245,-0.15461025602152187,4.5,1.8,0.0,15.0,0.0,
4,65,6.5,402,motorcycle,194.771705883154,-4.923438468560788,24.93142093520286,0.39657602746965515,2.2,0.8,0.0,15.0,0.0,
4,65,6.5,403,motorcycle,153.81252765352383,4.2094142619190995,21.934082783534905,-0.13760813889931742,2.2,0.8,0.0,15.0,0.0,
4,65,6.5,404,car,101.84010936296328,-3.94847944216803,2.7427233276037972,-0.2724134774271051,4.5,1.8,0.0,15.0,0.0,
4,66,6.6000000000000005,400,bicycle,211.6953432500389,3.1639312056431073,29.20387995212244,-0.049552495739260065,1.8,0.6,0.0,15.0,0.0,
4,66,6.6000000000000005,401,car,137.79738796220474,-2.342627258065462,14.43579739256135,-0.20338666497225893,4.5,1.8,0.0,15.0,0.0,
4,66,6.6000000000000005,402,motorcycle,197.3363406900843,-4.946715326870263,24.7939135106026,0.4290137923638484,2.2,0.8,0.0,15.0,0.0,
4,66,6.6000000000000005,403,motorcycle,155.90230980307047,4.242367035819693,22.003723876000752,-0.13677001603622005,2.2,0.8,0.0,15.0,0.0,
4,66,6.6000000000000005,404,car,102.21395827889,-3.9603410218571207,2.8220947940108547,-0.3255188328649604,4.5,1.8,0.0,15.0,0.0,
4,67,6.7,400,bicycle,214.61490974720948,3.2262921165733283,29.194359364271936,0.00805845409337342,1.8,0.6,0.0,15.0,0.0,
4,67,6.7,401,car,139.1977637475098,-2.1560288093997992,14.541907267774961,-0.18928306516089394,4.5,1.8,0.0,15.0,0.0,
4,67,6.7,402,motorcycle,199.87099215918002,-4.784646804071413,24.73455364065423,0.36341379163495885,2.2,0.8,0.0,15.0,0.0,
4,67,6.7,403,motorcycle,158.2283240820563,4.256088881503371,21.992398613701763,-0.136213850892162,2.2,0.8,0.0,15.0,0.0,
4,67,6.7,404,car,102.25756361105469,-4.011949136589317,2.7844424570511936,-0.27961525118420627,4.5,1.8,0.0,15.0,0.0,
4,68,6.800000000000001,400,bicycle,217.63384876147506,3.284765985395657,29.21413229671189,-0.06680888334263999,1.8,0.6,0.0,15.0,0.0,
4,68,6.800000000000001,401,car,140.71101878228697,-2.1120173213635502,14.604166900463397,-0.08337257453938407,4.5,1.8,0.0,15.0,0.0,
4,68,6.800000000000001,402,motorcycle,202.17519145588827,-4.787153107469739,24.69744030879635,0.37203915105421254,2.2,0.8,0.0,15.0,0.0,
4,68,6.800000000000001,403,motorcycle,160.4289041292483,4.2190592891061405,22.04377883177182,-0.1912845614512012,2.2,0.8,0.0,15.0,0.0,
4,68,6.800000000000001,404,car,102.43189571002056,-4.142333188817542,2.766426077679894,-0.3410447619797986,4.5,1.8,0.0,15.0,0.0,
4,69,6.9,400,bicycle,220.55040484226635,3.261536077598306,29.17480654101194,-0.023120570639830196,1.8,0.6,0.0,15.0,0.0,
4,69,6.9,401,car,142.16548541950465,-2.014089842414308,14.594414407903177,-0.08458231895095181,4.5,1.8,0.0,15.0,0.0,
4,69,6.9,402,motorcycle,204.58865724629973,-4.750653846417865,24.73305187410295,0.3514724394406976,2.2,0.8,0.0,15.0,0.0,
4,69,6.9,403,motorcycle,162.68512320867896,4.118656136856446,22.081731360047932,-0.22027985281679757,2.2,0.8,0.0,15.0,0.0,
4,69,6.9,404,car,102.79370630511144,-4.170340010772155,2.8424737643494473,-0.39874814829250904,4.5,1.8,0.0,15.0,0.0,
4,70,7.0,400,bicycle,223.32026781903633,3.197602295936766,29.105575993610223,-0.09225731536124408,1.8,0.6,0.0,15.0,0.0,
4,70,7.0,401,car,143.68708193634097,-2.022965953650669,14.570430359067963,-0.10393044881622342,4.5,1.8,0.0,15.0,0.0,
4,70,7.0,402,motorcycle,207.0022386672774,-4.550469685691891,24.6962765887208,0.28536574453653263,2.2,0.8,0.0,15.0,0.0,
4,70,7.0,403,motorcycle,164.97290140643238,4.075052589239984,22.183670044488828,-0.24659013475650435,2.2,0.8,0.0,15.0,0.0,
4,70,7.0,404,car,103.16255209952207,-4.101995092541475,2.816406972739347,-0.4358941866879608,4.5,1.8,0.0,15.0,0.0,
4,71,7.1000000000000005,400,bicycle,226.30496207149045,3.2458657561920345,29.035045488574678,-0.14867909717648012,1.8,0.6,0.0,15.0,0.0,
4,71,7.1000000000000005,401,car,144.89048197175296,-1.973820313134411,14.557338999411176,-0.11203796986498751,4.5,1.8,0.0,15.0,0.0,
4,71,7.1000000000000005,402,motorcycle,209.30272191637928,-4.631743346547171,24.672378643092422,0.2517494645291416,2.2,0.8,0.0,15.0,0.0,
4,71,7.1000000000000005,403,motorcycle,167.20305201843303,4.108740388427515,22.297150672953087,-0.24759098625805062,2.2,0.8,0.0,15.0,0.0,
4,71,7.1000000000000005,404,car,103.55573306310569,-4.228581788908249,2.7326596569905792,-0.45350926902346705,4.5,1.8,0.0,15.0,0.0,
4,72,7.2,400,bicycle,229.04869444856047,3.232465163191297,28.996022782349243,-0.2463926665142094,1.8,0.6,0.0,15.0,0.0,
4,72,7.2,401,car,146.5198183862801,-2.0387802814314475,14.475458034263966,-0.06712938033962303,4.5,1.8,0.0,15.0,0.0,
4,72,7.2,402,motorcycle,211.6970983444346,-4.49755179672519,24.635708926358518,0.22470458001600174,2.2,0.8,0.0,15.0,0.0,
4,72,7.2,403,motorcycle,169.46725025667604,4.143303227872122,22.335574859820117,-0.2520780431945171,2.2,0.8,0.0,15.0,0.0,
4,72,7.2,404,car,103.8818607009602,-4.199369855118254,2.7426881139189216,-0.46064217468668184,4.5,1.8,0.0,15.0,0.0,
4,73,7.300000000000001,400,bicycle,231.8037672319723,3.2677433122178745,28.9981314673063,-0.2670734591317448,1.8,0.6,0.0,15.0,0.0,
4,73,7.300000000000001,401,car,148.09514082606566,-2.1882765827567416,14.55765985003221,-0.06824304427134631,4.5,1.8,0.0,15.0,0.0,
4,73,7.300000000000001,402,motorcycle,214.19242105492074,-4.514585750176617,24.552355280732353,0.21772408509271277,2.2,0.8,0.0,15.0,0.0,
4,73,7.300000000000001,403,motorcycle,171.73428223334733,4.185717968192929,22.325673199898173,-0.361705035254738,2.2,0.8,0.0,15.0,0.0,
4,73,7.300000000000001,404,car,104.00196337789383,-4.040232110210593,2.688061314730316,-0.38928970177472144,4.5,1.8,0.0,15.0,0.0,
4,74,7.4,400,bicycle,234.61017170496118,3.2227903753319134,29.029391880286298,-0.3080831814607885,1.8,0.6,0.0,15.0,0.0,
4,74,7.4,401,car,149.71012832464478,-2.187528051377035,14.580702392347193,-0.0816233946723026,4.5,1.8,0.0,15.0,0.0,
4,74,7.4,402,motorcycle,216.7135286116957,-4.33493406768236,24.54579098385119,0.3042097246301746,2.2,0.8,0.0,15.0,0.0,
4,74,7.4,403,motorcycle,173.90568997249923,4.225957068602626,22.350128916710325,-0.4151341388888565,2.2,0.8,0.0,15.0,0.0,
4,74,7.4,404,car,104.2921504798306,-4.078424486603028,2.6454017059164734,-0.3713895800650151,4.5,1.8,0.0,15.0,0.0,
4,75,7.5,400,bicycle,237.52773984760066,3.184723362455113,29.025963006833365,-0.3125836944069695,1.8,0.6,0.0,15.0,0.0,
4,75,7.5,401,car,151.1314286017549,-2.181706981342767,14.548506681729004,0.05121707990119738,4.5,1.8,0.0,15.0,0.0,
4,75,7.5,402,motorcycle,219.0271743855343,-4.362986702942789,24.520503878622343,0.4062343953464015,2.2,0.8,0.0,15.0,0.0,
4,75,7.5,403,motorcycle,176.0086893991725,4.227035884512351,22.362548619962652,-0.39845402365512905,2.2,0.8,0.0,15.0,0.0,
4,75,7.5,404,car,104.68032496668333,-3.9939805086348206,2.6228538645904673,-0.3616887075903156,4.5,1.8,0.0,15.0,0.0,
4,76,7.6000000000000005,400,bicycle,240.24392594506878,3.163374293866609,28.98626353544177,-0.3219028157049953,1.8,0.6,0.0,15.0,0.0,
4,76,7.6000000000000005,401,car,152.41774208344611,-2.13609804468074,14.463678246950224,0.0586313102407767,4.5,1.8,0.0,15.0,0.0,
4,76,7.6000000000000005,402,motorcycle,221.35657421409428,-4.407327366921737,24.5782404837496,0.4356302926420826,2.2,0.8,0.0,15.0,0.0,
4,76,7.6000000000000005,403,motorcycle,178.3598645749358,4.343163195396968,22.323906684605664,-0.32350544053308544,2.2,0.8,0.0,15.0,0.0,
4,76,7.6000000000000005,404,car,104.79605978752448,-3.955539345939362,2.598186978860469,-0.4082037147222814,4.5,1.8,0.0,15.0,0.0,
4,77,7.7,400,bicycle,243.2039992853434,3.2256791648130303,29.032026954774096,-0.3111598212602557,1.8,0.6,0.0,15.0,0.0,
4,77,7.7,401,car,153.87730563827407,-2.0775482550866724,14.478866450726084,0.08569910222007572,4.5,1.8,0.0,15.0,0.0,
4,77,7.7,402,motorcycle,223.8347982085803,-4.279485955206892,24.496880093422078,0.42906661888776326,2.2,0.8,0.0,15.0,0.0,
4,77,7.7,403,motorcycle,180.45387059401182,4.338482853104148,22.406003193398348,-0.34720967963043387,2.2,0.8,0.0,15.0,0.0,
4,77,7.7,404,car,105.06860368844025,-3.9207110459194263,2.4948008322721424,-0.4343092388294908,4.5,1.8,0.0,15.0,0.0,
4,78,7.800000000000001,400,bicycle,246.14365354674808,2.904863710121277,28.98318653012035,-0.25611692259119123,1.8,0.6,0.0,15.0,0.0,
4,78,7.800000000000001,401,car,155.42549197339173,-2.031546522127655,14.522976332723243,0.09645431394114891,4.5,1.8,0.0,15.0,0.0,
4,78,7.800000000000001,402,motorcycle,226.34002570866673,-4.268144664202177,24.502670727568184,0.39744809956697214,2.2,0.8,0.0,15.0,0.0,
4,78,7.800000000000001,403,motorcycle,182.8208192477699,4.4559178260913255,22.4749988334332,-0.367615117714327,2.2,0.8,0.0,15.0,0.0,
4,78,7.800000000000001,404,car,105.22270636773095,-3.836444603727359,2.521996192401713,-0.4178800217533087,4.5,1.8,0.0,15.0,0.0,
4,79,7.9,400,bicycle,248.97860899126562,2.9218183991258346,28.928922627137254,-0.22441380478723963,1.8,0.6,0.0,15.0,0.0,
4,79,7.9,401,car,157.0156782766247,-1.8587965363427448,14.558402535428733,0.027353236460092828,4.5,1.8,0.0,15.0,0.0,
4,79,7.9,402,motorcycle,228.81002579451814,-4.014431679839709,24.45924014804607,0.39448902092146126,2.2,0.8,0.0,15.0,0.0,
4,79,7.9,403,motorcycle,185.2096715662933,4.480869706527251,22.599006649657458,-0.4042585868757564,2.2,0.8,0.0,15.0,0.0,
4,79,7.9,404,car,105.37593040839704,-3.7558200623191724,2.462202260988136,-0.4277184211941855,4.5,1.8,0.0,15.0,0.0,
4,80,8.0,400,bicycle,251.86493659949338,3.002975965985703,28.959636025538515,-0.20156055907839648,1.8,0.6,0.0,15.0,0.0,
4,80,8.0,401,car,158.4312754423774,-1.7345608107885413,14.759693737565097,0.06191734140623861,4.5,1.8,0.0,15.0,0.0,
4,80,8.0,402,motorcycle,231.26591703007742,-4.104769074846779,24.427366075580213,0.38380350922409606,2.2,0.8,0.0,15.0,0.0,
4,80,8.0,403,motorcycle,187.41611220723235,4.438836064386991,22.68790745349782,-0.34190024100729466,2.2,0.8,0.0,15.0,0.0,
4,80,8.0,404,car,105.60626736284902,-3.9194198989051774,2.529070643133257,-0.4301711348672537,4.5,1.8,0.0,15.0,0.0,
4,81,8.1,400,bicycle,254.588250159487,3.054062921927167,29.010920359750187,-0.32285597932512994,1.8,0.6,0.0,15.0,0.0,
4,81,8.1,401,car,159.8247893519206,-1.7394144777786889,14.796419283130529,0.03613001217503005,4.5,1.8,0.0,15.0,0.0,
4,81,8.1,402,motorcycle,233.62543944743805,-3.993671798956341,24.403949956914506,0.4109062417515309,2.2,0.8,0.0,15.0,0.0,
4,81,8.1,403,motorcycle,189.57375138708466,4.269412738362622,22.72567091137634,-0.32927424549143397,2.2,0.8,0.0,15.0,0.0,
4,81,8.1,404,car,105.95142000048597,-4.015696312484047,2.4893153780092696,-0.3621351904902082,4.5,1.8,0.0,15.0,0.0,
4,82,8.200000000000001,400,bicycle,257.3370463190626,3.1469233949127164,29.076945595124307,-0.2798515036118262,1.8,0.6,0.0,15.0,0.0,
4,82,8.200000000000001,401,car,161.2356505285326,-1.8174538602337218,14.785916494480619,-0.02862197166653993,4.5,1.8,0.0,15.0,0.0,
4,82,8.200000000000001,402,motorcycle,235.96966504325417,-3.8881077456302835,24.436417412625712,0.3584275004247831,2.2,0.8,0.0,15.0,0.0,
4,82,8.200000000000001,403,motorcycle,191.9139306717523,4.281915644387459,22.801165224105194,-0.3008174233980579,2.2,0.8,0.0,15.0,0.0,
4,82,8.200000000000001,404,car,106.30620964366034,-4.004202072440046,2.538311833494129,-0.42649104831859697,4.5,1.8,0.0,15.0,0.0,
4,83,8.3,400,bicycle,260.23256643286396,3.1150399677287806,29.064758097777542,-0.25765717209598993,1.8,0.6,0.0,15.0,0.0,
4,83,8.3,401,car,162.77768014343022,-1.781090349693261,14.777069300419551,-0.06540847565879618,4.5,1.8,0.0,15.0,0.0,
4,83,8.3,402,motorcycle,238.52302539193238,-3.8172917139264215,24.385486719705742,0.3487431233423019,2.2,0.8,0.0,15.0,0.0,
4,83,8.3,403,motorcycle,194.01971722639206,4.255370963482397,22.791246226975264,-0.3295407709158248,2.2,0.8,0.0,15.0,0.0,
4,83,8.3,404,car,106.7185008459901,-4.162466589226117,2.573631481078246,-0.31715564027200327,4.5,1.8,0.0,15.0,0.0,
4,84,8.4,400,bicycle,263.2467690330134,3.086120372309405,29.008054665806377,-0.3257602809252127,1.8,0.6,0.0,15.0,0.0,
4,84,8.4,401,car,164.21423190397644,-1.8563312706505315,14.741091954971646,-0.08172414843235838,4.5,1.8,0.0,15.0,0.0,
4,84,8.4,402,motorcycle,240.9513493546144,-3.7338962068276618,24.323596908732622,0.3146309335356494,2.2,0.8,0.0,15.0,0.0,
4,84,8.4,403,motorcycle,196.28287464080736,4.202868367048488,22.883067412345934,-0.31792844127963193,2.2,0.8,0.0,15.0,0.0,
4,84,8.4,404,car,106.81450501290199,-4.152364017094641,2.600914667215445,-0.3234120416842402,4.5,1.8,0.0,15.0,0.0,
4,85,8.5,400,bicycle,266.02623483215314,3.2293498137482297,28.954560470127316,-0.292721670604416,1.8,0.6,0.0,15.0,0.0,
4,85,8.5,401,car,165.70834615238,-1.8044226305907902,14.826434851180013,-0.05364220482530663,4.5,1.8,0.0,15.0,0.0,
4,85,8.5,402,motorcycle,243.3278426227833,-3.5918338859613006,24.292041936230415,0.32280883410541283,2.2,0.8,0.0,15.0,0.0,
4,85,8.5,403,motorcycle,198.44187302124038,4.06774740018685,22.885636745867743,-0.2995241058505883,2.2,0.8,0.0,15.0,0.0,
4,85,8.5,404,car,106.90435741735443,-4.134976484462999,2.55994321838553,-0.2594276409006819,4.5,1.8,0.0,15.0,0.0,
4,86,8.6,400,bicycle,268.8864944362834,3.0877154197327896,28.958350698025278,-0.3385334206583523,1.8,0.6,0.0,15.0,0.0,
4,86,8.6,401,car,167.3178841516413,-1.8097338303200108,14.818851020025349,-0.02405215387875623,4.5,1.8,0.0,15.0,0.0,
4,86,8.6,402,motorcycle,245.6565520724863,-3.6884683680836106,24.312459515202498,0.2678252987049724,2.2,0.8,0.0,15.0,0.0,
4,86,8.6,403,motorcycle,200.62043568045223,4.121470592723879,22.91188995136694,-0.36221558297323386,2.2,0.8,0.0,15.0,0.0,
4,86,8.6,404,car,107.09843813489886,-4.251292404147699,2.648759183287559,-0.21412711952215147,4.5,1.8,0.0,15.0,0.0,
4,87,8.700000000000001,400,bicycle,271.74024502148535,3.1114815466013037,28.890541388728735,-0.37216572821782695,1.8,0.6,0.0,15.0,0.0,
4,87,8.700000000000001,401,car,168.81025558023802,-1.766915970793295,14.813978063749676,-0.011651478343044933,4.5,1.8,0.0,15.0,0.0,
4,87,8.700000000000001,402,motorcycle,248.09563167000186,-3.678043578415345,24.297652235592953,0.2465120550710832,2.2,0.8,0.0,15.0,0.0,
4,87,8.700000000000001,403,motorcycle,202.93481842645178,4.126330593346502,22.921807909732884,-0.42114543547328687,2.2,0.8,0.0,15.0,0.0,
4,87,8.700000000000001,404,car,107.26342126811329,-4.232816935505107,2.722342848321103,-0.2065063464442137,4.5,1.8,0.0,15.0,0.0,
4,88,8.8,400,bicycle,274.58813231911057,3.0966990193237987,28.833700317603064,-0.30671857039100375,1.8,0.6,0.0,15.0,0.0,
4,88,8.8,401,car,170.3103128010638,-1.8350268399486545,14.805638290445032,-0.03800328994622572,4.5,1.8,0.0,15.0,0.0,
4,88,8.8,402,motorcycle,250.65656389124283,-3.673616381852943,24.305420522898732,0.27519837790364776,2.2,0.8,0.0,15.0,0.0,
4,88,8.8,403,motorcycle,205.1529225570486,4.103586996412689,22.935529688202596,-0.49884937652431793,2.2,0.8,0.0,15.0,0.0,
4,88,8.8,404,car,107.56092520182317,-4.258043776643842,2.7288411629269027,-0.20472486076968538,4.5,1.8,0.0,15.0,0.0,
4,89,8.9,400,bicycle,277.4974193381659,3.199761484852314,28.77472494699881,-0.32382618716602474,1.8,0.6,0.0,15.0,0.0,
4,89,8.9,401,car,171.8575384930046,-1.790734582170486,14.828608568112136,0.09967557083744115,4.5,1.8,0.0,15.0,0.0,
4,89,8.9,402,motorcycle,253.14851949594436,-3.5330027644370756,24.290066919956107,0.22555275920878365,2.2,0.8,0.0,15.0,0.0,
4,89,8.9,403,motorcycle,207.4150437829455,4.124898075894598,22.955871080944053,-0.47868680799437396,2.2,0.8,0.0,15.0,0.0,
4,89,8.9,404,car,107.81237487943613,-4.315896524602109,2.719848300712239,-0.16850108826142474,4.5,1.8,0.0,15.0,0.0,
4,90,9.0,400,bicycle,280.45896457568284,3.0667547011685885,28.81284207497038,-0.3563622487038362,1.8,0.6,0.0,15.0,0.0,
4,90,9.0,401,car,173.38729151499993,-1.7999635993329908,14.906897995574084,0.07877183938838386,4.5,1.8,0.0,15.0,0.0,
4,90,9.0,402,motorcycle,255.59538737202945,-3.4497881727602544,24.246368977449965,0.22190990643743638,2.2,0.8,0.0,15.0,0.0,
4,90,9.0,403,motorcycle,209.68397240257758,4.025648046754563,22.93388493086989,-0.42308607808753423,2.2,0.8,0.0,15.0,0.0,
4,90,9.0,404,car,108.02450463603132,-4.276105845161091,2.735578050813796,-0.23835009405018354,4.5,1.8,0.0,15.0,0.0,
4,91,9.1,400,bicycle,283.39216572702253,2.8897671553224358,28.844246666378638,-0.3817218308603786,1.8,0.6,0.0,15.0,0.0,
4,91,9.1,401,car,174.878818039883,-1.9215144103567863,14.913017111754325,0.12511936028691484,4.5,1.8,0.0,15.0,0.0,
4,91,9.1,402,motorcycle,257.9393277269722,-3.488313890730912,24.26910002862834,0.24589082261978334,2.2,0.8,0.0,15.0,0.0,
4,91,9.1,403,motorcycle,211.7339429658237,4.184880075324087,22.960312605047307,-0.3882401449648862,2.2,0.8,0.0,15.0,0.0,
4,91,9.1,404,car,108.2837083964465,-4.4854762054213335,2.769314153876308,-0.26660949546172785,4.5,1.8,0.0,15.0,0.0,
4,92,9.200000000000001,400,bicycle,286.33098356307875,2.829714865210125,28.856148635334456,-0.42047164993084085,1.8,0.6,0.0,15.0,0.0,
4,92,9.200000000000001,401,car,176.4565586453263,-2.027840378273862,15.025295583021284,0.23701679203626547,4.5,1.8,0.0,15.0,0.0,
4,92,9.200000000000001,402,motorcycle,260.52950768838167,-3.3361769098914826,24.264872610716658,0.3042181579071438,2.2,0.8,0.0,15.0,0.0,
4,92,9.200000000000001,403,motorcycle,214.0203565765008,3.990704306603068,23.035472675748842,-0.3317989218187609,2.2,0.8,0.0,15.0,0.0,
4,92,9.200000000000001,404,car,108.5575059010686,-4.634655580700621,2.7400041200473595,-0.35766677470610336,4.5,1.8,0.0,15.0,0.0,
4,93,9.3,400,bicycle,289.31110651187396,2.6273368035306226,28.87049017884179,-0.46265631731982526,1.8,0.6,0.0,15.0,0.0,
4,93,9.3,401,car,177.81641785912848,-1.980303189742378,15.008605613755682,0.27892624730753385,4.5,1.8,0.0,15.0,0.0,
4,93,9.3,402,motorcycle,262.82923442258044,-3.38148655864815,24.145490500292112,0.19500082379074765,2.2,0.8,0.0,15.0,0.0,
4,93,9.3,403,motorcycle,216.50372308507355,4.1658842388311585,23.04010898601004,-0.3729903601140865,2.2,0.8,0.0,15.0,0.0,
4,93,9.3,404,car,108.80166142052433,-4.583064837922595,2.714284669056257,-0.3457850813540189,4.5,1.8,0.0,15.0,0.0,
4,94,9.4,400,bicycle,292.19687992471,2.524189904790354,28.844180541542197,-0.44799027373554984,1.8,0.6,0.0,15.0,0.0,
4,94,9.4,401,car,179.2195896068653,-1.9072376304492729,14.985026665773223,0.28529461253994537,4.5,1.8,0.0,15.0,0.0,
4,94,9.4,402,motorcycle,265.3821797292265,-3.3788056807917703,24.19148071730171,0.10539918099655622,2.2,0.8,0.0,15.0,0.0,
4,94,9.4,403,motorcycle,218.76069768231048,4.131354064927357,23.13627551997036,-0.470987964277081,2.2,0.8,0.0,15.0,0.0,
4,94,9.4,404,car,109.06346890124068,-4.47197446096637,2.6750336487929136,-0.35642702187530245,4.5,1.8,0.0,15.0,0.0,
4,95,9.5,400,bicycle,295.11447187736974,2.497841732789077,28.922469065314917,-0.42556658323188823,1.8,0.6,0.0,15.0,0.0,
4,95,9.5,401,car,180.85086956299403,-1.9147090049262694,14.948000395210707,0.2740084528889636,4.5,1.8,0.0,15.0,0.0,
4,95,9.5,402,motorcycle,267.6854174916199,-3.3199145930711054,24.17218681166395,0.07180973599768245,2.2,0.8,0.0,15.0,0.0,
4,95,9.5,403,motorcycle,221.1241910752696,3.96988369070222,23.17480063066315,-0.49490483370164906,2.2,0.8,0.0,15.0,0.0,
4,95,9.5,404,car,109.44688191052938,-4.546890920976858,2.70662913212081,-0.34744890318665717,4.5,1.8,0.0,15.0,0.0,
4,96,9.600000000000001,400,bicycle,298.08110897127267,2.4662797636806513,28.839299194697755,-0.3751269062697816,1.8,0.6,0.0,15.0,0.0,
4,96,9.600000000000001,401,car,182.3369013102693,-1.8083565519018918,14.98251271905415,0.2353436288383965,4.5,1.8,0.0,15.0,0.0,
4,96,9.600000000000001,402,motorcycle,270.01115663226875,-3.247198109326437,24.15702436019342,0.1186311999710073,2.2,0.8,0.0,15.0,0.0,
4,96,9.600000000000001,403,motorcycle,223.42385104404963,4.022734185076884,23.195965854873606,-0.48050608401594164,2.2,0.8,0.0,15.0,0.0,
4,96,9.600000000000001,404,car,109.68014370386743,-4.558393049889372,2.7662717678684454,-0.3501596761198231,4.5,1.8,0.0,15.0,0.0,
4,97,9.700000000000001,400,bicycle,301.01815633511086,2.4334030806786435,28.845529396835026,-0.2889563684228667,1.8,0.6,0.0,15.0,0.0,
4,97,9.700000000000001,401,car,183.95532558527867,-1.7768818074984805,14.993235423450951,0.20025010366084806,4.5,1.8,0.0,15.0,0.0,
4,97,9.700000000000001,402,motorcycle,272.4095619136616,-3.2043952105744746,24.19955503967188,0.15609224481655326,2.2,0.8,0.0,15.0,0.0,
4,97,9.700000000000001,403,motorcycle,225.63252172394655,4.072381849743153,23.191527170904727,-0.5298556517998185,2.2,0.8,0.0,15.0,0.0,
4,97,9.700000000000001,404,car,110.09040935439747,-4.447081117827559,2.7794591169854783,-0.31471999602456135,4.5,1.8,0.0,15.0,0.0,
4,98,9.8,400,bicycle,303.9794541956688,2.5440846591175816,28.881932823106613,-0.35534078229479515,1.8,0.6,0.0,15.0,0.0,
4,98,9.8,401,car,185.65562990252087,-1.6502911081843914,14.967759213187312,0.14876885004297757,4.5,1.8,0.0,15.0,0.0,
4,98,9.8,402,motorcycle,274.8799987606692,-3.216611989929577,24.216054807371826,0.19326258688046644,2.2,0.8,0.0,15.0,0.0,
4,98,9.8,403,motorcycle,227.89503025223735,3.907785485294738,23.210818094298325,-0.5565250445636672,2.2,0.8,0.0,15.0,0.0,
4,98,9.8,404,car,110.38296484466926,-4.6128857611262415,2.7668499807617466,-0.2789724014725615,4.5,1.8,0.0,15.0,0.0,
4,99,9.9,400,bicycle,306.92824072874413,2.429714783800775,28.823519604640712,-0.35455259780720555,1.8,0.6,0.0,15.0,0.0,
4,99,9.9,401,car,187.20850910354156,-1.5948967091608386,14.942151220969247,0.16366007216730774,4.5,1.8,0.0,15.0,0.0,
4,99,9.9,402,motorcycle,277.45183978853396,-3.1767712625106275,24.134397410580895,0.20342260378549853,2.2,0.8,0.0,15.0,0.0,
4,99,9.9,403,motorcycle,230.42050775878846,3.7233938995268114,23.212304327389777,-0.567841816215274,2.2,0.8,0.0,15.0,0.0,
4,99,9.9,404,car,110.66923813867294,-4.6213577859581205,2.823848580064893,-0.274733237152521,4.5,1.8,0.0,15.0,0.0,
5,0,0.0,500,motorcycle,65.88091711766042,-10.417186691402165,-8.930085080726196,-0.18298007067716904,2.2,0.8,0.0,15.0,0.0,
5,0,0.0,501,car,43.76117263243671,-9.667827509373268,22.105833519815906,-0.00422275863251369,4.5,1.8,0.0,15.0,0.0,
5,0,0.0,502,truck,70.08430611230094,0.14204273307488668,27.014515050138645,0.29414446431318486,12.0,2.5,0.0,15.0,0.0,
5,0,0.0,503,car,-4.896303170091976,-2.871998248394795,-1.0658441194291957,0.018603400237050073,4.5,1.8,0.0,15.0,0.0,
5,0,0.0,504,car,37.65392971441491,5.526939097596032,0.9608389816740859,0.022484834783835273,4.5,1.8,0.0,15.0,0.0,
5,1,0.1,500,motorcycle,65.06104877395961,-10.406535971928756,-8.92039304100567,-0.17796335618531323,2.2,0.8,0.0,15.0,0.0,
5,1,0.1,501,car,45.91415659419492,-9.635697904952591,22.207265811687137,0.056311336815664186,4.5,1.8,0.0,15.0,0.0,
5,1,0.1,502,truck,72.81614941953727,0.2570401593168042,26.971056254702113,0.2811188566031989,12.0,2.5,0.0,15.0,0.0,
5,1,0.1,503,car,-4.90810259761649,-2.721421189025271,-1.1043874280339645,-0.005576015234107785,4.5,1.8,0.0,15.0,0.0,
5,1,0.1,504,car,37.968151191970165,5.538813706051313,1.0520070803091048,0.0328277006476249,4.5,1.8,0.0,15.0,0.0,
5,2,0.2,500,motorcycle,64.19362749809159,-10.454881396313276,-8.87326528393016,-0.11007447867011323,2.2,0.8,0.0,15.0,0.0,
5,2,0.2,501,car,48.031382952349546,-9.665311826493069,22.25301973790585,0.04983390492644779,4.5,1.8,0.0,15.0,0.0,
5,2,0.2,502,truck,75.46391649815416,0.38610626036406426,27.02622891493774,0.25863675206959197,12.0,2.5,0.0,15.0,0.0,
5,2,0.2,503,car,-4.997304687621092,-2.842826270139105,-1.1491614735578994,0.0006322463725612132,4.5,1.8,0.0,15.0,0.0,
5,2,0.2,504,car,38.076492578759066,5.445408866943012,1.016208384072826,-0.020424517850153076,4.5,1.8,0.0,15.0,0.0,
5,3,0.30000000000000004,500,motorcycle,63.35180695538989,-10.662652763849477,-8.92384414540817,-0.20322155606172929,2.2,0.8,0.0,15.0,0.0,
5,3,0.30000000000000004,501,car,50.29858698652593,-9.840601791005893,22.254606197832626,0.13181010571381896,4.5,1.8,0.0,15.0,0.0,
5,3,0.30000000000000004,502,truck,78.33388278777502,0.23137917865314134,27.041149395019286,0.20918818725056923,12.0,2.5,0.0,15.0,0.0,
5,3,0.30000000000000004,503,car,-5.231534438547908,-2.854110040940856,-1.0877469157112432,0.030615190083579123,4.5,1.8,0.0,15.0,0.0,
5,3,0.30000000000000004,504,car,38.10659932431806,5.513869814898997,0.904022967478742,-0.0580718077718151,4.5,1.8,0.0,15.0,0.0,
5,4,0.4,500,motorcycle,62.37703338637895,-10.675142850281757,-8.93398554359117,-0.21029511074272353,2.2,0.8,0.0,15.0,0.0,
5,4,0.4,501,car,52.50657565329858,-9.825180056335602,22.28161274618054,0.1392766570189381,4.5,1.8,0.0,15.0,0.0,
5,4,0.4,502,truck,81.0095625456165,0.29247282535867647,27.082455572201923,0.18138689271443775,12.0,2.5,0.0,15.0,0.0,
5,4,0.4,503,car,-5.3462494031863,-2.7348578656278395,-1.142884949574611,0.12085029989637633,4.5,1.8,0.0,15.0,0.0,
5,4,0.4,504,car,38.06308612359198,5.473526173001342,0.8565134676349414,0.05132454207165375,4.5,1.8,0.0,15.0,0.0,
5,5,0.5,500,motorcycle,61.433299829135116,-10.746256477008883,-8.952522980588165,-0.20551497034802602,2.2,0.8,0.0,15.0,0.0,
5,5,0.5,501,car,54.70189275002618,-9.824541071095949,22.10515224852935,0.14213464881902946,4.5,1.8,0.0,15.0,0.0,
5,5,0.5,502,truck,83.71958876498536,0.4144683943713596,27.147908619615894,0.17200148964484788,12.0,2.5,0.0,15.0,0.0,
5,5,0.5,503,car,-5.378914989976365,-2.8329297136826823,-1.1045178324398057,0.09222650993964748,4.5,1.8,0.0,15.0,0.0,
5,5,0.5,504,car,38.030267723542465,5.460099759388102,0.9265370899948304,0.06037481890819609,4.5,1.8,0.0,15.0,0.0,
5,6,0.6000000000000001,500,motorcycle,60.68769634584414,-10.841681245425265,-8.900130425360766,-0.23812297220987327,2.2,0.8,0.0,15.0,0.0,
5,6,0.6000000000000001,501,car,56.934940842028034,-9.788659323348103,22.13822683522556,0.15467167981459584,4.5,1.8,0.0,15.0,0.0,
5,6,0.6000000000000001,502,truck,86.36046117316477,0.5196992385451008,27.234491449332165,0.14281131853204196,12.0,2.5,0.0,15.0,0.0,
5,6,0.6000000000000001,503,car,-5.6728899808648485,-2.7737751058533386,-1.1210768521424133,0.08567136714188266,4.5,1.8,0.0,15.0,0.0,
5,6,0.6000000000000001,504,car,38.178539208115055,5.420497998296362,0.9130944914276469,0.055368843061366774,4.5,1.8,0.0,15.0,0.0,
5,7,0.7000000000000001,500,motorcycle,59.94465869710656,-10.862486582234894,-8.961914104401513,-0.297916896266929,2.2,0.8,0.0,15.0,0.0,
5,7,0.7000000000000001,501,car,59.16268651771655,-9.886134955435741,22.06011166087935,0.18644847936129638,4.5,1.8,0.0,15.0,0.0,
5,7,0.7000000000000001,502,truck,89.15236015838484,0.49716671700891973,27.24917441388975,0.152217400741817,12.0,2.5,0.0,15.0,0.0,
5,7,0.7000000000000001,503,car,-5.724755727482182,-2.7047329787451706,-1.2513662815187745,0.07364641921776294,4.5,1.8,0.0,15.0,0.0,
5,7,0.7000000000000001,504,car,38.321639076075634,5.384989223498597,0.9149046233906382,0.09290384214527064,4.5,1.8,0.0,15.0,0.0,
5,8,0.8,500,motorcycle,59.056559809991626,-10.7414863301381,-8.905564791787457,-0.30384510391550074,2.2,0.8,0.0,15.0,0.0,
5,8,0.8,501,car,61.348893066732,-10.152522518019747,22.043786551034824,0.11878503472577005,4.5,1.8,0.0,15.0,0.0,
5,8,0.8,502,truck,91.89940055397388,0.5276755281951017,27.28396720169109,0.22205092433922657,12.0,2.5,0.0,15.0,0.0,
5,8,0.8,503,car,-5.852519298601257,-2.469326705631075,-1.2397437092577792,0.008135599531931284,4.5,1.8,0.0,15.0,0.0,
5,8,0.8,504,car,38.35692235090369,5.357004937682342,0.9445109809483071,0.04554134713380561,4.5,1.8,0.0,15.0,0.0,
5,9,0.9,500,motorcycle,58.136205742531935,-10.787974868609258,-8.927970832170233,-0.2632743348315148,2.2,0.8,0.0,15.0,0.0,
5,9,0.9,501,car,63.617403860682025,-10.023987301036774,22.027235291979263,0.17891141310816516,4.5,1.8,0.0,15.0,0.0,
5,9,0.9,502,truck,94.49139756554528,0.4110421905300386,27.22327711738653,0.22251150897083105,12.0,2.5,0.0,15.0,0.0,
5,9,0.9,503,car,-5.856255857869259,-2.528727353741845,-1.2635783795060012,-0.002665298233535597,4.5,1.8,0.0,15.0,0.0,
5,9,0.9,504,car,38.50865626133728,5.313796542060266,0.917840133052482,-0.021728416034078914,4.5,1.8,0.0,15.0,0.0,
5,10,1.0,500,motorcycle,57.18623654819719,-10.696556126798876,-8.92342453174631,-0.30026706034391054,2.2,0.8,0.0,15.0,0.0,
5,10,1.0,501,car,65.94374178715285,-10.064617509931978,22.098233070953388,0.24909176200317018,4.5,1.8,0.0,15.0,0.0,
5,10,1.0,502,truck,97.2193264399214,0.28343838868995297,27.337752148153818,0.24187531178405836,12.0,2.5,0.0,15.0,0.0,
5,10,1.0,503,car,-6.0150023982919185,-2.433381092087693,-1.2284632401549338,0.06288161926078642,4.5,1.8,0.0,15.0,0.0,
5,10,1.0,504,car,38.53420549577454,5.343471041734297,0.8585466215402352,0.011588303752982795,4.5,1.8,0.0,15.0,0.0,
5,11,1.1,500,motorcycle,56.29159955805985,-10.698481907284586,-8.930742017938334,-0.3128165013733286,2.2,0.8,0.0,15.0,0.0,
5,11,1.1,501,car,68.06674197684671,-9.960665312263236,22.17271827279046,0.22125834405766592,4.5,1.8,0.0,15.0,0.0,
5,11,1.1,502,truck,100.0084557052339,0.35084428233438303,27.33815703872126,0.16554552511582252,12.0,2.5,0.0,15.0,0.0,
5,11,1.1,503,car,-6.268008457418471,-2.505191125276771,-1.3354134763335304,0.13328315575606717,4.5,1.8,0.0,15.0,0.0,
5,11,1.1,504,car,38.656830480846544,5.341633767269683,0.7490348305768437,-0.07960523899803723,4.5,1.8,0.0,15.0,0.0,
5,12,1.2000000000000002,500,motorcycle,55.39829121744732,-10.53271456087352,-8.965674227731988,-0.2696266006527067,2.2,0.8,0.0,15.0,0.0,
5,12,1.2000000000000002,501,car,70.23602356335827,-9.933015551928582,22.233452465235104,0.2039607625493387,4.5,1.8,0.0,15.0,0.0,
5,12,1.2000000000000002,502,truck,102.67326091830081,0.5092058902584417,27.34043492977694,0.22010577964513067,12.0,2.5,0.0,15.0,0.0,
5,12,1.2000000000000002,503,car,-6.470074694390293,-2.351195388805067,-1.3217321126067998,0.1550225370668001,4.5,1.8,0.0,15.0,0.0,
5,12,1.2000000000000002,504,car,38.74489689504714,5.28312574517023,0.7489506900520951,-0.10173475089750554,4.5,1.8,0.0,15.0,0.0,
5,13,1.3,500,motorcycle,54.5976784009386,-10.579982937645658,-9.040499589121683,-0.3535977874021709,2.2,0.8,0.0,15.0,0.0,
5,13,1.3,501,car,72.28669699464974,-9.850822399918254,22.17587724966643,0.21896505134126704,4.5,1.8,0.0,15.0,0.0,
5,13,1.3,502,truck,105.42096186302764,0.5247456087319771,27.362355189946058,0.22802095649965698,12.0,2.5,0.0,15.0,0.0,
5,13,1.3,503,car,-6.873220879929068,-2.368055659183236,-1.3004769559036282,0.23703667760455005,4.5,1.8,0.0,15.0,0.0,
5,13,1.3,504,car,38.9884377257106,5.136637218721953,0.7314644250864565,-0.18004049158290544,4.5,1.8,0.0,15.0,0.0,
5,14,1.4000000000000001,500,motorcycle,53.84561694953744,-10.51405709557102,-9.022970194778525,-0.3452930443391604,2.2,0.8,0.0,15.0,0.0,
5,14,1.4000000000000001,501,car,74.64234782965134,-9.707793375308114,22.233779484499237,0.24179904433038002,4.5,1.8,0.0,15.0,0.0,
5,14,1.4000000000000001,502,truck,108.12227455207083,0.6242601875836985,27.403157285208813,0.21848908302005898,12.0,2.5,0.0,15.0,0.0,
5,14,1.4000000000000001,503,car,-7.038393467402854,-2.2310206644669597,-1.2172711504651479,0.19956688855881174,4.5,1.8,0.0,15.0,0.0,
5,14,1.4000000000000001,504,car,39.03524650067445,5.1537264772091325,0.755794374973887,-0.20615880954497015,4.5,1.8,0.0,15.0,0.0,
5,15,1.5,500,motorcycle,53.13167199309399,-10.506376873450419,-8.996401024354997,-0.25734884026357274,2.2,0.8,0.0,15.0,0.0,
5,15,1.5,501,car,76.82081961557681,-9.692456658519303,22.171113373048154,0.2331815207177011,4.5,1.8,0.0,15.0,0.0,
5,15,1.5,502,truck,110.71369752819818,0.7208940313050216,27.424157122712312,0.20463561766813199,12.0,2.5,0.0,15.0,0.0,
5,15,1.5,503,car,-7.170162953231154,-2.1349173340921794,-1.2740609548096429,0.2097752819314379,4.5,1.8,0.0,15.0,0.0,
5,15,1.5,504,car,39.18077691881771,4.954883188513911,0.790041275258988,-0.2898619327080485,4.5,1.8,0.0,15.0,0.0,
5,16,1.6,500,motorcycle,52.220272442273334,-10.6484508678863,-8.924838695390497,-0.31520489297119014,2.2,0.8,0.0,15.0,0.0,
5,16,1.6,501,car,78.87291196368508,-9.655803292287901,22.15042822404711,0.15795125928450443,4.5,1.8,0.0,15.0,0.0,
5,16,1.6,502,truck,113.50869476038491,0.5422076868268668,27.372345074083157,0.17587470414709275,12.0,2.5,0.0,15.0,0.0,
5,16,1.6,503,car,-7.217346809496604,-1.9843929691977205,-1.2189218424432642,0.20211159240832627,4.5,1.8,0.0,15.0,0.0,
5,16,1.6,504,car,39.017050221864096,4.964982297364962,0.8635699622202188,-0.2281724123173701,4.5,1.8,0.0,15.0,0.0,
5,17,1.7000000000000002,500,motorcycle,51.37408347370866,-10.798921633617264,-8.951104045571917,-0.2185141730339064,2.2,0.8,0.0,15.0,0.0,
5,17,1.7000000000000002,501,car,80.94628183262338,-9.754792289174489,22.197555801605375,0.13639329704422803,4.5,1.8,0.0,15.0,0.0,
5,17,1.7000000000000002,502,truck,116.12775375557277,0.7125922751138777,27.395397872990415,0.15678464592823382,12.0,2.5,0.0,15.0,0.0,
5,17,1.7000000000000002,503,car,-7.453816477330882,-1.759441153570894,-1.2201444333805946,0.27197799553180096,4.5,1.8,0.0,15.0,0.0,
5,17,1.7000000000000002,504,car,39.19277057254706,4.890074899966902,0.8379229064707296,-0.1558566674206741,4.5,1.8,0.0,15.0,0.0,
5,18,1.8,500,motorcycle,50.62522480241346,-11.008464648532726,-8.923615032522807,-0.22457491327008738,2.2,0.8,0.0,15.0,0.0,
5,18,1.8,501,car,83.06270509649008,-9.714978349998345,22.130075962056054,0.11307052931192303,4.5,1.8,0.0,15.0,0.0,
5,18,1.8,502,truck,118.78744616959482,0.6782916132911012,27.391823948307316,0.1060063128329595,12.0,2.5,0.0,15.0,0.0,
5,18,1.8,503,car,-7.418513017781612,-1.6829150306783014,-1.1304162819614918,0.2639739970779,4.5,1.8,0.0,15.0,0.0,
5,18,1.8,504,car,39.221683866964426,5.050330794674138,0.8090199194770304,-0.16477126852013035,4.5,1.8,0.0,15.0,0.0,
5,19,1.9000000000000001,500,motorcycle,49.80486804021091,-11.154694720689463,-8.888050298283124,-0.19540755996185724,2.2,0.8,0.0,15.0,0.0,
5,19,1.9000000000000001,501,car,85.40264522449947,-9.61466684676614,22.195074879699934,0.10754943428650252,4.5,1.8,0.0,15.0,0.0,
5,19,1.9000000000000001,502,truck,121.44036153255485,0.8998907859827334,27.31548916753122,0.034680658889269106,12.0,2.5,0.0,15.0,0.0,
5,19,1.9000000000000001,503,car,-7.475041841926878,-1.4940190261527764,-1.1209387396657835,0.3139391820630103,4.5,1.8,0.0,15.0,0.0,
5,19,1.9000000000000001,504,car,39.10300558616493,4.983899171604011,0.7153225291198675,-0.12575072060869735,4.5,1.8,0.0,15.0,0.0,
5,20,2.0,500,motorcycle,48.7613398777237,-11.302017361288913,-8.862349038035054,-0.14231634236097077,2.2,0.8,0.0,15.0,0.0,
5,20,2.0,501,car,87.60625590164653,-9.546894652926637,22.221964288043587,0.09677809131437891,4.5,1.8,0.0,15.0,0.0,
5,20,2.0,502,truck,124.06243990101935,0.9598479925601245,27.346143952069973,0.07938187904378205,12.0,2.5,0.0,15.0,0.0,
5,20,2.0,503,car,-7.555929073485566,-1.579475099294408,-1.0864217315973246,0.31387012805159326,4.5,1.8,0.0,15.0,0.0,
5,20,2.0,504,car,39.12626409464458,4.94186051582377,0.6808096702003485,-0.0813085316659759,4.5,1.8,0.0,15.0,0.0,
5,21,2.1,500,motorcycle,47.73329350056219,-11.415597589005651,-8.878787682268639,-0.06162879994902078,2.2,0.8,0.0,15.0,0.0,
5,21,2.1,501,car,89.93388038536017,-9.701300924119922,22.28953164248121,0.16424910216356312,4.5,1.8,0.0,15.0,0.0,
5,21,2.1,502,truck,126.67965346362409,0.7156403534048581,27.34253287095261,0.13550309950877315,12.0,2.5,0.0,15.0,0.0,
5,21,2.1,503,car,-7.505445049665278,-1.6351708129253737,-0.9988227763641763,0.2024735082607582,4.5,1.8,0.0,15.0,0.0,
5,21,2.1,504,car,39.15754000028169,4.892008595735597,0.7384265214465637,-0.01639340836898691,4.5,1.8,0.0,15.0,0.0,
5,22,2.2,500,motorcycle,46.94083709787867,-11.556815473875142,-8.835656730678693,-0.03617670151934618,2.2,0.8,0.0,15.0,0.0,
5,22,2.2,501,car,91.99571011108033,-9.891577396783735,22.34143110698225,0.1552441371146009,4.5,1.8,0.0,15.0,0.0,
5,22,2.2,502,truck,129.28538854147385,0.7083734704848585,27.36073492500827,0.1313605431753958,12.0,2.5,0.0,15.0,0.0,
5,22,2.2,503,car,-7.760525942614304,-1.4263677717428869,-0.9486118779147816,0.18570463567708484,4.5,1.8,0.0,15.0,0.0,
5,22,2.2,504,car,39.20187318683612,4.926317994370016,0.6819454516595471,-0.00025958654213847215,4.5,1.8,0.0,15.0,0.0,
5,23,2.3000000000000003,500,motorcycle,45.92419818112472,-11.567486565711592,-8.894085305671537,-0.09208090063568192,2.2,0.8,0.0,15.0,0.0,
5,23,2.3000000000000003,501,car,94.39442548314038,-9.870130393643818,22.35180143125231,0.05467514406053474,4.5,1.8,0.0,15.0,0.0,
5,23,2.3000000000000003,502,truck,131.96176185812257,0.7676307366728329,27.370441738305644,0.02365905210771052,12.0,2.5,0.0,15.0,0.0,
5,23,2.3000000000000003,503,car,-7.834673338740075,-1.3711414278202094,-0.8844237780048466,0.15294307973016769,4.5,1.8,0.0,15.0,0.0,
5,23,2.3000000000000003,504,car,39.0458608599885,4.826614960535286,0.6270921997161193,0.03657585734686024,4.5,1.8,0.0,15.0,0.0,
5,24,2.4000000000000004,500,motorcycle,44.76311599171804,-11.621530301782423,-8.822795531992673,-0.09172027749400018,2.2,0.8,0.0,15.0,0.0,
5,24,2.4000000000000004,501,car,96.71923730788326,-10.028842712592873,22.271701955591993,0.12653726695279646,4.5,1.8,0.0,15.0,0.0,
5,24,2.4000000000000004,502,truck,134.70892756852885,0.7803240781045183,27.314534096900292,0.028698138555222096,12.0,2.5,0.0,15.0,0.0,
5,24,2.4000000000000004,503,car,-8.03770947337457,-1.2371600749566276,-0.7480322425114381,0.17714013241343415,4.5,1.8,0.0,15.0,0.0,
5,24,2.4000000000000004,504,car,39.04507544141396,4.576906713220507,0.5428689939890022,0.11431894889821705,4.5,1.8,0.0,15.0,0.0,
5,25,2.5,500,motorcycle,43.777917254191664,-11.667785817700475,-8.790029233263715,-0.01760578752591055,2.2,0.8,0.0,15.0,0.0,
5,25,2.5,501,car,98.92644881132607,-10.056655672864196,22.275283007017528,0.0951553761208356,4.5,1.8,0.0,15.0,0.0,
5,25,2.5,502,truck,137.38299905788958,0.8243819037134279,27.323798672792016,0.1352784038831513,12.0,2.5,0.0,15.0,0.0,
5,25,2.5,503,car,-8.06862781596217,-1.1043315069059014,-0.8015965013475946,0.20339799691494773,4.5,1.8,0.0,15.0,0.0,
5,25,2.5,504,car,39.02706420615275,4.627883934439985,0.5772947238947443,0.11681239109829074,4.5,1.8,0.0,15.0,0.0,
5,26,2.6,500,motorcycle,43.139646903012775,-11.526748419542221,-8.73116696662226,0.020608522092590134,2.2,0.8,0.0,15.0,0.0,
5,26,2.6,501,car,101.33031319380082,-10.190837064999034,22.343797162917056,0.04559316052085946,4.5,1.8,0.0,15.0,0.0,
5,26,2.6,502,truck,140.0589450132621,0.8940489885079098,27.38545968106755,0.07759957229905319,12.0,2.5,0.0,15.0,0.0,
5,26,2.6,503,car,-8.200041953864703,-1.0742384999642758,-0.8109148015823804,0.2460995999767071,4.5,1.8,0.0,15.0,0.0,
5,26,2.6,504,car,39.42838644014068,4.681497244402402,0.5405349019866286,0.051986974566340965,4.5,1.8,0.0,15.0,0.0,
5,27,2.7,500,motorcycle,42.23400481499199,-11.61871255593584,-8.70778947702349,0.043209603881801464,2.2,0.8,0.0,15.0,0.0,
5,27,2.7,501,car,103.51837608964004,-9.98778224756857,22.307024796955062,0.03962160712595075,4.5,1.8,0.0,15.0,0.0,
5,27,2.7,502,truck,142.86140724795786,0.991014435114798,27.449338507144713,0.09902439624871515,12.0,2.5,0.0,15.0,0.0,
5,27,2.7,503,car,-8.17604216394414,-1.116139357169399,-0.7650107035648612,0.29133605748452707,4.5,1.8,0.0,15.0,0.0,
5,27,2.7,504,car,39.633728597814695,4.519852342636181,0.49517574620657523,0.09314402303470606,4.5,1.8,0.0,15.0,0.0,
5,28,2.8000000000000003,500,motorcycle,41.0980894193015,-11.565190978168825,-8.65479925577692,0.014390841504279467,2.2,0.8,0.0,15.0,0.0,
5,28,2.8000000000000003,501,car,105.70605956932437,-10.091233821579966,22.280947440968493,0.014993182027862872,4.5,1.8,0.0,15.0,0.0,
5,28,2.8000000000000003,502,truck,145.53805697122576,0.9271490569612199,27.435788267900293,0.08486918046590908,12.0,2.5,0.0,15.0,0.0,
5,28,2.8000000000000003,503,car,-8.06513004431452,-1.126424265732647,-0.7478031927552683,0.26249190916071197,4.5,1.8,0.0,15.0,0.0,
5,28,2.8000000000000003,504,car,39.624286594851206,4.358729691166389,0.41660743381602056,0.03279410905205608,4.5,1.8,0.0,15.0,0.0,
5,29,2.9000000000000004,500,motorcycle,40.25097917719982,-11.456134528489939,-8.744132482121696,-0.013062998563161385,2.2,0.8,0.0,15.0,0.0,
5,29,2.9000000000000004,501,car,107.79746524248618,-10.116162212790535,22.33473591565385,-0.007350938052535894,4.5,1.8,0.0,15.0,0.0,
5,29,2.9000000000000004,502,truck,148.27688410079583,1.081158814647042,27.458683314425688,0.04686458767506897,12.0,2.5,0.0,15.0,0.0,
5,29,2.9000000000000004,503,car,-8.124018835006474,-1.182929975956805,-0.7267790921184683,0.28825891686434996,4.5,1.8,0.0,15.0,0.0,
5,29,2.9000000000000004,504,car,39.52923136818297,4.379524043810172,0.41072877091622456,0.06002797891066167,4.5,1.8,0.0,15.0,0.0,
5,30,3.0,500,motorcycle,39.45970063408956,-11.409695867933793,-8.759292149790683,0.033603502480038634,2.2,0.8,0.0,15.0,0.0,
5,30,3.0,501,car,109.94363255642054,-10.248949505932739,22.17497158142581,-0.010857985639393644,4.5,1.8,0.0,15.0,0.0,
5,30,3.0,502,truck,150.94059778828907,1.125620721022084,27.36012194472347,0.014505660130093967,12.0,2.5,0.0,15.0,0.0,
5,30,3.0,503,car,-8.149669753631873,-1.2570876989052682,-0.7063162546878251,0.2604077871109479,4.5,1.8,0.0,15.0,0.0,
5,30,3.0,504,car,39.56702341429659,4.445042642342924,0.4583686220719902,0.06465259947669202,4.5,1.8,0.0,15.0,0.0,
5,31,3.1,500,motorcycle,38.50237038962262,-11.452139403923754,-8.727444381636335,-0.0174591766940917,2.2,0.8,0.0,15.0,0.0,
5,31,3.1,501,car,112.1433230548991,-10.288623714332827,22.169803492259863,-0.06132211210186251,4.5,1.8,0.0,15.0,0.0,
5,31,3.1,502,truck,153.4914155475402,1.1791455486310578,27.408328515897903,-0.07510308774481386,12.0,2.5,0.0,15.0,0.0,
5,31,3.1,503,car,-8.183408763008034,-1.1227286287096558,-0.676520702349709,0.2395742781771446,4.5,1.8,0.0,15.0,0.0,
5,31,3.1,504,car,39.518510639528714,4.459605710225592,0.47075787501433425,0.06944297503448696,4.5,1.8,0.0,15.0,0.0,
5,32,3.2,500,motorcycle,37.61161248844723,-11.562150494005438,-8.706309967070892,0.006083548026584493,2.2,0.8,0.0,15.0,0.0,
5,32,3.2,501,car,114.38038561667126,-10.283656561035887,22.25376596664717,-0.09254105133053231,4.5,1.8,0.0,15.0,0.0,
5,32,3.2,502,truck,156.36039190887567,1.0982327929343927,27.463776044545725,-0.013434710240786678,12.0,2.5,0.0,15.0,0.0,
5,32,3.2,503,car,-8.280365953583193,-0.9326748954858581,-0.6530689080124045,0.19571065612011623,4.5,1.8,0.0,15.0,0.0,
5,32,3.2,504,car,39.52817076759123,4.579826238339705,0.5169111101081667,0.016540954965522416,4.5,1.8,0.0,15.0,0.0,
5,33,3.3000000000000003,500,motorcycle,36.72705576052109,-11.54118984092513,-8.731690196524672,0.12397353419532046,2.2,0.8,0.0,15.0,0.0,
5,33,3.3000000000000003,501,car,116.6291285876765,-10.299091885259244,22.313308518860072,-0.11080172807247406,4.5,1.8,0.0,15.0,0.0,
5,33,3.3000000000000003,502,truck,159.20751227439197,0.9301160823520155,27.441093342233447,0.039018810678075666,12.0,2.5,0.0,15.0,0.0,
5,33,3.3000000000000003,503,car,-8.188653072325465,-0.9904334011744458,-0.6975599898233369,0.22408297763863919,4.5,1.8,0.0,15.0,0.0,
5,33,3.3000000000000003,504,car,39.51755848911027,4.554622542060718,0.5607313613450245,-0.010664154115178189,4.5,1.8,0.0,15.0,0.0,
5,34,3.4000000000000004,500,motorcycle,35.65734416571505,-11.658900931066185,-8.731192417238658,0.03080237677167623,2.2,0.8,0.0,15.0,0.0,
5,34,3.4000000000000004,501,car,118.83074339783279,-10.449381709690892,22.395305469203354,-0.0025445983341904205,4.5,1.8,0.0,15.0,0.0,
5,34,3.4000000000000004,502,truck,161.8458018983811,0.9596938314236149,27.393073155633605,0.023553030575350103,12.0,2.5,0.0,15.0,0.0,
5,34,3.4000000000000004,503,car,-8.078062138512218,-1.0146939581832304,-0.7118618629351926,0.17695651427725434,4.5,1.8,0.0,15.0,0.0,
5,34,3.4000000000000004,504,car,39.68825056301126,4.227229456396798,0.5385914952684435,-0.012958458821951124,4.5,1.8,0.0,15.0,0.0,
5,35,3.5,500,motorcycle,34.7181171910061,-11.569466142615902,-8.671091053040135,-0.039799598872299516,2.2,0.8,0.0,15.0,0.0,
5,35,3.5,501,car,121.2796226101302,-10.591962051959662,22.459737003287145,0.004946786592594295,4.5,1.8,0.0,15.0,0.0,
5,35,3.5,502,truck,164.53473910423307,0.9211124415135663,27.39139751610059,0.0339739236685392,12.0,2.5,0.0,15.0,0.0,
5,35,3.5,503,car,-8.24126375994289,-1.020392302523344,-0.7503955040815723,0.1162040379235607,4.5,1.8,0.0,15.0,0.0,
5,35,3.5,504,car,39.660378542292314,4.1109361472450585,0.5175837496309176,0.008665286451469648,4.5,1.8,0.0,15.0,0.0,
5,36,3.6,500,motorcycle,33.86307912111989,-11.376011624837068,-8.78161370372613,-0.016332550561590088,2.2,0.8,0.0,15.0,0.0,
5,36,3.6,501,car,123.52623833431136,-10.509900339063206,22.495560263502664,-0.0033028009141645564,4.5,1.8,0.0,15.0,0.0,
5,36,3.6,502,truck,167.2911439843288,0.8501029125885717,27.422081515068314,-0.05996987893759585,12.0,2.5,0.0,15.0,0.0,
5,36,3.6,503,car,-8.238620666486115,-1.0110892431545988,-0.7747486059731268,0.10457737795122439,4.5,1.8,0.0,15.0,0.0,
5,36,3.6,504,car,39.69621729379657,4.241533051938255,0.6792584327933432,0.06965882765898876,4.5,1.8,0.0,15.0,0.0,
5,37,3.7,500,motorcycle,32.92838517215829,-11.314666697464698,-8.747947245423255,-0.0625905866839511,2.2,0.8,0.0,15.0,0.0,
5,37,3.7,501,car,125.64971443093955,-10.5165587120463,22.535945643637735,-0.08389321429423599,4.5,1.8,0.0,15.0,0.0,
5,37,3.7,502,truck,169.9612623490702,0.9013710955938528,27.424167695731843,0.010843802092353916,12.0,2.5,0.0,15.0,0.0,
5,37,3.7,503,car,-8.457232272491062,-0.7654150120145308,-0.8516482281516058,0.003119192009811353,4.5,1.8,0.0,15.0,0.0,
5,37,3.7,504,car,39.758251859126176,4.135053041879553,0.6773206495910993,0.06597248371125543,4.5,1.8,0.0,15.0,0.0,
5,38,3.8000000000000003,500,motorcycle,32.034013026405226,-11.405166859352772,-8.72631443779427,-0.07845744242230958,2.2,0.8,0.0,15.0,0.0,
5,38,3.8000000000000003,501,car,128.0136754823788,-10.542985258728555,22.487713272494407,-0.16827874188640526,4.5,1.8,0.0,15.0,0.0,
5,38,3.8000000000000003,502,truck,172.68646817549856,0.775535018666826,27.356669603031605,0.037216667549703264,12.0,2.5,0.0,15.0,0.0,
5,38,3.8000000000000003,503,car,-8.720164101422561,-0.6238837549802584,-0.8436624089318288,0.0009270604585632941,4.5,1.8,0.0,15.0,0.0,
5,38,3.8000000000000003,504,car,39.722507330030226,4.218087519884973,0.6771754029112295,0.031667651574215326,4.5,1.8,0.0,15.0,0.0,
5,39,3.9000000000000004,500,motorcycle,31.18136405229096,-11.58129114913894,-8.808080794371728,-0.1344667466873635,2.2,0.8,0.0,15.0,0.0,
5,39,3.9000000000000004,501,car,130.2973995363892,-10.560138965097808,22.540162235772193,-0.2142782344948341,4.5,1.8,0.0,15.0,0.0,
5,39,3.9000000000000004,502,truck,175.47960191984984,0.7678696301822682,27.30951734329456,0.05648205108534921,12.0,2.5,0.0,15.0,0.0,
5,39,3.9000000000000004,503,car,-8.811131528140267,-0.686702968348942,-0.8415624545746242,-0.0055494588383063065,4.5,1.8,0.0,15.0,0.0,
5,39,3.9000000000000004,504,car,39.7748560634696,4.179994970051315,0.6119279759665476,0.03540592236895894,4.5,1.8,0.0,15.0,0.0,
5,40,4.0,500,motorcycle,30.220284535481646,-11.696770710572084,-8.820115786576858,-0.09776541947875458,2.2,0.8,0.0,15.0,0.0,
5,40,4.0,501,car,132.56997711073552,-10.634681009383051,22.5115949328788,-0.1824875713853957,4.5,1.8,0.0,15.0,0.0,
5,40,4.0,502,truck,177.9708800772346,0.8532543342107511,27.21581655454804,-0.01428834433079982,12.0,2.5,0.0,15.0,0.0,
5,40,4.0,503,car,-8.946714356724053,-0.4702454999396881,-0.7576914865739108,0.029774928951550476,4.5,1.8,0.0,15.0,0.0,
5,40,4.0,504,car,39.8717030988958,3.997307865486963,0.6197658841105825,0.007944846440960374,4.5,1.8,0.0,15.0,0.0,
5,41,4.1000000000000005,500,motorcycle,29.25660602346169,-11.691066943522493,-8.843671287049194,-0.054300442180312054,2.2,0.8,0.0,15.0,0.0,
5,41,4.1000000000000005,501,car,134.62754112726213,-10.645428624286993,22.467640071703098,-0.2029693628311804,4.5,1.8,0.0,15.0,0.0,
5,41,4.1000000000000005,502,truck,180.72292437463733,0.7400947135166644,27.224028161513665,-0.024905254591263047,12.0,2.5,0.0,15.0,0.0,
5,41,4.1000000000000005,503,car,-9.088542191899133,-0.514325255645625,-0.7654190811332572,-0.008616896676610135,4.5,1.8,0.0,15.0,0.0,
5,41,4.1000000000000005,504,car,39.93438913483942,3.9702846879644516,0.5892017572572344,0.08743695813610956,4.5,1.8,0.0,15.0,0.0,
5,42,4.2,500,motorcycle,28.413762887012933,-11.73476821100282,-8.836378265507959,-0.10564144901898746,2.2,0.8,0.0,15.0,0.0,
5,42,4.2,501,car,136.8306279737546,-10.697733305613935,22.405300376207602,-0.18360166043145948,4.5,1.8,0.0,15.0,0.0,
5,42,4.2,502,truck,183.39476592052742,0.7020575213127977,27.195592168557496,0.12304927494089193,12.0,2.5,0.0,15.0,0.0,
5,42,4.2,503,car,-9.231345615029861,-0.7220546407018688,-0.8454156796811989,0.029348234458161607,4.5,1.8,0.0,15.0,0.0,
5,42,4.2,504,car,40.12695457973346,3.910848664640777,0.6531492407390076,0.12451645812823678,4.5,1.8,0.0,15.0,0.0,
5,43,4.3,500,motorcycle,27.511177047363528,-11.771376984281773,-8.827334754187175,-0.06176865791130541,2.2,0.8,0.0,15.0,0.0,
5,43,4.3,501,car,139.11088746793487,-10.783774301836951,22.396590023856287,-0.08453848769536326,4.5,1.8,0.0,15.0,0.0,
5,43,4.3,502,truck,186.1394465171128,0.8012949914951485,27.22258641791996,0.13671716214077706,12.0,2.5,0.0,15.0,0.0,
5,43,4.3,503,car,-9.305017292996475,-0.6293807547235546,-0.8094835679156648,0.042542908358739036,4.5,1.8,0.0,15.0,0.0,
5,43,4.3,504,car,40.12289325125257,3.961856191008448,0.6497988439156034,0.10910366256098299,4.5,1.8,0.0,15.0,0.0,
5,44,4.4,500,motorcycle,26.896321169441418,-11.931458980843686,-8.779409111234301,-0.10490220512399695,2.2,0.8,0.0,15.0,0.0,
5,44,4.4,501,car,141.36366601925482,-10.535369398697469,22.348471574115084,-0.12073212043672646,4.5,1.8,0.0,15.0,0.0,
5,44,4.4,502,truck,188.85995378518962,0.73024501194609,27.266789235466973,0.1099906903376123,12.0,2.5,0.0,15.0,0.0,
5,44,4.4,503,car,-9.320564685773107,-0.7580453770676876,-0.899825143023376,0.031093659411086563,4.5,1.8,0.0,15.0,0.0,
5,44,4.4,504,car,40.03102235184037,4.124593448541091,0.5733086693908535,0.05721932817744809,4.5,1.8,0.0,15.0,0.0,
5,45,4.5,500,motorcycle,26.059742246865447,-12.000585596362287,-8.85532850972768,-0.00290399712039896,2.2,0.8,0.0,15.0,0.0,
5,45,4.5,501,car,143.49834979635037,-10.567068391490796,22.338011948109784,-0.08521666283839757,4.5,1.8,0.0,15.0,0.0,
5,45,4.5,502,truck,191.63286795480343,0.6585639772067508,27.250497874594807,0.09864456866052151,12.0,2.5,0.0,15.0,0.0,
5,45,4.5,503,car,-9.335651250255589,-0.871768202612439,-0.7989196151855869,-0.006865509961885646,4.5,1.8,0.0,15.0,0.0,
5,45,4.5,504,car,40.08747827910379,4.014316437389512,0.5084007188088226,0.01349790772356689,4.5,1.8,0.0,15.0,0.0,
5,46,4.6000000000000005,500,motorcycle,25.07715707412625,-12.042301698489808,-8.904276761165868,0.03187362394431153,2.2,0.8,0.0,15.0,0.0,
5,46,4.6000000000000005,501,car,145.65385260162952,-10.664971607119828,22.31836350490392,-0.035574718903582846,4.5,1.8,0.0,15.0,0.0,
5,46,4.6000000000000005,502,truck,194.37940535962395,0.6584594810840559,27.178845636096373,0.041509145667336045,12.0,2.5,0.0,15.0,0.0,
5,46,4.6000000000000005,503,car,-9.54338420577811,-0.7417696312413928,-0.7723914590290045,-0.04994653540809535,4.5,1.8,0.0,15.0,0.0,
5,46,4.6000000000000005,504,car,40.08188118660211,3.9331372105381353,0.4641076579897872,0.03651295928437592,4.5,1.8,0.0,15.0,0.0,
5,47,4.7,500,motorcycle,24.157975775931234,-11.830997561665631,-8.841758769940018,0.09734764096764764,2.2,0.8,0.0,15.0,0.0,
5,47,4.7,501,car,147.95282464961474,-10.710794986060906,22.3482530491304,-0.05301635363001574,4.5,1.8,0.0,15.0,0.0,
5,47,4.7,502,truck,197.26031752830642,0.7030383339557815,27.191963654026523,0.0478627787888115,12.0,2.5,0.0,15.0,0.0,
5,47,4.7,503,car,-9.446596708944925,-0.890139318165881,-0.6804770676455683,-0.059254225780802236,4.5,1.8,0.0,15.0,0.0,
5,47,4.7,504,car,39.98767705481953,3.861567533302267,0.3815672948536081,0.06919579656365793,4.5,1.8,0.0,15.0,0.0,
5,48,4.800000000000001,500,motorcycle,23.169970603902584,-11.804396030948396,-8.785047918431726,0.06374679453934079,2.2,0.8,0.0,15.0,0.0,
5,48,4.800000000000001,501,car,150.16083958522535,-10.846433282415509,22.32883519368284,0.07568482763365286,4.5,1.8,0.0,15.0,0.0,
5,48,4.800000000000001,502,truck,200.0573072101201,0.6813515699453022,27.161379252217436,0.045731109005989826,12.0,2.5,0.0,15.0,0.0,
5,48,4.800000000000001,503,car,-9.501639340490117,-0.9379717114585371,-0.6539741078570118,-0.10692660028382268,4.5,1.8,0.0,15.0,0.0,
5,48,4.800000000000001,504,car,39.92999501680646,3.9055066586636538,0.3231352071753882,0.10564665920678493,4.5,1.8,0.0,15.0,0.0,
5,49,4.9,500,motorcycle,22.290037750819717,-11.980812273366183,-8.77957296215368,-0.020510536690108938,2.2,0.8,0.0,15.0,0.0,
5,49,4.9,501,car,152.4630593055592,-10.863736232577205,22.42138940450818,0.12925046985228322,4.5,1.8,0.0,15.0,0.0,
5,49,4.9,502,truck,202.66737588471864,0.48385069446175943,27.123624189377868,-0.015331821135528736,12.0,2.5,0.0,15.0,0.0,
5,49,4.9,503,car,-9.384462942588108,-0.9496958374149346,-0.6073031676478535,-0.12117814591135198,4.5,1.8,0.0,15.0,0.0,
5,49,4.9,504,car,39.94434178869593,3.9128086223334417,0.3784621731050105,0.12122789699051487,4.5,1.8,0.0,15.0,0.0,
5,50,5.0,500,motorcycle,21.306347070256685,-11.820611913226552,-8.794213737102995,-0.04328654288394136,2.2,0.8,0.0,15.0,0.0,
5,50,5.0,501,car,154.42224771578512,-10.787371226475843,22.426440036491275,0.13424675268237832,4.5,1.8,0.0,15.0,0.0,
5,50,5.0,502,truck,205.33945583654537,0.4247957283349283,27.105145168036348,0.007826222420835235,12.0,2.5,0.0,15.0,0.0,
5,50,5.0,503,car,-9.381281482049557,-0.9849168108435296,-0.5598562929320156,-0.12512685496222586,4.5,1.8,0.0,15.0,0.0,
5,50,5.0,504,car,39.931765364194064,3.9447729695232296,0.3104928521803175,0.13286381244447729,4.5,1.8,0.0,15.0,0.0,
5,51,5.1000000000000005,500,motorcycle,20.272707485993745,-11.927713263513322,-8.895148307438825,-0.0520423905175164,2.2,0.8,0.0,15.0,0.0,
5,51,5.1000000000000005,501,car,156.82585508966517,-10.785654217315749,22.458619305462932,0.2518624475479978,4.5,1.8,0.0,15.0,0.0,
5,51,5.1000000000000005,502,truck,208.09037593816103,0.3490571461182096,27.073766737899557,0.007859132831985548,12.0,2.5,0.0,15.0,0.0,
5,51,5.1000000000000005,503,car,-9.500556575868853,-1.0532381963210953,-0.5105935974690411,-0.07381904092361524,4.5,1.8,0.0,15.0,0.0,
5,51,5.1000000000000005,504,car,39.79812540120723,3.8762423989776558,0.2872926328346479,0.1628182597527399,4.5,1.8,0.0,15.0,0.0,
5,52,5.2,500,motorcycle,19.49750021410043,-11.662720709137686,-8.918431972252959,-0.07282882623461784,2.2,0.8,0.0,15.0,0.0,
5,52,5.2,501,car,159.13057402177523,-10.828689644456436,22.451571212388405,0.2311105421088205,4.5,1.8,0.0,15.0,0.0,
5,52,5.2,502,truck,210.53558721976057,0.3621663824165627,27.06464868993442,0.07142068534483054,12.0,2.5,0.0,15.0,0.0,
5,52,5.2,503,car,-9.551066894862123,-1.186094848244874,-0.5234985411180173,-0.17837318308044664,4.5,1.8,0.0,15.0,0.0,
5,52,5.2,504,car,39.70576288097073,3.9560748217682296,0.27492561083696476,0.20894367172764317,4.5,1.8,0.0,15.0,0.0,
5,53,5.300000000000001,500,motorcycle,18.40896779178733,-11.694249731493523,-8.942207597172349,-0.025036397103957532,2.2,0.8,0.0,15.0,0.0,
5,53,5.300000000000001,501,car,161.44300741983074,-10.741353375236725,22.52864171429261,0.2127061866444922,4.5,1.8,0.0,15.0,0.0,
5,53,5.300000000000001,502,truck,213.37556017228408,0.26488783586307213,27.010604802446135,0.10905801391974748,12.0,2.5,0.0,15.0,0.0,
5,53,5.300000000000001,503,car,-9.753890822814805,-1.146655603711023,-0.518432881431951,-0.124780546647703,4.5,1.8,0.0,15.0,0.0,
5,53,5.300000000000001,504,car,39.72731104555894,3.9825740835705465,0.30038886048321006,0.17581119422465424,4.5,1.8,0.0,15.0,0.0,
5,54,5.4,500,motorcycle,17.44412640132107,-11.649310427219577,-8.94367198762888,-0.045402092969171554,2.2,0.8,0.0,15.0,0.0,
5,54,5.4,501,car,163.68759318129023,-10.560626805788443,22.506490793955617,0.18910520598039143,4.5,1.8,0.0,15.0,0.0,
5,54,5.4,502,truck,215.90587623006246,0.2715583434393354,27.043448978008154,0.15086791970379088,12.0,2.5,0.0,15.0,0.0,
5,54,5.4,503,car,-9.794912350794947,-1.0635503010677048,-0.4818713613379389,-0.06913303516308986,4.5,1.8,0.0,15.0,0.0,
5,54,5.4,504,car,39.85578019715502,4.157153022603737,0.2919042021548976,0.10945829210657883,4.5,1.8,0.0,15.0,0.0,
5,55,5.5,500,motorcycle,16.616131076926724,-11.575795317584218,-8.865172217959824,0.018662424839313754,2.2,0.8,0.0,15.0,0.0,
5,55,5.5,501,car,166.13278950627225,-10.47973088715775,22.51793132355255,0.1198560499141041,4.5,1.8,0.0,15.0,0.0,
5,55,5.5,502,truck,218.64103078131467,0.2313947997225827,27.05402447867978,0.15359357901927367,12.0,2.5,0.0,15.0,0.0,
5,55,5.5,503,car,-9.795926128043728,-1.0801966755378647,-0.43512035180130965,-0.20529075080684275,4.5,1.8,0.0,15.0,0.0,
5,55,5.5,504,car,39.903969974886294,4.288347829729651,0.3854066275777083,0.14605635902583197,4.5,1.8,0.0,15.0,0.0,
5,56,5.6000000000000005,500,motorcycle,15.898102157388996,-11.557035475524412,-8.865029089163471,0.045133207000701336,2.2,0.8,0.0,15.0,0.0,
5,56,5.6000000000000005,501,car,168.3842632103384,-10.545981028968075,22.492169311345954,0.06424840461029624,4.5,1.8,0.0,15.0,0.0,
5,56,5.6000000000000005,502,truck,221.39927093866916,0.24789333887455778,27.036010172841873,0.12525939117740917,12.0,2.5,0.0,15.0,0.0,
5,56,5.6000000000000005,503,car,-9.788932528603896,-1.022680932557542,-0.49164605162656877,-0.26967498429562364,4.5,1.8,0.0,15.0,0.0,
5,56,5.6000000000000005,504,car,40.037961633206166,4.165440141783375,0.41278096926883256,0.22690181896353262,4.5,1.8,0.0,15.0,0.0,
5,57,5.7,500,motorcycle,15.173522728811962,-11.478734895761132,-8.829588613397364,0.1577285795105241,2.2,0.8,0.0,15.0,0.0,
5,57,5.7,501,car,170.4000405751836,-10.58598975611511,22.534593903799784,0.047384054218198385,4.5,1.8,0.0,15.0,0.0,
5,57,5.7,502,truck,224.22684978681406,0.2564838719612794,27.042597365858754,0.11152565796511228,12.0,2.5,0.0,15.0,0.0,
5,57,5.7,503,car,-9.890348229647358,-1.1043594273018698,-0.47808773678472993,-0.308403232586767,4.5,1.8,0.0,15.0,0.0,
5,57,5.7,504,car,40.17456021848218,4.25345291614001,0.4677517913173246,0.1704556011638827,4.5,1.8,0.0,15.0,0.0,
5,58,5.800000000000001,500,motorcycle,14.120616212793582,-11.463380613373255,-8.684648582719388,0.22103901841525264,2.2,0.8,0.0,15.0,0.0,
5,58,5.800000000000001,501,car,172.5980553347129,-10.538800137250155,22.570973249171967,-0.02103535781844469,4.5,1.8,0.0,15.0,0.0,
5,58,5.800000000000001,502,truck,227.06807211030338,0.2508940250756966,27.03806332362836,0.11271489093680506,12.0,2.5,0.0,15.0,0.0,
5,58,5.800000000000001,503,car,-9.823702989395041,-1.2107179663806873,-0.5634362370239525,-0.29225546794176477,4.5,1.8,0.0,15.0,0.0,
5,58,5.800000000000001,504,car,40.0169695889966,4.240388116742845,0.5270955058102655,0.19941029633931961,4.5,1.8,0.0,15.0,0.0,
5,59,5.9,500,motorcycle,13.356386961094172,-11.379241575011447,-8.564131858280218,0.19162703703241188,2.2,0.8,0.0,15.0,0.0,
5,59,5.9,501,car,174.89496582733094,-10.584715720153262,22.61881331266771,-0.02411410162096949,4.5,1.8,0.0,15.0,0.0,
5,59,5.9,502,truck,229.9437629306106,0.20908391862917947,27.10841964991421,0.1423718674640036,12.0,2.5,0.0,15.0,0.0,
5,59,5.9,503,car,-9.883292720006134,-1.1856992793888712,-0.5503730176474929,-0.2744577339291743,4.5,1.8,0.0,15.0,0.0,
5,59,5.9,504,car,40.04899203226819,4.190170295621278,0.510341949812139,0.11525304744190848,4.5,1.8,0.0,15.0,0.0,
5,60,6.0,500,motorcycle,12.584168608519413,-11.483595268525754,-8.575014211042003,0.22402928910646353,2.2,0.8,0.0,15.0,0.0,
5,60,6.0,501,car,177.2407868303077,-10.764592323999082,22.614220908906457,-0.0011268666485283844,4.5,1.8,0.0,15.0,0.0,
5,60,6.0,502,truck,232.65980650652827,0.3577286011429343,27.06732930491848,0.03991981095449376,12.0,2.5,0.0,15.0,0.0,
5,60,6.0,503,car,-9.85729742009403,-1.2668536647436375,-0.6383000475267928,-0.282383353457498,4.5,1.8,0.0,15.0,0.0,
5,60,6.0,504,car,40.22308202484257,4.075370338584198,0.6271417475095024,0.07335896771507538,4.5,1.8,0.0,15.0,0.0,
5,61,6.1000000000000005,500,motorcycle,11.735368272827788,-11.583105581399868,-8.572933693607203,0.21734189801852968,2.2,0.8,0.0,15.0,0.0,
5,61,6.1000000000000005,501,car,179.35325953096526,-10.482122313768844,22.589454050455522,-0.025849994513829813,4.5,1.8,0.0,15.0,0.0,
5,61,6.1000000000000005,502,truck,235.4634430249555,0.5431460705732305,27.123651148318697,-0.02013919519683556,12.0,2.5,0.0,15.0,0.0,
5,61,6.1000000000000005,503,car,-9.899736523897243,-1.4832292483278868,-0.593214793460675,-0.3641427603840211,4.5,1.8,0.0,15.0,0.0,
5,61,6.1000000000000005,504,car,40.205476067232595,4.082386084952574,0.649392075566553,0.06031223654530943,4.5,1.8,0.0,15.0,0.0,
5,62,6.2,500,motorcycle,11.029983271140356,-11.489047433378788,-8.540697455903992,0.1558718529192965,2.2,0.8,0.0,15.0,0.0,
5,62,6.2,501,car,181.78214172576534,-10.565013827648079,22.676331172104877,0.07525975833244876,4.5,1.8,0.0,15.0,0.0,
5,62,6.2,502,truck,238.22707379302375,0.644333460821489,26.969505160165852,-0.02988931597135443,12.0,2.5,0.0,15.0,0.0,
5,62,6.2,503,car,-9.848841439251355,-1.4271924975348804,-0.6542009603656689,-0.3788288623774148,4.5,1.8,0.0,15.0,0.0,
5,62,6.2,504,car,40.01677872426914,4.12971659262438,0.5552256555052117,0.11683612868468801,4.5,1.8,0.0,15.0,0.0,
5,63,6.300000000000001,500,motorcycle,10.294186011621697,-11.520896929527508,-8.514633659381287,0.1450169167162711,2.2,0.8,0.0,15.0,0.0,
5,63,6.300000000000001,501,car,184.07396568247734,-10.672213794139148,22.70745580326687,-0.006799503178772065,4.5,1.8,0.0,15.0,0.0,
5,63,6.300000000000001,502,truck,240.7410312928074,0.6291516975576544,26.95894299618529,-0.016274229443766906,12.0,2.5,0.0,15.0,0.0,
5,63,6.300000000000001,503,car,-9.979212284311554,-1.2765062171940629,-0.6461707108966968,-0.36718477345160355,4.5,1.8,0.0,15.0,0.0,
5,63,6.300000000000001,504,car,40.09202467756036,4.241691192387656,0.584026526229435,0.13893702367010197,4.5,1.8,0.0,15.0,0.0,
5,64,6.4,500,motorcycle,9.516321056170128,-11.6888567015606,-8.603976041910576,0.1412139794511989,2.2,0.8,0.0,15.0,0.0,
5,64,6.4,501,car,186.32494387453585,-10.614912760052205,22.708456648376046,0.02229374354393847,4.5,1.8,0.0,15.0,0.0,
5,64,6.4,502,truck,243.3123660654698,0.6264498175724083,26.8918901592874,0.003068667274803139,12.0,2.5,0.0,15.0,0.0,
5,64,6.4,503,car,-10.231657859637556,-1.2783936846851351,-0.7196206799415523,-0.3863611631126933,4.5,1.8,0.0,15.0,0.0,
5,64,6.4,504,car,40.23992009932823,4.278322893614509,0.5017435150432199,0.10531733143540076,4.5,1.8,0.0,15.0,0.0,
5,65,6.5,500,motorcycle,8.505785599431391,-11.844211153576,-8.598092883103877,0.16922889662920407,2.2,0.8,0.0,15.0,0.0,
5,65,6.5,501,car,188.639850131445,-10.552420704209835,22.707861105831757,0.00862423260644008,4.5,1.8,0.0,15.0,0.0,
5,65,6.5,502,truck,245.89424814869233,0.5827487171248387,26.825822740021092,-0.03918960908154283,12.0,2.5,0.0,15.0,0.0,
5,65,6.5,503,car,-10.294727240587907,-1.3288104097504967,-0.5663842780468136,-0.4536509429879437,4.5,1.8,0.0,15.0,0.0,
5,65,6.5,504,car,40.27758457874938,4.146481415637676,0.4823542212447224,0.08796267232964153,4.5,1.8,0.0,15.0,0.0,
5,66,6.6000000000000005,500,motorcycle,7.730464313744317,-11.872254917834871,-8.607658863106685,0.1477129985055931,2.2,0.8,0.0,15.0,0.0,
5,66,6.6000000000000005,501,car,190.77053106762244,-10.616768518128502,22.688764270077566,0.012315526776759308,4.5,1.8,0.0,15.0,0.0,
5,66,6.6000000000000005,502,truck,248.6327251514169,0.5553701052455815,26.813213926822026,-0.12523026700589548,12.0,2.5,0.0,15.0,0.0,
5,66,6.6000000000000005,503,car,-10.297392216666953,-1.4437652927642952,-0.5290281161353247,-0.3878289455952339,4.5,1.8,0.0,15.0,0.0,
5,66,6.6000000000000005,504,car,40.307028498204545,4.052946554794051,0.4815192905904075,0.10539777223057345,4.5,1.8,0.0,15.0,0.0,
5,67,6.7,500,motorcycle,6.838146427308977,-11.913887458922243,-8.579482252571815,0.17259191224030287,2.2,0.8,0.0,15.0,0.0,
5,67,6.7,501,car,193.0047785305975,-10.780943581976894,22.71158317934654,-0.026050832895309524,4.5,1.8,0.0,15.0,0.0,
5,67,6.7,502,truck,251.33548065163615,0.5579628017128956,26.718766555469895,-0.12117618278531682,12.0,2.5,0.0,15.0,0.0,
5,67,6.7,503,car,-10.29884177574304,-1.41883294579277,-0.5231598285805091,-0.4866882477927134,4.5,1.8,0.0,15.0,0.0,
5,67,6.7,504,car,40.482888533482246,4.104588598771366,0.42135332412188364,0.06600962022265977,4.5,1.8,0.0,15.0,0.0,
5,68,6.800000000000001,500,motorcycle,6.0033206229812475,-11.828649848368388,-8.603880395389199,0.2138681826092566,2.2,0.8,0.0,15.0,0.0,
5,68,6.800000000000001,501,car,195.09666016562213,-10.887794566375803,22.608364978854436,-0.07092109003879418,4.5,1.8,0.0,15.0,0.0,
5,68,6.800000000000001,502,truck,254.15816502563754,0.7516254068929042,26.730496078881416,-0.15309764314874455,12.0,2.5,0.0,15.0,0.0,
5,68,6.800000000000001,503,car,-10.373321748686186,-1.420167781488739,-0.6013088711624632,-0.5153132065917736,4.5,1.8,0.0,15.0,0.0,
5,68,6.800000000000001,504,car,40.668513173339456,4.006618553860796,0.3839020791588065,0.0666693030217318,4.5,1.8,0.0,15.0,0.0,
5,69,6.9,500,motorcycle,5.171246809392798,-11.869763434727409,-8.600032176226602,0.24426515929622858,2.2,0.8,0.0,15.0,0.0,
5,69,6.9,501,car,197.55364184588393,-10.90751111332316,22.606300113087407,0.00545152726018136,4.5,1.8,0.0,15.0,0.0,
5,69,6.9,502,truck,256.7762980476959,0.6038803393018117,26.743008527664365,-0.09928889189434881,12.0,2.5,0.0,15.0,0.0,
5,69,6.9,503,car,-10.397347922282464,-1.481400667902641,-0.6737285398192052,-0.5182316688551922,4.5,1.8,0.0,15.0,0.0,
5,69,6.9,504,car,40.83021887388697,3.889873776009047,0.3716647204686429,0.04729506641381376,4.5,1.8,0.0,15.0,0.0,
5,70,7.0,500,motorcycle,4.2414731347063634,-11.820544618345885,-8.5778669141638,0.2659065045359004,2.2,0.8,0.0,15.0,0.0,
5,70,7.0,501,car,199.71659088083115,-11.071564330030512,22.619419534913945,-0.019844424813951236,4.5,1.8,0.0,15.0,0.0,
5,70,7.0,502,truck,259.634430138431,0.7824024197138715,26.842543017384166,-0.14629443694608446,12.0,2.5,0.0,15.0,0.0,
5,70,7.0,503,car,-10.407783867590174,-1.4461285830630117,-0.6358108281419851,-0.5359515660648851,4.5,1.8,0.0,15.0,0.0,
5,70,7.0,504,car,40.99530183623037,3.8946507812870808,0.3780700267154149,-0.02959660617504342,4.5,1.8,0.0,15.0,0.0,
5,71,7.1000000000000005,500,motorcycle,3.448162940247282,-11.819995139249535,-8.554627971058775,0.2776621895261313,2.2,0.8,0.0,15.0,0.0,
5,71,7.1000000000000005,501,car,201.99662649198893,-11.078120129758576,22.658749521646968,-0.029789051658204543,4.5,1.8,0.0,15.0,0.0,
5,71,7.1000000000000005,502,truck,262.1731646982241,0.8246685366566565,26.802092741138583,-0.21250752908019144,12.0,2.5,0.0,15.0,0.0,
5,71,7.1000000000000005,503,car,-10.573589283818633,-1.4713905017338083,-0.6406367682967276,-0.6425857175485276,4.5,1.8,0.0,15.0,0.0,
5,71,7.1000000000000005,504,car,40.99474324459664,4.008614243167052,0.35550524316874593,-0.037870433846423045,4.5,1.8,0.0,15.0,0.0,
5,72,7.2,500,motorcycle,2.69699928687412,-11.712679994476467,-8.50354041667619,0.13903450902344616,2.2,0.8,0.0,15.0,0.0,
5,72,7.2,501,car,204.43585374799784,-11.017458991381602,22.781823342348176,-0.06890535319691873,4.5,1.8,0.0,15.0,0.0,
5,72,7.2,502,truck,264.6770289117731,0.804139629421155,26.788324124650725,-0.17982432989945038,12.0,2.5,0.0,15.0,0.0,
5,72,7.2,503,car,-10.530160126189669,-1.5443784879766107,-0.6526721705873638,-0.6164497265727212,4.5,1.8,0.0,15.0,0.0,
5,72,7.2,504,car,41.00466090234427,3.970828989692731,0.40736199010251023,0.02511845899875558,4.5,1.8,0.0,15.0,0.0,
5,73,7.300000000000001,500,motorcycle,1.9550418695928102,-11.715599514846676,-8.61052986606385,0.13162420470380376,2.2,0.8,0.0,15.0,0.0,
5,73,7.300000000000001,501,car,206.63823808096495,-11.037322028602352,22.748268797712296,-0.06994234597019883,4.5,1.8,0.0,15.0,0.0,
5,73,7.300000000000001,502,truck,267.251933761315,0.658085452759372,26.84945869877927,-0.22830721056783304,12.0,2.5,0.0,15.0,0.0,
5,73,7.300000000000001,503,car,-10.595394180722769,-1.5105719759735992,-0.6069569642758852,-0.5767073163269537,4.5,1.8,0.0,15.0,0.0,
5,73,7.300000000000001,504,car,41.07568375280468,4.045741166446292,0.4760163967328179,0.046369588698524256,4.5,1.8,0.0,15.0,0.0,
5,74,7.4,500,motorcycle,0.9102686483050069,-11.755290414991306,-8.575711362477746,0.10026940801833355,2.2,0.8,0.0,15.0,0.0,
5,74,7.4,501,car,209.07507557468205,-11.050634246016015,22.752531236280266,-0.013705136025112051,4.5,1.8,0.0,15.0,0.0,
5,74,7.4,502,truck,269.918594641462,0.6528824352754073,26.894414872979226,-0.30192074135951735,12.0,2.5,0.0,15.0,0.0,
5,74,7.4,503,car,-10.684619693389113,-1.4853273780683827,-0.6036769568587554,-0.5033406257230797,4.5,1.8,0.0,15.0,0.0,
5,74,7.4,504,car,40.96569305665927,3.881377948521531,0.5145007225639538,0.089659949445163,4.5,1.8,0.0,15.0,0.0,
5,75,7.5,500,motorcycle,0.03337251137404894,-11.705224034184901,-8.538451013596175,0.059576247725746226,2.2,0.8,0.0,15.0,0.0,
5,75,7.5,501,car,211.27964386080515,-11.033032141698662,22.79773568427495,-0.0720029823430113,4.5,1.8,0.0,15.0,0.0,
5,75,7.5,502,truck,272.58824136556643,0.5982666979690118,26.915312828231365,-0.30235565985995905,12.0,2.5,0.0,15.0,0.0,
5,75,7.5,503,car,-10.799575747455275,-1.4108048625649499,-0.6306398309397965,-0.5179454438741524,4.5,1.8,0.0,15.0,0.0,
5,75,7.5,504,car,40.8579933653237,3.818981355781458,0.5403045263809063,0.105690047262906,4.5,1.8,0.0,15.0,0.0,
5,76,7.6000000000000005,500,motorcycle,-0.7605208909789924,-11.64416818081776,-8.434065311781417,0.022183306353400725,2.2,0.8,0.0,15.0,0.0,
5,76,7.6000000000000005,501,car,213.39747505488916,-11.145287739540114,22.762553092483373,-0.12071932917385685,4.5,1.8,0.0,15.0,0.0,
5,76,7.6000000000000005,502,truck,275.28913873315406,0.693296622538718,26.99229578187986,-0.27714023476762883,12.0,2.5,0.0,15.0,0.0,
5,76,7.6000000000000005,503,car,-10.648512509003853,-1.498236712609007,-0.7122657830399178,-0.46528654047974394,4.5,1.8,0.0,15.0,0.0,
5,76,7.6000000000000005,504,car,40.72816437878688,3.7540500582377683,0.5663101380020461,0.10057097326046696,4.5,1.8,0.0,15.0,0.0,
5,77,7.7,500,motorcycle,-1.6230226984442848,-11.76002885346442,-8.434605431253084,0.07236643079029031,2.2,0.8,0.0,15.0,0.0,
5,77,7.7,501,car,215.6757271557911,-11.240382260421605,22.700176169453506,-0.16119905832163578,4.5,1.8,0.0,15.0,0.0,
5,77,7.7,502,truck,278.0276016865835,0.6999428252979262,26.952270426850077,-0.38767820586673174,12.0,2.5,0.0,15.0,0.0,
5,77,7.7,503,car,-10.677737810940629,-1.6345361065545065,-0.6778126590891537,-0.5030920225861314,4.5,1.8,0.0,15.0,0.0,
5,77,7.7,504,car,40.6860053472201,3.7794243462897734,0.6841950995033645,0.13802247281629562,4.5,1.8,0.0,15.0,0.0,
5,78,7.800000000000001,500,motorcycle,-2.4528613116490083,-11.716907056747294,-8.522161224327364,0.016249412252662493,2.2,0.8,0.0,15.0,0.0,
5,78,7.800000000000001,501,car,217.69465188623172,-11.083514776796106,22.776545470911294,-0.1415581320108903,4.5,1.8,0.0,15.0,0.0,
5,78,7.800000000000001,502,truck,280.736340239577,0.506016004461495,26.94130542883754,-0.2980586119465371,12.0,2.5,0.0,15.0,0.0,
5,78,7.800000000000001,503,car,-10.732377477029972,-1.7413099554343092,-0.7657161920893343,-0.43407673619959114,4.5,1.8,0.0,15.0,0.0,
5,78,7.800000000000001,504,car,40.747416477067674,3.61755320823512,0.6379818153997875,0.0741455719483891,4.5,1.8,0.0,15.0,0.0,
5,79,7.9,500,motorcycle,-3.318251786652942,-11.694548218560746,-8.54732207754129,0.05510174207700658,2.2,0.8,0.0,15.0,0.0,
5,79,7.9,501,car,219.9801866573701,-10.991439351469982,22.758685767007258,0.010708147589666983,4.5,1.8,0.0,15.0,0.0,
5,79,7.9,502,truck,283.3740219101133,0.38587714409125407,26.889990401332753,-0.30860564827425235,12.0,2.5,0.0,15.0,0.0,
5,79,7.9,503,car,-10.980902705325486,-1.7552613446714873,-0.8609813805675747,-0.4259931899967296,4.5,1.8,0.0,15.0,0.0,
5,79,7.9,504,car,40.676089484198016,3.5868384246919494,0.6682088353564054,0.18934745614220677,4.5,1.8,0.0,15.0,0.0,
5,80,8.0,500,motorcycle,-4.280784046485186,-11.704069789295685,-8.583510011280067,0.011608225948966794,2.2,0.8,0.0,15.0,0.0,
5,80,8.0,501,car,222.18455790107387,-10.907961889147321,22.73428297379574,0.12317378250320975,4.5,1.8,0.0,15.0,0.0,
5,80,8.0,502,truck,286.1046188758361,0.25401551314642135,26.8716551422255,-0.3486979977762518,12.0,2.5,0.0,15.0,0.0,
5,80,8.0,503,car,-10.986993978087572,-1.9617386293276855,-0.9280289495893652,-0.45557049593418664,4.5,1.8,0.0,15.0,0.0,
5,80,8.0,504,car,40.81120504704749,3.7290791977884474,0.7372359448950476,0.2158375321395833,4.5,1.8,0.0,15.0,0.0,
5,81,8.1,500,motorcycle,-5.147424001248995,-11.623446385469391,-8.640735042151652,-0.08062463515184454,2.2,0.8,0.0,15.0,0.0,
5,81,8.1,501,car,224.5016499562221,-10.996212352611884,22.731017637187467,0.12915513329685047,4.5,1.8,0.0,15.0,0.0,
5,81,8.1,502,truck,288.81659634597645,0.31292486722130136,26.913258901640084,-0.3389479944178673,12.0,2.5,0.0,15.0,0.0,
5,81,8.1,503,car,-11.123998401093449,-1.996519470053472,-0.9578394704231112,-0.4653919420344952,4.5,1.8,0.0,15.0,0.0,
5,81,8.1,504,car,41.14674598389504,3.76888192109076,0.7597481957469251,0.18056349968806518,4.5,1.8,0.0,15.0,0.0,
5,82,8.200000000000001,500,motorcycle,-5.9094901638211725,-11.555481606718233,-8.602367414418898,-0.06988007281417137,2.2,0.8,0.0,15.0,0.0,
5,82,8.200000000000001,501,car,226.87817072951754,-10.856128319618724,22.745172583154933,0.12342451534683432,4.5,1.8,0.0,15.0,0.0,
5,82,8.200000000000001,502,truck,291.59737933515197,0.18861753712354024,26.877360887609317,-0.3416130115621124,12.0,2.5,0.0,15.0,0.0,
5,82,8.200000000000001,503,car,-11.393918054979574,-1.9602991369005793,-1.0059851647964024,-0.488966493109583,4.5,1.8,0.0,15.0,0.0,
5,82,8.200000000000001,504,car,41.20139284390175,3.7908669532166215,0.742565531925773,0.17719494732654772,4.5,1.8,0.0,15.0,0.0,
5,83,8.3,500,motorcycle,-6.775689668502103,-11.607172709762365,-8.641027137300837,-0.01580637659639128,2.2,0.8,0.0,15.0,0.0,
5,83,8.3,501,car,228.94224741760635,-10.86435738398499,22.721727609560723,0.14436408968315867,4.5,1.8,0.0,15.0,0.0,
5,83,8.3,502,truck,294.13968614426096,0.10447770184296858,26.87224290090983,-0.2881093310435894,12.0,2.5,0.0,15.0,0.0,
5,83,8.3,503,car,-11.461298074779673,-2.127544607298424,-1.0303590007324355,-0.4446639254765484,4.5,1.8,0.0,15.0,0.0,
5,83,8.3,504,car,41.15557191050202,3.800722021112039,0.7421095092994592,0.1579057943305095,4.5,1.8,0.0,15.0,0.0,
5,84,8.4,500,motorcycle,-7.370217203952295,-11.65002649336676,-8.618538879332446,-0.054121432607355496,2.2,0.8,0.0,15.0,0.0,
5,84,8.4,501,car,231.26719497776236,-10.762842215331482,22.692329407723417,0.14162899892223202,4.5,1.8,0.0,15.0,0.0,
5,84,8.4,502,truck,296.73738245736286,-0.03877361246637953,26.92408267253484,-0.3158093783377718,12.0,2.5,0.0,15.0,0.0,
5,84,8.4,503,car,-11.805695207703723,-1.9954753841967163,-1.0704637668855659,-0.45698257766394995,4.5,1.8,0.0,15.0,0.0,
5,84,8.4,504,car,41.3938735119814,3.802338391126326,0.733942679189366,0.09649714210298282,4.5,1.8,0.0,15.0,0.0,
5,85,8.5,500,motorcycle,-8.395554461848297,-11.67207726308711,-8.600398390628701,-0.03884516219681687,2.2,0.8,0.0,15.0,0.0,
5,85,8.5,501,car,233.4883018104878,-10.746653535504564,22.60046890795702,0.16463734995700594,4.5,1.8,0.0,15.0,0.0,
5,85,8.5,502,truck,299.44593130909334,0.12701153911812904,26.924456654856293,-0.36294284594507575,12.0,2.5,0.0,15.0,0.0,
5,85,8.5,503,car,-11.91781389780116,-2.073953621964695,-1.048728373447046,-0.4556379745776906,4.5,1.8,0.0,15.0,0.0,
5,85,8.5,504,car,41.34127310979507,3.6484137765172227,0.7470880893210168,0.16565286915644478,4.5,1.8,0.0,15.0,0.0,
5,86,8.6,500,motorcycle,-9.247659512505994,-11.59463204391477,-8.54975793291852,-0.025505569907083452,2.2,0.8,0.0,15.0,0.0,
5,86,8.6,501,car,235.66689955249737,-10.710658992004307,22.66082255233704,0.19113187743700166,4.5,1.8,0.0,15.0,0.0,
5,86,8.6,502,truck,302.21320150886186,0.04446263035443887,26.914338966869018,-0.3688792114900941,12.0,2.5,0.0,15.0,0.0,
5,86,8.6,503,car,-12.027820535399544,-2.002721587821228,-1.1660870598639543,-0.45411105934859874,4.5,1.8,0.0,15.0,0.0,
5,86,8.6,504,car,41.40803228115768,3.5278289492884523,0.78067645015039,0.12942785955919855,4.5,1.8,0.0,15.0,0.0,
5,87,8.700000000000001,500,motorcycle,-10.138338570733161,-11.412304410130075,-8.499259250441568,0.0032187770501723584,2.2,0.8,0.0,15.0,0.0,
5,87,8.700000000000001,501,car,237.9710595011955,-10.708013806505141,22.760791415605546,0.23124025900901363,4.5,1.8,0.0,15.0,0.0,
5,87,8.700000000000001,502,truck,304.8296804141522,-0.13243551861633593,26.94268086696848,-0.3716726679840163,12.0,2.5,0.0,15.0,0.0,
5,87,8.700000000000001,503,car,-12.287323058080556,-2.0052740771849296,-1.1795384178795303,-0.42757781307222525,4.5,1.8,0.0,15.0,0.0,
5,87,8.700000000000001,504,car,41.53027394763081,3.479945333089988,0.8123186883716003,0.1045326054274536,4.5,1.8,0.0,15.0,0.0,
5,88,8.8,500,motorcycle,-11.031552683095416,-11.465209673087195,-8.442710529051254,-0.010809842352545668,2.2,0.8,0.0,15.0,0.0,
5,88,8.8,501,car,240.38438296081247,-10.506541293585553,22.723855458762824,0.08519049327416695,4.5,1.8,0.0,15.0,0.0,
5,88,8.8,502,truck,307.62839945517624,-0.20379997515075166,26.89937154631188,-0.4011085732916647,12.0,2.5,0.0,15.0,0.0,
5,88,8.8,503,car,-12.446758282005112,-1.918312549422778,-1.1715428559136545,-0.36339788156681846,4.5,1.8,0.0,15.0,0.0,
5,88,8.8,504,car,41.66092782839582,3.4594755212376844,0.7928008282111374,0.13261304296493365,4.5,1.8,0.0,15.0,0.0,
5,89,8.9,500,motorcycle,-11.79378117306727,-11.366611388752363,-8.455787454620042,-0.0020495495323220488,2.2,0.8,0.0,15.0,0.0,
5,89,8.9,501,car,242.7151725476143,-10.536418746851822,22.667108457072686,0.04487693993906078,4.5,1.8,0.0,15.0,0.0,
5,89,8.9,502,truck,310.29423306555265,-0.17769011855788802,26.962320421090485,-0.46891093372839576,12.0,2.5,0.0,15.0,0.0,
5,89,8.9,503,car,-12.623647068989476,-1.990438587285785,-1.1318070042983224,-0.3898034083362435,4.5,1.8,0.0,15.0,0.0,
5,89,8.9,504,car,41.697234677722186,3.331537567819155,0.8169711940098003,0.12454308923510592,4.5,1.8,0.0,15.0,0.0,
5,90,9.0,500,motorcycle,-12.704764422027234,-11.392767666153805,-8.399437679523478,-0.0522938949483142,2.2,0.8,0.0,15.0,0.0,
5,90,9.0,501,car,244.8977174302112,-10.406705808111353,22.67089719847363,0.07836464477465666,4.5,1.8,0.0,15.0,0.0,
5,90,9.0,502,truck,313.03064029866226,-0.22811466716012246,26.944905465133058,-0.42733303260420485,12.0,2.5,0.0,15.0,0.0,
5,90,9.0,503,car,-12.620594112638193,-1.9210000934177998,-1.1910805859807065,-0.32455785744402704,4.5,1.8,0.0,15.0,0.0,
5,90,9.0,504,car,41.7431382717034,3.2684889229881824,0.8085048091713767,0.16609951099754253,4.5,1.8,0.0,15.0,0.0,
5,91,9.1,500,motorcycle,-13.490661771576773,-11.423535696834064,-8.35755438617958,-0.04530086591034245,2.2,0.8,0.0,15.0,0.0,
5,91,9.1,501,car,247.10751000350464,-10.469672871929737,22.69140894069471,0.07423875798387657,4.5,1.8,0.0,15.0,0.0,
5,91,9.1,502,truck,315.58758032983417,-0.18613182111359267,26.920891713701838,-0.34772705020476513,12.0,2.5,0.0,15.0,0.0,
5,91,9.1,503,car,-12.880001169751734,-1.9715267388012037,-1.2260794702026678,-0.373328983462894,4.5,1.8,0.0,15.0,0.0,
5,91,9.1,504,car,41.7753096809447,3.462155634991635,0.8156733176753519,0.12651410905767108,4.5,1.8,0.0,15.0,0.0,
5,92,9.200000000000001,500,motorcycle,-14.509280051228473,-11.600202038059866,-8.384377543385517,-0.07698526511727546,2.2,0.8,0.0,15.0,0.0,
5,92,9.200000000000001,501,car,249.35424582695066,-10.689467376174933,22.686824860942384,0.12562524674123196,4.5,1.8,0.0,15.0,0.0,
5,92,9.200000000000001,502,truck,318.44195362594076,-0.4103491409257831,26.880822075739882,-0.39043874325349187,12.0,2.5,0.0,15.0,0.0,
5,92,9.200000000000001,503,car,-12.988036974019437,-2.1308368839351384,-1.1419663077663338,-0.371152859878607,4.5,1.8,0.0,15.0,0.0,
5,92,9.200000000000001,504,car,41.84456238378232,3.6340784192756797,0.8148709364711845,0.14652927938260552,4.5,1.8,0.0,15.0,0.0,
5,93,9.3,500,motorcycle,-15.422797632896229,-11.744950771077033,-8.414895624960728,0.03236352682996575,2.2,0.8,0.0,15.0,0.0,
5,93,9.3,501,car,251.68623040787358,-10.649451367789705,22.638006191433124,0.17118778679042426,4.5,1.8,0.0,15.0,0.0,
5,93,9.3,502,truck,320.99426650608336,-0.6060986602193704,26.8528777195958,-0.2927141976554195,12.0,2.5,0.0,15.0,0.0,
5,93,9.3,503,car,-12.91244418155681,-2.2130758627480533,-1.175676258676233,-0.453170961906596,4.5,1.8,0.0,15.0,0.0,
5,93,9.3,504,car,41.933852549981445,3.664932622412752,0.8543487491810301,0.19206465504886372,4.5,1.8,0.0,15.0,0.0,
5,94,9.4,500,motorcycle,-16.284029387158768,-11.686111630918077,-8.449927568353054,0.05921565349800004,2.2,0.8,0.0,15.0,0.0,
5,94,9.4,501,car,253.89930781919844,-10.586386737513969,22.656931257697394,0.17462796807517747,4.5,1.8,0.0,15.0,0.0,
5,94,9.4,502,truck,323.7590082498589,-0.7924099871209809,26.799631908684752,-0.30621718133307124,12.0,2.5,0.0,15.0,0.0,
5,94,9.4,503,car,-13.174338146191765,-2.2990794103941834,-1.1944077734301106,-0.38768677257326134,4.5,1.8,0.0,15.0,0.0,
5,94,9.4,504,car,42.033540795128694,3.7870820455240257,0.869432485121516,0.16528129148726045,4.5,1.8,0.0,15.0,0.0,
5,95,9.5,500,motorcycle,-17.115650463219424,-11.60724743217506,-8.390257502030925,0.052600150351278366,2.2,0.8,0.0,15.0,0.0,
5,95,9.5,501,car,256.0002498805829,-10.74070416644864,22.64061062719155,0.057732893017778814,4.5,1.8,0.0,15.0,0.0,
5,95,9.5,502,truck,326.618481887301,-0.7633383821143147,26.76784855820989,-0.36169956103351103,12.0,2.5,0.0,15.0,0.0,
5,95,9.5,503,car,-13.190967013937165,-2.4492118032166097,-1.2453191116101632,-0.42598406957459595,4.5,1.8,0.0,15.0,0.0,
5,95,9.5,504,car,42.13189278509827,3.8656899185874916,0.9290660967922992,0.21752985643459555,4.5,1.8,0.0,15.0,0.0,
5,96,9.600000000000001,500,motorcycle,-17.954598842499042,-11.499935219764298,-8.423807482729744,-0.03844315037181996,2.2,0.8,0.0,15.0,0.0,
5,96,9.600000000000001,501,car,258.197197836131,-10.815556928574491,22.609011273601592,0.009764156555684356,4.5,1.8,0.0,15.0,0.0,
5,96,9.600000000000001,502,truck,329.24915578536405,-0.737506616808308,26.85361141334302,-0.4479668847464622,12.0,2.5,0.0,15.0,0.0,
5,96,9.600000000000001,503,car,-13.444272387788255,-2.570954836046886,-1.2070320177383336,-0.43623144172324846,4.5,1.8,0.0,15.0,0.0,
5,96,9.600000000000001,504,car,42.152388472467145,3.9591162050014934,0.9768856101093977,0.21659185846341403,4.5,1.8,0.0,15.0,0.0,
5,97,9.700000000000001,500,motorcycle,-18.87860151343407,-11.47675157807794,-8.435470893152372,-0.05049381256109299,2.2,0.8,0.0,15.0,0.0,
5,97,9.700000000000001,501,car,260.406858941631,-10.722082188186715,22.62150528491793,0.06154920065016587,4.5,1.8,0.0,15.0,0.0,
5,97,9.700000000000001,502,truck,332.06814954124616,-0.7364052283962902,26.828287557598763,-0.39595057313547294,12.0,2.5,0.0,15.0,0.0,
5,97,9.700000000000001,503,car,-13.518409119334253,-2.354241202538447,-1.1915268733135993,-0.40134703977254427,4.5,1.8,0.0,15.0,0.0,
5,97,9.700000000000001,504,car,42.279119422607685,3.970865531661023,0.9639460326300193,0.23130405069634236,4.5,1.8,0.0,15.0,0.0,
5,98,9.8,500,motorcycle,-19.670031027567923,-11.366362169369605,-8.420028365237183,-0.07363827133235444,2.2,0.8,0.0,15.0,0.0,
5,98,9.8,501,car,262.63632407046293,-10.848220962412016,22.704565977096546,0.03449051997412343,4.5,1.8,0.0,15.0,0.0,
5,98,9.8,502,truck,334.8477223430198,-0.7483451999655841,26.843474149140732,-0.4018229668990898,12.0,2.5,0.0,15.0,0.0,
5,98,9.8,503,car,-13.71634169552828,-2.491229446564899,-1.1051036038733524,-0.395648985830682,4.5,1.8,0.0,15.0,0.0,
5,98,9.8,504,car,42.48804080048945,4.132486630495182,0.9434036861250586,0.25247933899273456,4.5,1.8,0.0,15.0,0.0,
5,99,9.9,500,motorcycle,-20.507532786542505,-11.489447376804529,-8.429302364032395,-0.044262941820393066,2.2,0.8,0.0,15.0,0.0,
5,99,9.9,501,car,264.8568777426715,-10.87725622995179,22.695897634327263,0.14006698653962862,4.5,1.8,0.0,15.0,0.0,
5,99,9.9,502,truck,337.3486648642235,-0.7383631667527673,26.830807195278123,-0.4338557123242115,12.0,2.5,0.0,15.0,0.0,
5,99,9.9,503,car,-13.854639626631242,-2.464056720764625,-1.0688774241723245,-0.38634812970894433,4.5,1.8,0.0,15.0,0.0,
5,99,9.9,504,car,42.69165530074762,4.284617863904514,0.9842224832225894,0.22516971643537362,4.5,1.8,0.0,15.0,0.0,
6,0,0.0,600,car,25.0,-0.24063548781038246,-2.0,0.0,4.5,1.8,0.0,15.0,0.0,
6,0,0.0,601,pedestrian,84.27904111830668,4.992852825442535,-4.51421843777867,-0.28186517328914,0.5,0.5,0.0,15.0,0.0,
6,0,0.0,602,car,92.52771574090241,6.642085175228745,10.923040499543056,0.28126835482102636,4.5,1.8,0.0,15.0,0.0,
6,1,0.1,600,car,24.778490628861338,-0.34065590780896005,-1.948490730069925,0.03651284808084251,4.5,1.8,0.0,15.0,0.0,
6,1,0.1,601,pedestrian,83.72350055739844,4.835255551611367,-4.561814658578361,-0.25460151501477923,0.5,0.5,0.0,15.0,0.0,
6,1,0.1,602,car,93.64757708075297,6.749220281955419,10.906732988640526,0.235031642946021,4.5,1.8,0.0,15.0,0.0,
6,2,0.2,600,car,24.675526204695796,-0.3923494743459922,-1.9391633272772262,-0.0409833938749262,4.5,1.8,0.0,15.0,0.0,
6,2,0.2,601,pedestrian,83.21033804910832,4.910735032204041,-4.597628386911854,-0.21387632394220427,0.5,0.5,0.0,15.0,0.0,
6,2,0.2,602,car,94.5051484099982,6.716784280285703,10.89816525634662,0.32215865811314126,4.5,1.8,0.0,15.0,0.0,
6,3,0.30000000000000004,600,car,24.364703583966627,-0.3293484841887758,-1.8863167382147865,-0.07705787623713992,4.5,1.8,0.0,15.0,0.0,
6,3,0.30000000000000004,601,pedestrian,82.71322281553985,4.903510277191011,-4.6717026352714806,-0.2366314845352721,0.5,0.5,0.0,15.0,0.0,
6,3,0.30000000000000004,602,car,95.72257613972751,6.801265627183459,10.890327691872457,0.32781227620496545,4.5,1.8,0.0,15.0,0.0,
6,4,0.4,600,car,24.234162446698125,-0.25981325702147845,-1.9141374455837417,-0.00032182907315643494,4.5,1.8,0.0,15.0,0.0,
6,4,0.4,601,pedestrian,82.37768737213317,4.947572891772806,-4.713850628563775,-0.28764267987380177,0.5,0.5,0.0,15.0,0.0,
6,4,0.4,602,car,96.77894852925509,6.840123364568397,10.801903098594504,0.35254693288222827,4.5,1.8,0.0,15.0,0.0,
6,5,0.5,600,car,24.1714949285246,-0.20219802594570638,-1.9479400857239535,-0.040041998943180966,4.5,1.8,0.0,15.0,0.0,
6,5,0.5,601,pedestrian,81.9362875436942,4.903478252251608,-4.691698569850979,-0.25755661124352003,0.5,0.5,0.0,15.0,0.0,
6,5,0.5,602,car,97.968327892004,6.762165714963667,10.81298404598697,0.3343731826841621,4.5,1.8,0.0,15.0,0.0,
6,6,0.6000000000000001,600,car,23.96683741555867,-0.11976134057315008,-1.8992837920713914,0.029880183576001744,4.5,1.8,0.0,15.0,0.0,
6,6,0.6000000000000001,601,pedestrian,81.50967671174593,4.866720912051677,-4.704342493323499,-0.3442943613632535,0.5,0.5,0.0,15.0,0.0,
6,6,0.6000000000000001,602,car,99.18359980109256,6.763413191853517,10.838278898987117,0.3683230089712837,4.5,1.8,0.0,15.0,0.0,
6,7,0.7000000000000001,600,car,23.652377485446515,-0.20910796146151336,-1.8219327967186167,0.044401959360178954,4.5,1.8,0.0,15.0,0.0,
6,7,0.7000000000000001,601,pedestrian,80.98118389598372,4.8196567748025965,-4.650030648081857,-0.2975786373765383,0.5,0.5,0.0,15.0,0.0,
6,7,0.7000000000000001,602,car,100.1208195147673,6.963673877117834,10.88658630053705,0.36069924650420443,4.5,1.8,0.0,15.0,0.0,
6,8,0.8,600,car,23.351011961465982,-0.09926690151940293,-1.7981114217038858,-0.028487959543709314,4.5,1.8,0.0,15.0,0.0,
6,8,0.8,601,pedestrian,80.49297302363969,5.102516205344191,-4.6492055602111355,-0.3346771670933211,0.5,0.5,0.0,15.0,0.0,
6,8,0.8,602,car,101.10862848229034,7.176953700111197,10.928974275015936,0.4310712022000658,4.5,1.8,0.0,15.0,0.0,
6,9,0.9,600,car,23.19601934770481,0.02328622605950481,-1.8405274411812813,-0.0203584104979564,4.5,1.8,0.0,15.0,0.0,
6,9,0.9,601,pedestrian,80.05675781911586,5.207293181822381,-4.633263408204113,-0.36595275418013185,0.5,0.5,0.0,15.0,0.0,
6,9,0.9,602,car,102.20793329368398,7.052419500085179,10.812925838352422,0.47263827070548015,4.5,1.8,0.0,15.0,0.0,
6,10,1.0,600,car,22.974492214956047,-0.004891344888317602,-1.7989801072129505,0.049492108754273546,4.5,1.8,0.0,15.0,0.0,
6,10,1.0,601,pedestrian,79.64688027377821,5.363505189426149,-4.608128951501249,-0.3508420810011321,0.5,0.5,0.0,15.0,0.0,
6,10,1.0,602,car,103.31326475976968,6.971133770942365,10.860725768634428,0.35036496970471587,4.5,1.8,0.0,15.0,0.0,
6,11,1.1,600,car,22.735968918507172,0.0023509010438709996,-1.8384682233836187,0.026904312600632474,4.5,1.8,0.0,15.0,0.0,
6,11,1.1,601,pedestrian,79.3700049352508,5.4388233699042035,-4.642420335541586,-0.37432040654975096,0.5,0.5,0.0,15.0,0.0,
6,11,1.1,602,car,104.27163694177794,7.076669646513451,10.848238646113904,0.2520416461599885,4.5,1.8,0.0,15.0,0.0,
6,12,1.2000000000000002,600,car,22.562200455349814,0.048939220664116816,-1.7903111747248661,0.023236572871793728,4.5,1.8,0.0,15.0,0.0,
6,12,1.2000000000000002,601,pedestrian,78.868495785418,5.600017797298181,-4.642091027736608,-0.33834231496985423,0.5,0.5,0.0,15.0,0.0,
6,12,1.2000000000000002,602,car,105.30250684205171,7.170864776293032,10.775457196493699,0.2289382688740568,4.5,1.8,0.0,15.0,0.0,
6,13,1.3,600,car,22.262341913934723,-0.009234454235650565,-1.7277876727133126,-0.007379721593391165,4.5,1.8,0.0,15.0,0.0,
6,13,1.3,601,pedestrian,78.47611229519175,5.717910084006899,-4.643469893416774,-0.2886539597170402,0.5,0.5,0.0,15.0,0.0,
6,13,1.3,602,car,106.43316115751495,7.205402296238791,10.812972975959545,0.3209351733736495,4.5,1.8,0.0,15.0,0.0,
6,14,1.4000000000000001,600,car,22.025836255412536,-0.10589251641259717,-1.7786833999960798,0.04234167689343657,4.5,1.8,0.0,15.0,0.0,
6,14,1.4000000000000001,601,pedestrian,78.12470206816292,5.635340994701801,-4.750270570888741,-0.3223917967131945,0.5,0.5,0.0,15.0,0.0,
6,14,1.4000000000000001,602,car,107.56924387289159,7.230823499677872,10.821990363297314,0.29476795245986964,4.5,1.8,0.0,15.0,0.0,
6,15,1.5,600,car,21.949376827883903,-0.06733916854778987,-1.7493602263778898,0.050294961044770645,4.5,1.8,0.0,15.0,0.0,
6,15,1.5,601,pedestrian,77.70211182743512,5.648958983848578,-4.79667430229553,-0.3037386419444381,0.5,0.5,0.0,15.0,0.0,
6,15,1.5,602,car,108.73059372641598,7.375814441543344,10.8427957207115,0.24650542652329283,4.5,1.8,0.0,15.0,0.0,
6,16,1.6,600,car,21.693309072288717,-0.10582448056860591,-1.7398870309710635,0.04418315597939099,4.5,1.8,0.0,15.0,0.0,
6,16,1.6,601,pedestrian,77.11007119064247,5.505613116222629,-4.901600391040865,-0.45971238813783866,0.5,0.5,0.0,15.0,0.0,
6,16,1.6,602,car,109.80169511619164,7.6324880217099595,10.932634696901072,0.19759385591714426,4.5,1.8,0.0,15.0,0.0,
6,17,1.7000000000000002,600,car,21.53431069893067,-0.2478641159756834,-1.8054925075139696,-0.015690473902128,4.5,1.8,0.0,15.0,0.0,
6,17,1.7000000000000002,601,pedestrian,76.5973612830942,5.4413959163876475,-4.888965292500522,-0.4265515686526245,0.5,0.5,0.0,15.0,0.0,
6,17,1.7000000000000002,602,car,110.86127049354222,7.655867604367937,10.877944071566562,0.1303690047042852,4.5,1.8,0.0,15.0,0.0,
6,18,1.8,600,car,21.20386421357444,-0.18450838325307345,-1.8223878999183818,-0.10924648704334816,4.5,1.8,0.0,15.0,0.0,
6,18,1.8,601,pedestrian,76.10215585857578,5.273858626343777,-4.805946351551873,-0.4554926547319658,0.5,0.5,0.0,15.0,0.0,
6,18,1.8,602,car,112.01721549928078,7.777800807576864,10.830197648938709,0.1341713605820206,4.5,1.8,0.0,15.0,0.0,
6,19,1.9000000000000001,600,car,21.076972213721415,-0.1838784147163976,-1.8043328619528909,-0.17572795672130587,4.5,1.8,0.0,15.0,0.0,
6,19,1.9000000000000001,601,pedestrian,75.67696484539205,5.179692941453309,-4.788473790387666,-0.40949321245439263,0.5,0.5,0.0,15.0,0.0,
6,19,1.9000000000000001,602,car,113.16711611492649,7.826089916184014,10.862304063747935,0.16859191327645984,4.5,1.8,0.0,15.0,0.0,
6,20,2.0,600,car,21.04608904366452,-0.20485628033480527,-1.7961350122807715,-0.12912461627250027,4.5,1.8,0.0,15.0,0.0,
6,20,2.0,601,pedestrian,75.14907870537694,5.005216872940071,-4.763812281658527,-0.41979439668518986,0.5,0.5,0.0,15.0,0.0,
6,20,2.0,602,car,114.13259378012785,7.893003300449644,10.933860714499398,0.08710478596200553,4.5,1.8,0.0,15.0,0.0,
6,21,2.1,600,car,20.96870804195809,-0.47147549353662344,-1.8161493437898473,-0.037098820660371276,4.5,1.8,0.0,15.0,0.0,
6,21,2.1,601,pedestrian,74.6398650723598,4.9722312728536515,-4.725668971619849,-0.5056180723882224,0.5,0.5,0.0,15.0,0.0,
6,21,2.1,602,car,115.23318933166176,7.908135086241976,11.026976763161835,0.025317744412114367,4.5,1.8,0.0,15.0,0.0,
6,22,2.2,600,car,20.748939175934094,-0.5680209546850221,-1.8678699339744163,0.019271315692857643,4.5,1.8,0.0,15.0,0.0,
6,22,2.2,601,pedestrian,74.1699633253979,4.866112745972177,-4.751561266676976,-0.5337794262354922,0.5,0.5,0.0,15.0,0.0,
6,22,2.2,602,car,116.28850669023717,7.784222326254261,11.014040286033575,0.007357409829507135,4.5,1.8,0.0,15.0,0.0,
6,23,2.3000000000000003,600,car,20.48637251189632,-0.5505891974852388,-1.8558754599685083,-0.008561045021727737,4.5,1.8,0.0,15.0,0.0,
6,23,2.3000000000000003,601,pedestrian,73.68039378365357,5.028597176038713,-4.64553960374687,-0.586483935741979,0.5,0.5,0.0,15.0,0.0,
6,23,2.3000000000000003,602,car,117.29846596218167,7.679017739538012,11.066892983032186,-0.012569055149277576,4.5,1.8,0.0,15.0,0.0,
6,24,2.4000000000000004,600,car,20.3247523902591,-0.35174856865932325,-1.8563986996840314,0.0267513910661383,4.5,1.8,0.0,15.0,0.0,
6,24,2.4000000000000004,601,pedestrian,73.26788189820893,4.9111270472949204,-4.592581517159776,-0.6289689761969883,0.5,0.5,0.0,15.0,0.0,
6,24,2.4000000000000004,602,car,118.5391432391293,7.619015737502172,11.042994597005382,-0.06699344633061716,4.5,1.8,0.0,15.0,0.0,
6,25,2.5,600,car,20.046686579209034,-0.391749861785563,-1.977966127579562,0.015084774007358474,4.5,1.8,0.0,15.0,0.0,
6,25,2.5,601,pedestrian,72.7578263227688,4.927231259536405,-4.571432480241935,-0.6643508477519532,0.5,0.5,0.0,15.0,0.0,
6,25,2.5,602,car,119.59758762288725,7.5888545890170205,11.117292424729175,-0.10810868035343926,4.5,1.8,0.0,15.0,0.0,
6,26,2.6,600,car,19.776913899956014,-0.5030997995465423,-2.052068101551371,0.030434955188633216,4.5,1.8,0.0,15.0,0.0,
6,26,2.6,601,pedestrian,72.32097340785194,4.989072360044744,-4.519362029855588,-0.5444950120253628,0.5,0.5,0.0,15.0,0.0,
6,26,2.6,602,car,120.70192958860605,7.551990764602055,11.052281107472508,-0.07327977197962299,4.5,1.8,0.0,15.0,0.0,
6,27,2.7,600,car,19.58356051394551,-0.4349296735266106,-2.109024312513291,0.0480151646399682,4.5,1.8,0.0,15.0,0.0,
6,27,2.7,601,pedestrian,71.88955716666177,4.9485263628315765,-4.553525325265115,-0.48502877959769286,0.5,0.5,0.0,15.0,0.0,
6,27,2.7,602,car,122.0121884572511,7.433628384774331,11.088303306452156,-0.21717227954664245,4.5,1.8,0.0,15.0,0.0,
6,28,2.8000000000000003,600,car,19.439519077642426,-0.6171436187167892,-2.1352726799082538,-0.01763606844774432,4.5,1.8,0.0,15.0,0.0,
6,28,2.8000000000000003,601,pedestrian,71.41264348464031,4.983902854708591,-4.646390988451466,-0.5030027640734748,0.5,0.5,0.0,15.0,0.0,
6,28,2.8000000000000003,602,car,123.06968191101471,7.570016025206854,11.10989135684467,-0.2760331352103136,4.5,1.8,0.0,15.0,0.0,
6,29,2.9000000000000004,600,car,19.17886237174856,-0.46329680172301047,-2.0995544140695523,-0.0635477415680154,4.5,1.8,0.0,15.0,0.0,
6,29,2.9000000000000004,601,pedestrian,70.92129733195686,4.910091663460428,-4.673290084809256,-0.5885133718895592,0.5,0.5,0.0,15.0,0.0,
6,29,2.9000000000000004,602,car,124.11290887516017,7.68133264227236,11.090834132491612,-0.2811958167333595,4.5,1.8,0.0,15.0,0.0,
6,30,3.0,600,car,18.982959495026964,-0.2478374364085994,-2.099110675498704,-0.008850473888839833,4.5,1.8,0.0,15.0,0.0,
6,30,3.0,601,pedestrian,70.39415030627082,4.825300400221224,-4.672662448653742,-0.6272200189820284,0.5,0.5,0.0,15.0,0.0,
6,30,3.0,602,car,125.20162051034904,7.742018154180351,11.050815904437018,-0.2811913651851776,4.5,1.8,0.0,15.0,0.0,
6,31,3.1,600,car,18.843921782642685,-0.33116908867875783,-2.0443399858679565,-0.005206299903273698,4.5,1.8,0.0,15.0,0.0,
6,31,3.1,601,pedestrian,69.91037180507152,4.561763617743,-4.6913430707544155,-0.6086403981747632,0.5,0.5,0.0,15.0,0.0,
6,31,3.1,602,car,126.481236602673,7.7706879330729945,11.107126716025935,-0.34164659386627455,4.5,1.8,0.0,15.0,0.0,
6,32,3.2,600,car,18.626805534490593,-0.2096150744361988,-2.088726663387953,0.043054831545381436,4.5,1.8,0.0,15.0,0.0,
6,32,3.2,601,pedestrian,69.51456928445612,4.528371942770506,-4.707778202011214,-0.6579551559033849,0.5,0.5,0.0,15.0,0.0,
6,32,3.2,602,car,127.76948720368593,7.79970952545877,11.124157522259708,-0.3622890812763871,4.5,1.8,0.0,15.0,0.0,
6,33,3.3000000000000003,600,car,18.421720031110794,-0.1888378642846574,-2.0687328791512742,0.07977184596897816,4.5,1.8,0.0,15.0,0.0,
6,33,3.3000000000000003,601,pedestrian,68.96554431166949,4.315916730631467,-4.70356415944754,-0.745316022769623,0.5,0.5,0.0,15.0,0.0,
6,33,3.3000000000000003,602,car,128.84953685641253,7.712561634319955,11.14874493186979,-0.26315922950207166,4.5,1.8,0.0,15.0,0.0,
6,34,3.4000000000000004,600,car,18.020387680805314,0.046557823344080485,-2.0803866371072255,0.09716228007760716,4.5,1.8,0.0,15.0,0.0,
6,34,3.4000000000000004,601,pedestrian,68.35370467996236,4.341072285377137,-4.701490532629953,-0.7483893933290374,0.5,0.5,0.0,15.0,0.0,
6,34,3.4000000000000004,602,car,129.77067283810922,7.69362539275449,11.191036348060619,-0.2749731612762311,4.5,1.8,0.0,15.0,0.0,
6,35,3.5,600,car,17.929768951659003,0.16956356854097746,-2.112441406244268,0.1769179730174768,4.5,1.8,0.0,15.0,0.0,
6,35,3.5,601,pedestrian,67.88808512313187,4.271207871123016,-4.696541471499817,-0.7449236057819811,0.5,0.5,0.0,15.0,0.0,
6,35,3.5,602,car,130.62676313724944,7.647577436807895,11.122839024477496,-0.19365637616544729,4.5,1.8,0.0,15.0,0.0,
6,36,3.6,600,car,17.877133110206696,0.2724491990882839,-2.1243647781112123,0.1265172261872919,4.5,1.8,0.0,15.0,0.0,
6,36,3.6,601,pedestrian,67.35267287585432,4.390979701187422,-4.731151340825815,-0.8627033735012843,0.5,0.5,0.0,15.0,0.0,
6,36,3.6,602,car,131.84206359054573,7.778262110553139,11.205799808835822,-0.14173897595298085,4.5,1.8,0.0,15.0,0.0,
6,37,3.7,600,car,17.78484860011905,0.2903943291123673,-2.2281795592857954,0.12791127826229257,4.5,1.8,0.0,15.0,0.0,
6,37,3.7,601,pedestrian,66.94171501901369,4.291182358180668,-4.740193146762796,-0.9109092754522005,0.5,0.5,0.0,15.0,0.0,
6,37,3.7,602,car,132.8624696971021,7.947903064434448,11.29951712732983,-0.14187133251528602,4.5,1.8,0.0,15.0,0.0,
6,38,3.8000000000000003,600,car,17.590183004699764,0.20509965123489465,-2.196050816788823,0.21589373684300256,4.5,1.8,0.0,15.0,0.0,
6,38,3.8000000000000003,601,pedestrian,66.31477262634293,4.246479760605688,-4.713242034630544,-0.8845289497077375,0.5,0.5,0.0,15.0,0.0,
6,38,3.8000000000000003,602,car,134.15670317661994,8.137317752400035,11.287842943436196,-0.10821264890746812,4.5,1.8,0.0,15.0,0.0,
6,39,3.9000000000000004,600,car,17.379001293593486,0.16347749562522532,-2.182510108944772,0.24946871326801495,4.5,1.8,0.0,15.0,0.0,
6,39,3.9000000000000004,601,pedestrian,65.86514129142157,4.069908744686302,-4.736420066623328,-0.9073243207164704,0.5,0.5,0.0,15.0,0.0,
6,39,3.9000000000000004,602,car,135.2012430754705,8.157850445669855,11.30874854825085,-0.05923676886310831,4.5,1.8,0.0,15.0,0.0,
6,40,4.0,600,car,17.074988047882947,0.13067649832914746,-2.10478163634821,0.24124392006436896,4.5,1.8,0.0,15.0,0.0,
6,40,4.0,601,pedestrian,65.3945123876844,3.96166594047509,-4.679768525687246,-0.8487338866807189,0.5,0.5,0.0,15.0,0.0,
6,40,4.0,602,car,136.44343874035448,8.154583529919298,11.2651267493764,0.037023885024854424,4.5,1.8,0.0,15.0,0.0,
6,41,4.1000000000000005,600,car,16.950140781943677,0.1091349921963454,-2.03359069400099,0.21446347430141421,4.5,1.8,0.0,15.0,0.0,
6,41,4.1000000000000005,601,pedestrian,65.06760587543454,4.024621010745467,-4.7258426642712985,-0.8196459715296709,0.5,0.5,0.0,15.0,0.0,
6,41,4.1000000000000005,602,car,137.64817048568824,8.419776838380418,11.228011693494707,0.10865104887454588,4.5,1.8,0.0,15.0,0.0,
6,42,4.2,600,car,16.748516314346933,0.006444921268429882,-2.039590052492704,0.21458671235639956,4.5,1.8,0.0,15.0,0.0,
6,42,4.2,601,pedestrian,64.48913258969587,3.973873775477653,-4.677952201496369,-0.8077359388265702,0.5,0.5,0.0,15.0,0.0,
6,42,4.2,602,car,138.7167872460997,8.415794736427175,11.227784525655036,0.11951713024859831,4.5,1.8,0.0,15.0,0.0,
6,43,4.3,600,car,16.655540385321665,0.055097567842678774,-2.1097248839241893,0.186470658756965,4.5,1.8,0.0,15.0,0.0,
6,43,4.3,601,pedestrian,64.03793947463589,4.005512630090407,-4.613059879419541,-0.7190016717471974,0.5,0.5,0.0,15.0,0.0,
6,43,4.3,602,car,139.85262713842314,8.504077367002285,11.155061448934887,0.14101120890667246,4.5,1.8,0.0,15.0,0.0,
6,44,4.4,600,car,16.33704148678316,0.0674907141429003,-1.9582329644805823,0.2016483705664865,4.5,1.8,0.0,15.0,0.0,
6,44,4.4,601,pedestrian,63.4902521647759,3.9743913635114776,-4.638913638749009,-0.767038877405075,0.5,0.5,0.0,15.0,0.0,
6,44,4.4,602,car,141.17844723665567,8.624859690519626,11.172338280184675,0.12142004439429539,4.5,1.8,0.0,15.0,0.0,
6,45,4.5,600,car,16.11013924203788,0.24190373788396402,-1.9429040875973538,0.047508113419045817,4.5,1.8,0.0,15.0,0.0,
6,45,4.5,601,pedestrian,63.268454652466886,3.9159937114681984,-4.621745188462268,-0.7127041367333352,0.5,0.5,0.0,15.0,0.0,
6,45,4.5,602,car,142.3422213474053,8.711692556730736,11.15115210681643,0.05993027819597606,4.5,1.8,0.0,15.0,0.0,
6,46,4.6000000000000005,600,car,15.943872111425465,0.3898160144533276,-1.9752942155165096,0.011106913678056995,4.5,1.8,0.0,15.0,0.0,
6,46,4.6000000000000005,601,pedestrian,62.92838205965865,3.798998777280756,-4.6422731841539875,-0.7313613503806473,0.5,0.5,0.0,15.0,0.0,
6,46,4.6000000000000005,602,car,143.4508384599879,8.56032177496013,11.124185101189347,0.07144867915296216,4.5,1.8,0.0,15.0,0.0,
6,47,4.7,600,car,15.768666483491296,0.5067260110790921,-1.8833246044067693,0.08673108601127716,4.5,1.8,0.0,15.0,0.0,
6,47,4.7,601,pedestrian,62.55561997965065,3.7109891831659705,-4.673426637651832,-0.7304674287552272,0.5,0.5,0.0,15.0,0.0,
6,47,4.7,602,car,144.62181484708412,8.649660422699991,11.15533938786514,0.06538990558415952,4.5,1.8,0.0,15.0,0.0,
6,48,4.800000000000001,600,car,15.659020247034846,0.64148637018857,-1.8393165852033921,0.08513043325310721,4.5,1.8,0.0,15.0,0.0,
6,48,4.800000000000001,601,pedestrian,62.00489244663487,3.552185697351637,-4.707487518831441,-0.7176136688214807,0.5,0.5,0.0,15.0,0.0,
6,48,4.800000000000001,602,car,145.7893291612262,8.514746181464005,11.130139632446962,0.07755417884942922,4.5,1.8,0.0,15.0,0.0,
6,49,4.9,600,car,15.385120597504745,0.6933898288198411,-1.8546879997492205,0.04895941966964437,4.5,1.8,0.0,15.0,0.0,
6,49,4.9,601,pedestrian,61.53946423799662,3.519652363427399,-4.7499139645449375,-0.729744287812183,0.5,0.5,0.0,15.0,0.0,
6,49,4.9,602,car,146.9491109622016,8.446292581017271,11.047251790425767,0.0007254865649414938,4.5,1.8,0.0,15.0,0.0,
6,50,5.0,600,car,15.157846711124126,0.5664439431562917,-1.8720740945080327,0.1322065622282783,4.5,1.8,0.0,15.0,0.0,
6,50,5.0,601,pedestrian,60.92661300277326,3.4184174494984108,-4.643298736831368,-0.7093377836633975,0.5,0.5,0.0,15.0,0.0,
6,50,5.0,602,car,148.01706381249662,8.430676866221841,11.068719915845431,0.0855140830963135,4.5,1.8,0.0,15.0,0.0,
6,51,5.1000000000000005,600,car,14.917553940925599,0.5039035710902913,-1.9410145311470441,0.13736136385376851,4.5,1.8,0.0,15.0,0.0,
6,51,5.1000000000000005,601,pedestrian,60.32171439210833,3.3011054086498914,-4.688732908886886,-0.6556316081516922,0.5,0.5,0.0,15.0,0.0,
6,51,5.1000000000000005,602,car,149.07309616534448,8.478921307332035,10.988515315761003,0.09208943081895578,4.5,1.8,0.0,15.0,0.0,
6,52,5.2,600,car,14.603136457224819,0.4750748574826822,-1.8304544024342329,0.1839700827158127,4.5,1.8,0.0,15.0,0.0,
6,52,5.2,601,pedestrian,59.839999842936514,3.5554364388130417,-4.734491643405551,-0.5973707890479241,0.5,0.5,0.0,15.0,0.0,
6,52,5.2,602,car,150.01868025123585,8.463737974649137,10.921125828251975,0.10495322657349952,4.5,1.8,0.0,15.0,0.0,
6,53,5.300000000000001,600,car,14.42568804233927,0.46270538583590526,-1.7758515511779176,0.15561513406567318,4.5,1.8,0.0,15.0,0.0,
6,53,5.300000000000001,601,pedestrian,59.39923585337669,3.577754853935383,-4.808652703850361,-0.6347915061316433,0.5,0.5,0.0,15.0,0.0,
6,53,5.300000000000001,602,car,151.1161789307926,8.537248639249318,10.992187716548052,0.0941592366371035,4.5,1.8,0.0,15.0,0.0,
6,54,5.4,600,car,14.21645578295649,0.3910072962211062,-1.759352346569066,0.1407592553807686,4.5,1.8,0.0,15.0,0.0,
6,54,5.4,601,pedestrian,58.890967356709076,3.504886852733368,-4.781071300745843,-0.6629780337906063,0.5,0.5,0.0,15.0,0.0,
6,54,5.4,602,car,152.13818189355655,8.589836981526439,10.840901471453924,0.06397532795401922,4.5,1.8,0.0,15.0,0.0,
6,55,5.5,600,car,13.925389598358848,0.5254090440608619,-1.7813989846962108,0.11272344961740707,4.5,1.8,0.0,15.0,0.0,
6,55,5.5,601,pedestrian,58.407997978109165,3.3790518065078157,-4.80120370865352,-0.6581225132694482,0.5,0.5,0.0,15.0,0.0,
6,55,5.5,602,car,153.1800679972513,8.553312769094637,10.790393587768358,0.0062861409279926644,4.5,1.8,0.0,15.0,0.0,
6,56,5.6000000000000005,600,car,13.753313389648255,0.5673414400011848,-1.8528068168854084,0.15072052038644945,4.5,1.8,0.0,15.0,0.0,
6,56,5.6000000000000005,601,pedestrian,58.00428237122629,3.4107084690087333,-4.78620925441649,-0.6262684082549983,0.5,0.5,0.0,15.0,0.0,
6,56,5.6000000000000005,602,car,154.477609940486,8.523789223099707,10.73810901272388,-0.07041685323308042,4.5,1.8,0.0,15.0,0.0,
6,57,5.7,600,car,13.743600100982945,0.7592922179096955,-1.89903680398212,0.11435447975252161,4.5,1.8,0.0,15.0,0.0,
6,57,5.7,601,pedestrian,57.49326234203153,3.470507315397832,-4.850574364340505,-0.7245993844994421,0.5,0.5,0.0,15.0,0.0,
6,57,5.7,602,car,155.7681722894146,8.547984866468406,10.760829678019808,-0.08067215349308007,4.5,1.8,0.0,15.0,0.0,
6,58,5.800000000000001,600,car,13.600274912956536,0.6193070775508491,-1.9410828323251315,0.11961237397865188,4.5,1.8,0.0,15.0,0.0,
6,58,5.800000000000001,601,pedestrian,56.781115816307455,3.3677956155664646,-4.868782582857226,-0.7397338960969602,0.5,0.5,0.0,15.0,0.0,
6,58,5.800000000000001,602,car,156.7891470764345,8.440328458531647,10.669728085506263,-0.07343480113470947,4.5,1.8,0.0,15.0,0.0,
6,59,5.9,600,car,13.3761542310444,0.4937401602918465,-1.9379561616834429,0.10486486422501656,4.5,1.8,0.0,15.0,0.0,
6,59,5.9,601,pedestrian,56.248135162855526,3.0781327372760234,-4.834644207241832,-0.8013864481024167,0.5,0.5,0.0,15.0,0.0,
6,59,5.9,602,car,157.86244691046923,8.352158134074907,10.650291759628864,-0.01582017654721392,4.5,1.8,0.0,15.0,0.0,
6,60,6.0,600,car,13.235520434956392,0.6172306413432952,-1.9214368869523641,0.1246720434420556,4.5,1.8,0.0,15.0,0.0,
6,60,6.0,601,pedestrian,55.58655684210873,2.9662415930791264,-4.845889653834262,-0.7402032070848179,0.5,0.5,0.0,15.0,0.0,
6,60,6.0,602,car,158.8768531536414,8.377062067325799,10.661579626783102,0.04206358146682245,4.5,1.8,0.0,15.0,0.0,
6,61,6.1000000000000005,600,car,13.030002338030544,0.7124765405568154,-2.0066801436592403,0.04397107179485851,4.5,1.8,0.0,15.0,0.0,
6,61,6.1000000000000005,601,pedestrian,54.87363344226285,2.9708197698839776,-4.812206306944825,-0.6953618283898538,0.5,0.5,0.0,15.0,0.0,
6,61,6.1000000000000005,602,car,159.8752749327491,8.324913659719014,10.655527244649987,0.11424854661420525,4.5,1.8,0.0,15.0,0.0,
6,62,6.2,600,car,12.998717136426825,0.7962544967204375,-1.9901291574190652,0.1107402066798648,4.5,1.8,0.0,15.0,0.0,
6,62,6.2,601,pedestrian,54.36682856585342,2.8621894339967624,-4.818657412975515,-0.7442975468608327,0.5,0.5,0.0,15.0,0.0,
6,62,6.2,602,car,160.92332672077694,8.22459771000204,10.706777635594966,0.14143291616585615,4.5,1.8,0.0,15.0,0.0,
6,63,6.300000000000001,600,car,12.9426604604397,0.644400237097005,-1.8950443100729615,0.032116435990192774,4.5,1.8,0.0,15.0,0.0,
6,63,6.300000000000001,601,pedestrian,53.76513201704754,2.7256775246243703,-4.753271378377022,-0.7330188719994041,0.5,0.5,0.0,15.0,0.0,
6,63,6.300000000000001,602,car,161.9696215592843,8.15947825815411,10.637980878061931,0.1980642823505067,4.5,1.8,0.0,15.0,0.0,
6,64,6.4,600,car,12.833019955537267,0.7828569184052593,-1.8752034037239054,-0.09998868693758396,4.5,1.8,0.0,15.0,0.0,
6,64,6.4,601,pedestrian,53.16534658594169,2.698862768009101,-4.771757229638823,-0.7609609703458105,0.5,0.5,0.0,15.0,0.0,
6,64,6.4,602,car,162.92309697060153,8.274043643130614,10.660790509932648,0.22312384349591283,4.5,1.8,0.0,15.0,0.0,
6,65,6.5,600,car,12.58213939028637,0.7904868256014818,-1.9420916500337295,-0.10648008597989364,4.5,1.8,0.0,15.0,0.0,
6,65,6.5,601,pedestrian,52.43537790511849,2.4659550570610644,-4.7878728218514235,-0.6422050630320638,0.5,0.5,0.0,15.0,0.0,
6,65,6.5,602,car,163.8091017142523,8.17199796822622,10.671629249767289,0.311594988796643,4.5,1.8,0.0,15.0,0.0,
6,66,6.6000000000000005,600,car,12.408147474981805,0.8500530022339081,-1.9589718375675533,-0.13201116542686248,4.5,1.8,0.0,15.0,0.0,
6,66,6.6000000000000005,601,pedestrian,51.964809058140126,2.3359056116952477,-4.751659354915536,-0.722518657979343,0.5,0.5,0.0,15.0,0.0,
6,66,6.6000000000000005,602,car,164.96526334248574,8.20708876833616,10.660893206337246,0.2294457607873219,4.5,1.8,0.0,15.0,0.0,
6,67,6.7,600,car,12.114271424025262,0.9567170330045397,-1.9694017874692216,-0.11809124213322142,4.5,1.8,0.0,15.0,0.0,
6,67,6.7,601,pedestrian,51.401689921317036,2.2607482822747684,-4.820266957321535,-0.7175245452649487,0.5,0.5,0.0,15.0,0.0,
6,67,6.7,602,car,166.06841675284647,8.262094817133393,10.615713964812738,0.21234321158229683,4.5,1.8,0.0,15.0,0.0,
6,68,6.800000000000001,600,car,11.971050659876502,0.9237641492634077,-1.983767056586227,-0.022917861701943598,4.5,1.8,0.0,15.0,0.0,
6,68,6.800000000000001,601,pedestrian,50.824564313698275,2.297037674557172,-4.878000990496782,-0.684785490976378,0.5,0.5,0.0,15.0,0.0,
6,68,6.800000000000001,602,car,167.20080340514014,8.23229262278592,10.554840122169633,0.11382155139212594,4.5,1.8,0.0,15.0,0.0,
6,69,6.9,600,car,11.711162603325345,0.9740942278884457,-2.037648464441206,-0.018070432655757196,4.5,1.8,0.0,15.0,0.0,
6,69,6.9,601,pedestrian,50.18912123485751,2.2051703062491375,-4.9353531857067185,-0.6886845160710994,0.5,0.5,0.0,15.0,0.0,
6,69,6.9,602,car,168.20617947039634,8.124638164301373,10.521896448275186,0.06711370828002627,4.5,1.8,0.0,15.0,0.0,
6,70,7.0,600,car,11.376005286857485,1.0805617671518117,-2.055657207663752,-0.12818170510944046,4.5,1.8,0.0,15.0,0.0,
6,70,7.0,601,pedestrian,49.63325783552737,2.2277730260238537,-4.973421117369587,-0.613797322164418,0.5,0.5,0.0,15.0,0.0,
6,70,7.0,602,car,169.1727029097277,8.181690340711022,10.573728377504736,0.08962340689559793,4.5,1.8,0.0,15.0,0.0,
6,71,7.1000000000000005,600,car,11.032990168627007,0.9734967389487112,-1.997153658144423,-0.16841227792603933,4.5,1.8,0.0,15.0,0.0,
6,71,7.1000000000000005,601,pedestrian,49.23348337518063,2.1233648216259176,-4.966349251408629,-0.6831026860154655,0.5,0.5,0.0,15.0,0.0,
6,71,7.1000000000000005,602,car,170.1692489900069,8.10312204335661,10.585008360032644,0.09428328588139205,4.5,1.8,0.0,15.0,0.0,
6,72,7.2,600,car,10.879539792437127,0.9076032608468401,-2.0436651617091517,-0.15927582364882395,4.5,1.8,0.0,15.0,0.0,
6,72,7.2,601,pedestrian,48.63388955973907,2.16289680566663,-4.972075370738085,-0.6994094415007134,0.5,0.5,0.0,15.0,0.0,
6,72,7.2,602,car,171.2739673882852,8.104913922001577,10.502105774190884,0.04121179091192037,4.5,1.8,0.0,15.0,0.0,
6,73,7.300000000000001,600,car,10.780944146652672,0.900064113266416,-2.1277435518273236,-0.14167022031306564,4.5,1.8,0.0,15.0,0.0,
6,73,7.300000000000001,601,pedestrian,48.08075614067829,2.0055058662656804,-5.029319007019777,-0.649412967934779,0.5,0.5,0.0,15.0,0.0,
6,73,7.300000000000001,602,car,172.12762812850374,8.025281893648819,10.508112112486446,0.1201299443570952,4.5,1.8,0.0,15.0,0.0,
6,74,7.4,600,car,10.62355561110497,0.8012946296818292,-2.0512758791219827,-0.20942639029831428,4.5,1.8,0.0,15.0,0.0,
6,74,7.4,601,pedestrian,47.604357856511825,1.9893430340474239,-5.073374786179799,-0.6145333153403663,0.5,0.5,0.0,15.0,0.0,
6,74,7.4,602,car,173.1270503268583,8.106809130836325,10.416132337857135,0.13687874886853893,4.5,1.8,0.0,15.0,0.0,
6,75,7.5,600,car,10.377217355923412,0.8953223689487799,-2.05347491561053,-0.14696491361230832,4.5,1.8,0.0,15.0,0.0,
6,75,7.5,601,pedestrian,47.14778165439716,1.9151388566085714,-5.0339913206990845,-0.5748303921140102,0.5,0.5,0.0,15.0,0.0,
6,75,7.5,602,car,174.21585456109312,7.891266868260661,10.367004313318915,0.2060840411938351,4.5,1.8,0.0,15.0,0.0,
6,76,7.6000000000000005,600,car,10.046275278818833,0.9688719925941298,-2.018152282771547,-0.1832525316914098,4.5,1.8,0.0,15.0,0.0,
6,76,7.6000000000000005,601,pedestrian,46.44485935961558,1.8007645576023779,-4.930090568517434,-0.6179942567244779,0.5,0.5,0.0,15.0,0.0,
6,76,7.6000000000000005,602,car,175.1731292579651,7.812117031349062,10.427743537146391,0.1939382556125798,4.5,1.8,0.0,15.0,0.0,
6,77,7.7,600,car,9.781869427646763,1.091894141144524,-1.98917757837477,-0.22921704377692276,4.5,1.8,0.0,15.0,0.0,
6,77,7.7,601,pedestrian,45.82949191165766,1.8547821284179273,-4.929251160330348,-0.6954474577172836,0.5,0.5,0.0,15.0,0.0,
6,77,7.7,602,car,176.03759204299035,7.7199069853903435,10.365769307741239,0.09163440706750797,4.5,1.8,0.0,15.0,0.0,
6,78,7.800000000000001,600,car,9.473000971144437,0.9770643806024463,-2.0123116427939984,-0.14457154152053714,4.5,1.8,0.0,15.0,0.0,
6,78,7.800000000000001,601,pedestrian,45.3098824684148,1.7684798988717774,-4.903788392140401,-0.7073133612706115,0.5,0.5,0.0,15.0,0.0,
6,78,7.800000000000001,602,car,177.11418427015315,7.757131913792268,10.371898736021201,0.2299577112884559,4.5,1.8,0.0,15.0,0.0,
6,79,7.9,600,car,9.362882391269471,0.8544350279797195,-1.9938005334845403,-0.18415838185352315,4.5,1.8,0.0,15.0,0.0,
6,79,7.9,601,pedestrian,44.864128705606745,1.5602298210338892,-4.959177364544599,-0.6901179831461052,0.5,0.5,0.0,15.0,0.0,
6,79,7.9,602,car,178.25114105511508,7.830392119796415,10.414604602747962,0.2486486392266482,4.5,1.8,0.0,15.0,0.0,
6,80,8.0,600,car,9.18075194782425,0.7856498623685235,-1.9531504430487006,-0.13291442021219108,4.5,1.8,0.0,15.0,0.0,
6,80,8.0,601,pedestrian,44.36189940001931,1.4795254185414128,-4.879607073958487,-0.6911390721369163,0.5,0.5,0.0,15.0,0.0,
6,80,8.0,602,car,179.30017010242648,7.90367957449437,10.409714289950255,0.20763162308949346,4.5,1.8,0.0,15.0,0.0,
6,81,8.1,600,car,9.023233461071733,0.7684829193450723,-1.8610379552249756,-0.09349199269757227,4.5,1.8,0.0,15.0,0.0,
6,81,8.1,601,pedestrian,43.81439046397916,1.4833175332467587,-4.864213782221938,-0.6256677570396406,0.5,0.5,0.0,15.0,0.0,
6,81,8.1,602,car,180.2886961101386,7.943310351639271,10.404759607495631,0.21055559424240844,4.5,1.8,0.0,15.0,0.0,
6,82,8.200000000000001,600,car,8.74860977064884,0.8167248868666328,-1.8401397414325007,-0.029230811851482505,4.5,1.8,0.0,15.0,0.0,
6,82,8.200000000000001,601,pedestrian,43.326966500558285,1.3795668067179812,-4.824749063324736,-0.6653779761196248,0.5,0.5,0.0,15.0,0.0,
6,82,8.200000000000001,602,car,181.43767052439657,8.072650110804881,10.467623552552352,0.2293867434763831,4.5,1.8,0.0,15.0,0.0,
6,83,8.3,600,car,8.515946158245814,0.8247205783120208,-1.8211362966785405,-0.057237894110876306,4.5,1.8,0.0,15.0,0.0,
6,83,8.3,601,pedestrian,42.977803223118336,1.3710374258628728,-4.869360211090837,-0.5712342922963359,0.5,0.5,0.0,15.0,0.0,
6,83,8.3,602,car,182.4941718071688,7.986178480867522,10.426110846414987,0.3037759233346503,4.5,1.8,0.0,15.0,0.0,
6,84,8.4,600,car,8.516331020199644,0.919945294249025,-1.7551708642491837,0.0035928788290542496,4.5,1.8,0.0,15.0,0.0,
6,84,8.4,601,pedestrian,42.546558817285664,1.3468181754143318,-4.842367051367006,-0.5344335201391712,0.5,0.5,0.0,15.0,0.0,
6,84,8.4,602,car,183.46262309115767,8.089751946132198,10.499041688779839,0.29345730191819874,4.5,1.8,0.0,15.0,0.0,
6,85,8.5,600,car,8.309489155242547,0.967959213055797,-1.7876537417695906,-0.06224805200232106,4.5,1.8,0.0,15.0,0.0,
6,85,8.5,601,pedestrian,42.17709401615948,1.2482796973980714,-4.841444622430996,-0.5649397721895745,0.5,0.5,0.0,15.0,0.0,
6,85,8.5,602,car,184.64020274152696,8.204415292152419,10.487004711722154,0.23446243368006114,4.5,1.8,0.0,15.0,0.0,
6,86,8.6,600,car,8.096030800579767,1.0187496778505363,-1.7782219565656023,-0.056793149779721705,4.5,1.8,0.0,15.0,0.0,
6,86,8.6,601,pedestrian,41.71411942986336,1.26766534332893,-4.843537582634248,-0.5424390996665993,0.5,0.5,0.0,15.0,0.0,
6,86,8.6,602,car,185.59021129192467,8.483246613217958,10.47281174575634,0.24464208407426002,4.5,1.8,0.0,15.0,0.0,
6,87,8.700000000000001,600,car,7.974855157401827,0.9719913116325101,-1.777830716853129,-0.05700938604688295,4.5,1.8,0.0,15.0,0.0,
6,87,8.700000000000001,601,pedestrian,41.1383618623426,1.257280375916234,-4.925998674547184,-0.4548036775457686,0.5,0.5,0.0,15.0,0.0,
6,87,8.700000000000001,602,car,186.71678955499814,8.571623057390722,10.385979640134678,0.205015650409609,4.5,1.8,0.0,15.0,0.0,
6,88,8.8,600,car,7.93600659779702,1.3814145127317818,-1.7180960936002776,-0.0051622155343354,4.5,1.8,0.0,15.0,0.0,
6,88,8.8,601,pedestrian,40.6982594176993,1.1270502885906404,-4.876239970387168,-0.5098640444006151,0.5,0.5,0.0,15.0,0.0,
6,88,8.8,602,car,187.63432900249762,8.464771689887835,10.434765772459759,0.2021449476632339,4.5,1.8,0.0,15.0,0.0,
6,89,8.9,600,car,7.77428279842743,1.3793578974732799,-1.7743819206601887,-0.038698760835205605,4.5,1.8,0.0,15.0,0.0,
6,89,8.9,601,pedestrian,40.14859280003523,0.9355367394280429,-4.901450475152186,-0.563929367220427,0.5,0.5,0.0,15.0,0.0,
6,89,8.9,602,car,188.7355731426303,8.55108329105084,10.370083816327764,0.18731335945083388,4.5,1.8,0.0,15.0,0.0,
6,90,9.0,600,car,7.782450594493082,1.27741173162193,-1.7530500297704354,-0.03342266413506138,4.5,1.8,0.0,15.0,0.0,
6,90,9.0,601,pedestrian,39.767736508304104,0.9086904868417409,-4.923015249048373,-0.5605911611467828,0.5,0.5,0.0,15.0,0.0,
6,90,9.0,602,car,189.78071851865846,8.560645108767643,10.304128243561562,0.24946778983072848,4.5,1.8,0.0,15.0,0.0,
6,91,9.1,600,car,7.7137889503024715,1.1696505625214382,-1.768086311379623,-0.04467694760277218,4.5,1.8,0.0,15.0,0.0,
6,91,9.1,601,pedestrian,39.159783103349305,0.6659517439508359,-4.95654488164399,-0.5784112781593423,0.5,0.5,0.0,15.0,0.0,
6,91,9.1,602,car,190.6670080096782,8.603289664159265,10.36227105872738,0.2915735971389919,4.5,1.8,0.0,15.0,0.0,
6,92,9.200000000000001,600,car,7.524311753848637,0.9811416981090412,-1.7323011943466706,-0.037357339149544276,4.5,1.8,0.0,15.0,0.0,
6,92,9.200000000000001,601,pedestrian,38.70656372610671,0.8017208961651531,-4.997785463120523,-0.7221520748154445,0.5,0.5,0.0,15.0,0.0,
6,92,9.200000000000001,602,car,191.59788965776997,8.681051530699946,10.363617353814782,0.2307917906590578,4.5,1.8,0.0,15.0,0.0,
6,93,9.3,600,car,7.209109896096327,0.9419450626123472,-1.794605927840761,-0.011325668236818007,4.5,1.8,0.0,15.0,0.0,
6,93,9.3,601,pedestrian,38.16564249093203,0.6667939002504375,-5.035699283266673,-0.7089959384864148,0.5,0.5,0.0,15.0,0.0,
6,93,9.3,602,car,192.63851231552746,8.724326436752111,10.372623826005071,0.22718201382922248,4.5,1.8,0.0,15.0,0.0,
6,94,9.4,600,car,6.926336244966442,0.8677744831155392,-1.8143396730977077,0.0919340936675981,4.5,1.8,0.0,15.0,0.0,
6,94,9.4,601,pedestrian,37.52718893056368,0.553996656070107,-5.030785930261149,-0.7241625761500394,0.5,0.5,0.0,15.0,0.0,
6,94,9.4,602,car,193.78317165227176,8.716194845084747,10.360896756047541,0.2679134395100383,4.5,1.8,0.0,15.0,0.0,
6,95,9.5,600,car,6.925973443948508,1.0177177298771318,-1.821172367303165,0.08945838308097794,4.5,1.8,0.0,15.0,0.0,
6,95,9.5,601,pedestrian,37.02878226201599,0.49628033930136156,-5.07315333597854,-0.6773328862072675,0.5,0.5,0.0,15.0,0.0,
6,95,9.5,602,car,194.8399222406488,8.738500570154219,10.297339487219588,0.27102774993456896,4.5,1.8,0.0,15.0,0.0,
6,96,9.600000000000001,600,car,6.554534976896112,0.9684986337820064,-1.849327252627125,0.10380814273535888,4.5,1.8,0.0,15.0,0.0,
6,96,9.600000000000001,601,pedestrian,36.709451930912664,0.4857377972471785,-5.000733232346759,-0.6450722775520886,0.5,0.5,0.0,15.0,0.0,
6,96,9.600000000000001,602,car,195.98216153833954,8.951316080441988,10.260747645604475,0.23117252822799378,4.5,1.8,0.0,15.0,0.0,
6,97,9.700000000000001,600,car,6.436483341681131,0.9785116026493177,-1.838309560986777,0.09137479812999084,4.5,1.8,0.0,15.0,0.0,
6,97,9.700000000000001,601,pedestrian,36.14975273597552,0.5833070363694722,-5.0557262880377545,-0.6107526645900114,0.5,0.5,0.0,15.0,0.0,
6,97,9.700000000000001,602,car,197.06065913147302,8.816532003507763,10.219208629104795,0.19803800018050038,4.5,1.8,0.0,15.0,0.0,
6,98,9.8,600,car,6.309110796914113,0.9509455718692617,-1.8425890513173173,0.01849243028075445,4.5,1.8,0.0,15.0,0.0,
6,98,9.8,601,pedestrian,35.87677127884327,0.5293513317844207,-5.030776243172907,-0.6377839390182726,0.5,0.5,0.0,15.0,0.0,
6,98,9.8,602,car,198.0173172616767,9.027604269021166,10.123372548754464,0.21197035360203922,4.5,1.8,0.0,15.0,0.0,
6,99,9.9,600,car,6.003701502671592,0.9122946994576366,-1.8744937747010184,-0.030806453890207947,4.5,1.8,0.0,15.0,0.0,
6,99,9.9,601,pedestrian,35.377237827496614,0.2087700231519869,-5.046550667268842,-0.6422984377857713,0.5,0.5,0.0,15.0,0.0,
6,99,9.9,602,car,198.89372686191155,9.20012317652631,10.093649630014598,0.20009614147879737,4.5,1.8,0.0,15.0,0.0,
7,0,0.0,700,motorcycle,0.0,3.5,0.11517182917766933,0.0,2.2,0.8,0.0,15.0,0.0,
7,0,0.0,701,car,55.06484221897437,5.6706905385933934,-3.8615314649723143,-0.1089700694188025,4.5,1.8,0.0,15.0,0.0,
7,0,0.0,702,bicycle,40.663809836058626,0.6685695802284809,18.896327882134063,0.04673568913279591,1.8,0.6,0.0,15.0,0.0,
7,0,0.0,703,car,76.4754054235643,8.879556782217822,-7.868910680367511,-0.22725014612546943,4.5,1.8,0.0,15.0,0.0,
7,1,0.1,700,motorcycle,-0.05412410890832124,3.360093245929347,0.10826303555724563,0.031656919909142205,2.2,0.8,0.0,15.0,0.0,
7,1,0.1,701,car,54.600183786097034,5.661629910327275,-3.872556385353882,0.052755936579910956,4.5,1.8,0.0,15.0,0.0,
7,1,0.1,702,bicycle,42.492283440591585,0.6110479694633958,18.854026825719444,-0.05687547600392439,1.8,0.6,0.0,15.0,0.0,
7,1,0.1,703,car,75.74143285467224,8.866045702584774,-7.866170187376346,0.06373205780976984,4.5,1.8,0.0,15.0,0.0,
7,2,0.2,700,motorcycle,0.0899102672401905,3.195469815145867,0.140654769212024,0.01128234628555946,2.2,0.8,0.0,15.0,0.0,
7,2,0.2,701,car,54.16676904764705,5.69439827903007,-3.9588755471149213,0.07313211713881997,4.5,1.8,0.0,15.0,0.0,
7,2,0.2,702,bicycle,44.42918053287072,0.5245281949801299,18.824756314628466,-0.08515732377737202,1.8,0.6,0.0,15.0,0.0,
7,2,0.2,703,car,74.92342011095099,8.817772504860717,-7.932425706732534,0.03883511168548891,4.5,1.8,0.0,15.0,0.0,
7,3,0.30000000000000004,700,motorcycle,0.23165546313084046,3.1927337661414192,0.12537242506970558,0.02174923010658969,2.2,0.8,0.0,15.0,0.0,
7,3,0.30000000000000004,701,car,53.76891759668605,5.586180357406951,-3.9915094464442844,-0.014821800337401542,4.5,1.8,0.0,15.0,0.0,
7,3,0.30000000000000004,702,bicycle,46.33647482378123,0.5254618667677767,18.83527478362782,-0.07624139916419609,1.8,0.6,0.0,15.0,0.0,
7,3,0.30000000000000004,703,car,74.19669931468623,8.818114093261567,-7.8047902540250265,-0.01938171850882065,4.5,1.8,0.0,15.0,0.0,
7,4,0.4,700,motorcycle,0.27653855514874826,3.4756556823622695,0.13507700654486451,-0.0033815269638008366,2.2,0.8,0.0,15.0,0.0,
7,4,0.4,701,car,53.27107446256656,5.739006994127849,-4.0494645257531126,0.021356045842406097,4.5,1.8,0.0,15.0,0.0,
7,4,0.4,702,bicycle,48.17264677001317,0.5065282405099745,18.76407817019732,0.06715636108669475,1.8,0.6,0.0,15.0,0.0,
7,4,0.4,703,car,73.3884405586919,8.696605127372264,-7.742155724173022,-0.02520684065186518,4.5,1.8,0.0,15.0,0.0,
7,5,0.5,700,motorcycle,0.32350698497630687,3.559797320575706,0.1587787230735805,-0.10983177752495177,2.2,0.8,0.0,15.0,0.0,
7,5,0.5,701,car,52.93566368008903,5.728945617861337,-4.065915960593279,-0.005453747448761114,4.5,1.8,0.0,15.0,0.0,
7,5,0.5,702,bicycle,49.8880513076388,0.5257453319761547,18.695858601511855,-0.014291985477831566,1.8,0.6,0.0,15.0,0.0,
7,5,0.5,703,car,72.62985142942841,8.804008836171025,-7.783136382166008,0.07257936859229945,4.5,1.8,0.0,15.0,0.0,
7,6,0.6000000000000001,700,motorcycle,0.43407018263517966,3.5168563463266524,0.10334125975345038,-0.07219080911152106,2.2,0.8,0.0,15.0,0.0,
7,6,0.6000000000000001,701,car,52.55624746918301,5.655217202907255,-4.005948120329193,-0.033976191491413524,4.5,1.8,0.0,15.0,0.0,
7,6,0.6000000000000001,702,bicycle,51.66757006978478,0.5491079671005861,18.661556258653885,0.00042749966844016766,1.8,0.6,0.0,15.0,0.0,
7,6,0.6000000000000001,703,car,71.95013672421766,8.815731769337898,-7.777088159130872,0.010257335445420906,4.5,1.8,0.0,15.0,0.0,
7,7,0.7000000000000001,700,motorcycle,0.2750944095819854,3.5560401213197013,0.11133783858974518,0.044644866349171045,2.2,0.8,0.0,15.0,0.0,
7,7,0.7000000000000001,701,car,52.216233737263806,5.635022339746704,-3.9543284757536585,-0.014631534880636033,4.5,1.8,0.0,15.0,0.0,
7,7,0.7000000000000001,702,bicycle,53.55844140605794,0.5179930240526505,18.684644148900045,-0.018824489131888108,1.8,0.6,0.0,15.0,0.0,
7,7,0.7000000000000001,703,car,71.33718306919873,9.017468043060461,-7.733391246421572,0.07706483247070142,4.5,1.8,0.0,15.0,0.0,
7,8,0.8,700,motorcycle,0.13230674535505518,3.413902346992202,0.09525981025818453,0.002061548262943872,2.2,0.8,0.0,15.0,0.0,
7,8,0.8,701,car,51.80098014787848,5.470808814783409,-3.8967488904374763,0.10770991166784682,4.5,1.8,0.0,15.0,0.0,
7,8,0.8,702,bicycle,55.55500458886521,0.6265453509312976,18.695950129157325,-0.042149868536356855,1.8,0.6,0.0,15.0,0.0,
7,8,0.8,703,car,70.57109674982016,9.228026846744612,-7.750990652046925,-0.022747862391197082,4.5,1.8,0.0,15.0,0.0,
7,9,0.9,700,motorcycle,0.252563092291265,3.5312709520667616,0.05286471996944435,-0.013074230661871128,2.2,0.8,0.0,15.0,0.0,
7,9,0.9,701,car,51.36111470924459,5.4777777526895175,-3.8415645568899017,-0.04020137605640456,4.5,1.8,0.0,15.0,0.0,
7,9,0.9,702,bicycle,57.53356608300464,0.6367104758234284,18.81225973597304,0.015941544218543678,1.8,0.6,0.0,15.0,0.0,
7,9,0.9,703,car,69.78630582765253,9.285498319456211,-7.767847963941286,-0.08976365616759129,4.5,1.8,0.0,15.0,0.0,
7,10,1.0,700,motorcycle,0.23379744686109963,3.505641591159839,-0.026751153058046248,-0.0036517594897246385,2.2,0.8,0.0,15.0,0.0,
7,10,1.0,701,car,50.770247231094665,5.44300906917397,-3.8293847572876683,0.00484980885691162,4.5,1.8,0.0,15.0,0.0,
7,10,1.0,702,bicycle,59.37368510931326,0.6281574356286213,18.77305651409915,0.0005408259711267388,1.8,0.6,0.0,15.0,0.0,
7,10,1.0,703,car,69.01532967191758,9.19547332166606,-7.754463003915831,0.013072632754022685,4.5,1.8,0.0,15.0,0.0,
7,11,1.1,700,motorcycle,0.2145013401971879,3.747746294788521,-0.03378627239226168,-0.013961712268650906,2.2,0.8,0.0,15.0,0.0,
7,11,1.1,701,car,50.34506944444513,5.3459151468663295,-3.795089889295498,-0.03431234840097251,4.5,1.8,0.0,15.0,0.0,
7,11,1.1,702,bicycle,61.19419594602339,0.5743332796747614,18.723809338306722,-0.08755416662723615,1.8,0.6,0.0,15.0,0.0,
7,11,1.1,703,car,68.19358938481008,9.28280685293729,-7.744614013642568,0.07802876350940627,4.5,1.8,0.0,15.0,0.0,
7,12,1.2000000000000002,700,motorcycle,0.28621834345688013,3.8001427758159254,0.060346178740374075,-0.0048572797501605655,2.2,0.8,0.0,15.0,0.0,
7,12,1.2000000000000002,701,car,49.971868022866076,5.344768704700316,-3.7179005527363205,0.00012576582295454716,4.5,1.8,0.0,15.0,0.0,
7,12,1.2000000000000002,702,bicycle,63.00174914244635,0.6331008334710466,18.68299634775387,0.026673575630696257,1.8,0.6,0.0,15.0,0.0,
7,12,1.2000000000000002,703,car,67.46051207686,9.26386658615664,-7.716323435038227,-0.07438949651541758,4.5,1.8,0.0,15.0,0.0,
7,13,1.3,700,motorcycle,0.30854917346341615,3.753866237349252,0.20345935760460013,0.00779125348201039,2.2,0.8,0.0,15.0,0.0,
7,13,1.3,701,car,49.540438762614095,5.206938531095008,-3.652630242896607,-0.01750163597618889,4.5,1.8,0.0,15.0,0.0,
7,13,1.3,702,bicycle,64.79091357051419,0.6667307548719525,18.715482289324154,0.03169764666047645,1.8,0.6,0.0,15.0,0.0,
7,13,1.3,703,car,66.6908547756621,9.279785599845312,-7.704721581254192,0.01681981328144367,4.5,1.8,0.0,15.0,0.0,
7,14,1.4000000000000001,700,motorcycle,0.3713836288140244,3.863311512479807,0.20628010070589264,-0.0408401632915181,2.2,0.8,0.0,15.0,0.0,
7,14,1.4000000000000001,701,car,49.160746568014034,5.282316612968508,-3.7419566408158493,-0.08903760976859806,4.5,1.8,0.0,15.0,0.0,
7,14,1.4000000000000001,702,bicycle,66.75428941158583,0.8187430365570854,18.65222228757318,0.005022963541644752,1.8,0.6,0.0,15.0,0.0,
7,14,1.4000000000000001,703,car,65.88042810624499,9.253702588621149,-7.689445030816371,-0.06464351145053746,4.5,1.8,0.0,15.0,0.0,
7,15,1.5,700,motorcycle,0.2812898888353736,3.8331863951876843,0.19901132081118464,-0.05629775528420858,2.2,0.8,0.0,15.0,0.0,
7,15,1.5,701,car,48.865515671411366,5.240560515657404,-3.7630475211191916,0.014132939511495038,4.5,1.8,0.0,15.0,0.0,
7,15,1.5,702,bicycle,68.6066208127364,0.9024907178476667,18.60555116068315,-0.06986932985317369,1.8,0.6,0.0,15.0,0.0,
7,15,1.5,703,car,65.08050484678348,9.25972620591465,-7.751482828021247,-0.06938767808501296,4.5,1.8,0.0,15.0,0.0,
7,16,1.6,700,motorcycle,0.31942079915029065,3.7574083384561883,0.12638573496083866,0.04826706461570313,2.2,0.8,0.0,15.0,0.0,
7,16,1.6,701,car,48.42603145200674,5.35554167604394,-3.7616239815637202,0.01473794310276517,4.5,1.8,0.0,15.0,0.0,
7,16,1.6,702,bicycle,70.44602595419502,0.636974493393097,18.548711836130465,-0.006285472985936222,1.8,0.6,0.0,15.0,0.0,
7,16,1.6,703,car,64.34182947771063,9.080758803675838,-7.75416291341427,-0.05611320436070158,4.5,1.8,0.0,15.0,0.0,
7,17,1.7000000000000002,700,motorcycle,0.35552138915533993,3.755468259886206,0.16356081508231735,0.053341146509375936,2.2,0.8,0.0,15.0,0.0,
7,17,1.7000000000000002,701,car,48.09576804377777,5.441581034940997,-3.779141105359912,0.1411558705633573,4.5,1.8,0.0,15.0,0.0,
7,17,1.7000000000000002,702,bicycle,72.17901522815858,0.5841989156021649,18.59377976526781,0.03763606524304963,1.8,0.6,0.0,15.0,0.0,
7,17,1.7000000000000002,703,car,63.61515208828344,9.148290669475148,-7.858340771144572,0.07946493472689171,4.5,1.8,0.0,15.0,0.0,
7,18,1.8,700,motorcycle,0.3514883747769102,3.880057678113291,0.061884486133919545,0.012828425174059556,2.2,0.8,0.0,15.0,0.0,
7,18,1.8,701,car,47.66150370532729,5.4987930500991276,-3.76328758273647,0.01830238987495892,4.5,1.8,0.0,15.0,0.0,
7,18,1.8,702,bicycle,73.93249903586221,0.5785020035203038,18.584771412871344,0.024765502085371628,1.8,0.6,0.0,15.0,0.0,
7,18,1.8,703,car,62.92824771071233,9.16333826167601,-7.922149385564002,0.005378940478338402,4.5,1.8,0.0,15.0,0.0,
7,19,1.9000000000000001,700,motorcycle,0.6187844462312284,4.04465821081207,-0.08683549200396541,0.003167157684742235,2.2,0.8,0.0,15.0,0.0,
7,19,1.9000000000000001,701,car,47.37838689957918,5.48056034884233,-3.786292128743664,-0.013348210754174417,4.5,1.8,0.0,15.0,0.0,
7,19,1.9000000000000001,702,bicycle,75.84619512569282,0.4636550060828029,18.64420584545181,-0.002799649584903457,1.8,0.6,0.0,15.0,0.0,
7,19,1.9000000000000001,703,car,62.042530344744776,9.27577327781588,-7.999405930819584,-0.027760504850079193,4.5,1.8,0.0,15.0,0.0,
7,20,2.0,700,motorcycle,0.5529333905023155,4.259052404635683,-0.12108653043593756,-0.10774826102500526,2.2,0.8,0.0,15.0,0.0,
7,20,2.0,701,car,46.941576175176905,5.526115383582807,-3.747087901414484,0.11382698467213861,4.5,1.8,0.0,15.0,0.0,
7,20,2.0,702,bicycle,77.85130546733659,0.48244726547431815,18.599635072073074,0.08120137156736794,1.8,0.6,0.0,15.0,0.0,
7,20,2.0,703,car,61.205733396630194,9.20995755419442,-8.020259620927288,-0.06261441194484048,4.5,1.8,0.0,15.0,0.0,
7,21,2.1,700,motorcycle,0.49432272834162416,4.235741571637841,-0.08455370014533165,-0.019404416755050936,2.2,0.8,0.0,15.0,0.0,
7,21,2.1,701,car,46.44012146085161,5.365738168057137,-3.736609414038328,0.003631292673461236,4.5,1.8,0.0,15.0,0.0,
7,21,2.1,702,bicycle,79.65583770342258,0.4357016194251111,18.619059418713032,0.06952731268446737,1.8,0.6,0.0,15.0,0.0,
7,21,2.1,703,car,60.325692976123065,9.218847837815963,-7.972346100727021,-0.0388057145098625,4.5,1.8,0.0,15.0,0.0,
7,22,2.2,700,motorcycle,0.48430414687076045,4.231942011329075,-0.1501184618975076,0.008424939738281135,2.2,0.8,0.0,15.0,0.0,
7,22,2.2,701,car,46.06961498730821,5.421246593016743,-3.795953737771364,0.0004985192630612412,4.5,1.8,0.0,15.0,0.0,
7,22,2.2,702,bicycle,81.65591705165946,0.6434516026163397,18.683065882161614,-0.058853575282512116,1.8,0.6,0.0,15.0,0.0,
7,22,2.2,703,car,59.573563634254725,9.17053318031985,-7.958151071070525,-0.038610835288846186,4.5,1.8,0.0,15.0,0.0,
7,23,2.3000000000000003,700,motorcycle,0.2979449564957797,4.197490287459091,-0.11398832706700684,0.014399987773690566,2.2,0.8,0.0,15.0,0.0,
7,23,2.3000000000000003,701,car,45.73031439952251,5.442881625314681,-3.7757273640290783,0.026475587954335102,4.5,1.8,0.0,15.0,0.0,
7,23,2.3000000000000003,702,bicycle,83.49675549698016,0.6517406587583013,18.770228800905098,0.007101551450056951,1.8,0.6,0.0,15.0,0.0,
7,23,2.3000000000000003,703,car,58.78200487679307,9.180821631042491,-7.969046496986336,-0.021767798186040153,4.5,1.8,0.0,15.0,0.0,
7,24,2.4000000000000004,700,motorcycle,0.30741397622562217,4.146918767263176,-0.12126407354086763,-0.039525735326314364,2.2,0.8,0.0,15.0,0.0,
7,24,2.4000000000000004,701,car,45.363542843573036,5.501301119732283,-3.786323107024624,-0.1004189218444658,4.5,1.8,0.0,15.0,0.0,
7,24,2.4000000000000004,702,bicycle,85.43281553147621,0.6637590430342774,18.720567228404427,0.03866351211616366,1.8,0.6,0.0,15.0,0.0,
7,24,2.4000000000000004,703,car,57.84525770702285,9.285362392574937,-7.971914827968697,-0.11344325376886653,4.5,1.8,0.0,15.0,0.0,
7,25,2.5,700,motorcycle,0.31312052759785913,4.106299530454082,-0.14910653813202446,-0.03688628807281092,2.2,0.8,0.0,15.0,0.0,
7,25,2.5,701,car,44.97218895378458,5.452782251615569,-3.8791576191840433,0.06360339433386024,4.5,1.8,0.0,15.0,0.0,
7,25,2.5,702,bicycle,87.28043648872047,0.590565541446451,18.66414604427716,0.03853660337264607,1.8,0.6,0.0,15.0,0.0,
7,25,2.5,703,car,56.91822302731633,9.298761122760734,-8.001097278062376,-0.026270983028116614,4.5,1.8,0.0,15.0,0.0,
7,26,2.6,700,motorcycle,0.1878539206870667,4.044267587201916,-0.14866591855668157,0.01176561131744965,2.2,0.8,0.0,15.0,0.0,
7,26,2.6,701,car,44.505713943737874,5.443688811371828,-3.8347348976355224,-0.08313142784745364,4.5,1.8,0.0,15.0,0.0,
7,26,2.6,702,bicycle,89.146224195789,0.4954871469062337,18.611511835671333,0.013050575649905034,1.8,0.6,0.0,15.0,0.0,
7,26,2.6,703,car,56.063588152643334,9.177080810137223,-7.934883118458877,0.04600447571659147,4.5,1.8,0.0,15.0,0.0,
7,27,2.7,700,motorcycle,-0.020243266804518406,3.896824774401709,-0.1189930649907475,-0.014243691651873482,2.2,0.8,0.0,15.0,0.0,
7,27,2.7,701,car,44.27229791840982,5.505322451225929,-3.8197616214428227,-0.05109313459127186,4.5,1.8,0.0,15.0,0.0,
7,27,2.7,702,bicycle,91.05651940884258,0.367910751431187,18.67677406234184,0.021106929450912096,1.8,0.6,0.0,15.0,0.0,
7,27,2.7,703,car,55.18761678312168,9.257548552950455,-7.82280687400206,-0.010880854990472541,4.5,1.8,0.0,15.0,0.0,
7,28,2.8000000000000003,700,motorcycle,0.022898745665536104,3.853641842432609,-0.11472545410983023,-0.07536172800157237,2.2,0.8,0.0,15.0,0.0,
7,28,2.8000000000000003,701,car,43.890268804914946,5.509680184208991,-3.7298117326005853,-0.08975015563516749,4.5,1.8,0.0,15.0,0.0,
7,28,2.8000000000000003,702,bicycle,92.89610846916598,0.4967224732142905,18.6646854875519,-0.008567076649249883,1.8,0.6,0.0,15.0,0.0,
7,28,2.8000000000000003,703,car,54.32201019323326,9.16428801492418,-7.914099562293718,-0.03146076238220771,4.5,1.8,0.0,15.0,0.0,
7,29,2.9000000000000004,700,motorcycle,-0.08750930525665926,3.8654457257983164,-0.15410886423101683,-0.023979549252425337,2.2,0.8,0.0,15.0,0.0,
7,29,2.9000000000000004,701,car,43.47206709234912,5.504863665979953,-3.756237845420827,-0.05308930449685661,4.5,1.8,0.0,15.0,0.0,
7,29,2.9000000000000004,702,bicycle,94.77115366231595,0.6034707948407516,18.67110879734144,-0.030491021911931107,1.8,0.6,0.0,15.0,0.0,
7,29,2.9000000000000004,703,car,53.51828559649453,8.959224737888526,-7.921069699770661,-0.020017718454523645,4.5,1.8,0.0,15.0,0.0,
7,30,3.0,700,motorcycle,-0.19626622748041217,3.7902358905651194,-0.17462058930799917,0.04962291380032455,2.2,0.8,0.0,15.0,0.0,
7,30,3.0,701,car,43.20564934948504,5.412051149824173,-3.782141714082997,-0.024629497864428904,4.5,1.8,0.0,15.0,0.0,
7,30,3.0,702,bicycle,96.7192190936051,0.6180214501039133,18.675748290473493,0.026813130671059483,1.8,0.6,0.0,15.0,0.0,
7,30,3.0,703,car,52.66653728567638,9.095613395323932,-7.921156932641671,-0.04279562230959566,4.5,1.8,0.0,15.0,0.0,
7,31,3.1,700,motorcycle,-0.23669231079099606,3.913428722985907,-0.19587769610718778,0.047477889952241586,2.2,0.8,0.0,15.0,0.0,
7,31,3.1,701,car,42.764900598799585,5.335484780146442,-3.7491618435532823,-0.043698628032287044,4.5,1.8,0.0,15.0,0.0,
7,31,3.1,702,bicycle,98.66904794766862,0.6531840500062482,18.632068593750112,-0.0035721371997167028,1.8,0.6,0.0,15.0,0.0,
7,31,3.1,703,car,51.819544163356255,9.130511050990838,-7.8267670203939,-0.01853523014437112,4.5,1.8,0.0,15.0,0.0,
7,32,3.2,700,motorcycle,-0.20290245301586415,3.934165268224498,-0.19467481095402878,0.17466455468181757,2.2,0.8,0.0,15.0,0.0,
7,32,3.2,701,car,42.3042426698091,5.3872912561465265,-3.763598931049252,0.13768480653145745,4.5,1.8,0.0,15.0,0.0,
7,32,3.2,702,bicycle,100.63367213326846,0.6813774933483219,18.62066364588295,0.24992764145570867,1.8,0.6,0.0,15.0,0.0,
7,32,3.2,703,car,50.853259307763565,9.276085612435587,-7.870776417850711,0.19350143768916975,4.5,1.8,0.0,15.0,0.0,
7,33,3.3000000000000003,700,motorcycle,-0.28117630952333816,3.8782497100723634,-0.12898048465560702,0.4566562873008434,2.2,0.8,0.0,15.0,0.0,
7,33,3.3000000000000003,701,car,41.90576021163906,5.457223272259063,-3.760749368466127,0.45037080079872194,4.5,1.8,0.0,15.0,0.0,
7,33,3.3000000000000003,702,bicycle,102.28442345311142,0.7554743833684519,18.584307330175754,0.24604725785752024,1.8,0.6,0.0,15.0,0.0,
7,33,3.3000000000000003,703,car,50.030128656235576,9.497275037419751,-7.90357887737073,0.40338373425930973,4.5,1.8,0.0,15.0,0.0,
7,34,3.4000000000000004,700,motorcycle,-0.1742071382825622,3.9310580038260268,-0.12295770373504243,0.4549648448291029,2.2,0.8,0.0,15.0,0.0,
7,34,3.4000000000000004,701,car,41.45806888847518,5.602002008707679,-3.7577154136142736,0.5591468122283426,4.5,1.8,0.0,15.0,0.0,
7,34,3.4000000000000004,702,bicycle,104.15616994409729,1.028752751813711,18.562781338616325,0.621050242305474,1.8,0.6,0.0,15.0,0.0,
7,34,3.4000000000000004,703,car,49.253121090719176,9.720772908893446,-7.9648277818336375,0.5500123505377015,4.5,1.8,0.0,15.0,0.0,
7,35,3.5,700,motorcycle,-0.22587158704841342,4.016184149949296,-0.06183889060173602,0.7307296056505482,2.2,0.8,0.0,15.0,0.0,
7,35,3.5,701,car,41.204335616116445,5.606158811918549,-3.7988571364904593,0.7125943790395143,4.5,1.8,0.0,15.0,0.0,
7,35,3.5,702,bicycle,106.00858286011982,1.0813457274695568,18.51484975233279,0.7717217048752454,1.8,0.6,0.0,15.0,0.0,
7,35,3.5,703,car,48.420354592472464,9.93455963365298,-7.964190613573434,0.7442105719233532,4.5,1.8,0.0,15.0,0.0,
7,36,3.6,700,motorcycle,-0.17628451181221877,4.021256675914211,-0.04347874452411157,0.9714166472233552,2.2,0.8,0.0,15.0,0.0,
7,36,3.6,701,car,40.849611127777436,5.783786485874517,-3.76419354426085,0.8903524829182492,4.5,1.8,0.0,15.0,0.0,
7,36,3.6,702,bicycle,107.87871570712556,1.2235772833816867,18.55301387965657,0.8073917971474462,1.8,0.6,0.0,15.0,0.0,
7,36,3.6,703,car,47.64866582002477,10.003651845578247,-7.983766955756019,0.9397982189514286,4.5,1.8,0.0,15.0,0.0,
7,37,3.7,700,motorcycle,-0.25394701107101525,3.984642189034394,-0.003692933254818849,0.9576044986841337,2.2,0.8,0.0,15.0,0.0,
7,37,3.7,701,car,40.280397465555495,5.977475674024697,-3.7562574317327253,1.052260172880267,4.5,1.8,0.0,15.0,0.0,
7,37,3.7,702,bicycle,109.68977433761326,1.1879990893719676,18.49372451897569,1.015014746540264,1.8,0.6,0.0,15.0,0.0,
7,37,3.7,703,car,46.723048838657355,10.137219555433996,-8.006889852657741,1.0378759938800934,4.5,1.8,0.0,15.0,0.0,
7,38,3.8000000000000003,700,motorcycle,-0.23880149157385408,4.140420000589646,0.021281193109631086,1.1537835315890401,2.2,0.8,0.0,15.0,0.0,
7,38,3.8000000000000003,701,car,39.92316864904561,6.118174342979515,-3.8777019471873935,1.203304848420977,4.5,1.8,0.0,15.0,0.0,
7,38,3.8000000000000003,702,bicycle,111.55414100913285,1.361501832009125,18.429382339203325,1.1551899023698826,1.8,0.6,0.0,15.0,0.0,
7,38,3.8000000000000003,703,car,45.81320690773502,10.328777549168082,-8.077145679761166,1.1245458220318862,4.5,1.8,0.0,15.0,0.0,
7,39,3.9000000000000004,700,motorcycle,-0.18324195943569288,4.207532891820466,-0.02513833972982185,1.3458394160624494,2.2,0.8,0.0,15.0,0.0,
7,39,3.9000000000000004,701,car,39.63016962998606,6.3204318066921585,-3.835266463490379,1.2889244806385374,4.5,1.8,0.0,15.0,0.0,
7,39,3.9000000000000004,702,bicycle,113.37661994558952,1.4267440486143086,18.437768797589126,1.2741085282191478,1.8,0.6,0.0,15.0,0.0,
7,39,3.9000000000000004,703,car,44.96218571916621,10.518817937024917,-8.017918717485447,1.320416457298945,4.5,1.8,0.0,15.0,0.0,
7,40,4.0,700,motorcycle,-0.00632420688441826,4.278559308632807,-0.1170370716902848,1.4515111346356362,2.2,0.8,0.0,15.0,0.0,
7,40,4.0,701,car,39.169459628372344,6.434640556530238,-3.923756288996435,1.3708192277888671,4.5,1.8,0.0,15.0,0.0,
7,40,4.0,702,bicycle,115.0701740836905,1.524891696287894,18.418041222894978,1.420277760733569,1.8,0.6,0.0,15.0,0.0,
7,40,4.0,703,car,44.284366143853184,10.728086537530315,-8.099027199295971,1.4461805119368014,4.5,1.8,0.0,15.0,0.0,
7,41,4.1000000000000005,700,motorcycle,-0.0068524443093007665,4.420331111091474,-0.11817204818714608,1.5257720780270805,2.2,0.8,0.0,15.0,0.0,
7,41,4.1000000000000005,701,car,38.70789532037134,6.56795991644005,-3.8645593328018433,1.4803491674014913,4.5,1.8,0.0,15.0,0.0,
7,41,4.1000000000000005,702,bicycle,116.80898940836249,1.6702754071627857,18.36151290005716,1.4294053005500509,1.8,0.6,0.0,15.0,0.0,
7,41,4.1000000000000005,703,car,43.440016706216106,11.024503171648982,-8.100957404089815,1.5244733113451785,4.5,1.8,0.0,15.0,0.0,
7,42,4.2,700,motorcycle,-0.23168448494312793,4.624014115423024,-0.11350375512165649,1.565458809472584,2.2,0.8,0.0,15.0,0.0,
7,42,4.2,701,car,38.339444434231396,6.744842533243301,-3.91753372921974,1.6152972372135475,4.5,1.8,0.0,15.0,0.0,
7,42,4.2,702,bicycle,118.76485424062092,1.8073517147028892,18.318133189935306,1.5898255473844654,1.8,0.6,0.0,15.0,0.0,
7,42,4.2,703,car,42.71538228531357,11.06174174280671,-8.072029491150605,1.564803827948528,4.5,1.8,0.0,15.0,0.0,
7,43,4.3,700,motorcycle,-0.21882855231731982,4.734015878270119,-0.14185460287573454,1.7405036493282713,2.2,0.8,0.0,15.0,0.0,
7,43,4.3,701,car,37.80678240225607,6.9598140413495075,-3.8309675086736754,1.69862499984016,4.5,1.8,0.0,15.0,0.0,
7,43,4.3,702,bicycle,120.46355785771053,1.8456285541630006,18.280551921102987,1.6722442990925126,1.8,0.6,0.0,15.0,0.0,
7,43,4.3,703,car,41.93077360560741,11.101006977728392,-8.115667364072953,1.623774779167518,4.5,1.8,0.0,15.0,0.0,
7,44,4.4,700,motorcycle,-0.25108869341638257,5.103661254127642,-0.18851395615690691,1.6629104096273704,2.2,0.8,0.0,15.0,0.0,
7,44,4.4,701,car,37.31037162187432,7.194544328602146,-3.8330345884914303,1.6669469738756617,4.5,1.8,0.0,15.0,0.0,
7,44,4.4,702,bicycle,122.255333491443,1.9376533541956464,18.295346485162447,1.8459771316239766,1.8,0.6,0.0,15.0,0.0,
7,44,4.4,703,car,41.17429330976935,11.262883956346071,-8.148916138447351,1.6445882971899173,4.5,1.8,0.0,15.0,0.0,
7,45,4.5,700,motorcycle,-0.19657111589176973,5.345638003653723,-0.21181900599144723,1.8010800160416094,2.2,0.8,0.0,15.0,0.0,
7,45,4.5,701,car,36.92917885691369,7.446061733831108,-3.81822473838978,1.7315565229005965,4.5,1.8,0.0,15.0,0.0,
7,45,4.5,702,bicycle,123.9893796788285,2.0971410266488273,18.337449018607188,1.7150065612995071,1.8,0.6,0.0,15.0,0.0,
7,45,4.5,703,car,40.40337583548493,11.328651699833118,-8.109913221640833,1.7560603837189765,4.5,1.8,0.0,15.0,0.0,
7,46,4.6000000000000005,700,motorcycle,-0.33796409237456454,5.498236551301561,-0.16524696052552876,1.687048372967339,2.2,0.8,0.0,15.0,0.0,
7,46,4.6000000000000005,701,car,36.440261359212215,7.6141120383524585,-3.7115582018681703,1.7163710957980252,4.5,1.8,0.0,15.0,0.0,
7,46,4.6000000000000005,702,bicycle,125.87265198064776,2.2981545674089623,18.30797302359391,1.7580566675892437,1.8,0.6,0.0,15.0,0.0,
7,46,4.6000000000000005,703,car,39.54760104711135,11.467871220821468,-8.192976816779488,1.748778188256684,4.5,1.8,0.0,15.0,0.0,
7,47,4.7,700,motorcycle,-0.2645794377648623,5.678020460468978,-0.11072157248440725,1.7694296891917292,2.2,0.8,0.0,15.0,0.0,
7,47,4.7,701,car,36.06315140839238,7.725360814741225,-3.7358713876362404,1.666887793197622,4.5,1.8,0.0,15.0,0.0,
7,47,4.7,702,bicycle,127.67674139399732,2.4867957749548255,18.39374407848387,1.766829333058422,1.8,0.6,0.0,15.0,0.0,
7,47,4.7,703,car,38.6418179674196,11.497975724959035,-8.203304421139716,1.7810015392358656,4.5,1.8,0.0,15.0,0.0,
7,48,4.800000000000001,700,motorcycle,-0.29771322868274186,5.903394708097953,-0.11977784494701667,1.7476083230199397,2.2,0.8,0.0,15.0,0.0,
7,48,4.800000000000001,701,car,35.52983846735819,8.05695485688425,-3.791495560047426,1.7514449177706486,4.5,1.8,0.0,15.0,0.0,
7,48,4.800000000000001,702,bicycle,129.4888974023788,2.6463888150465515,18.381688983185363,1.7245385305367344,1.8,0.6,0.0,15.0,0.0,
7,48,4.800000000000001,703,car,37.867239979633716,11.774987706269759,-8.132906977009847,1.7283493786229949,4.5,1.8,0.0,15.0,0.0,
7,49,4.9,700,motorcycle,-0.13832358926061308,6.079126852731853,-0.06590582683437046,1.6857848871618257,2.2,0.8,0.0,15.0,0.0,
7,49,4.9,701,car,35.09576844821091,8.241513162673886,-3.76633696617197,1.6627389969463882,4.5,1.8,0.0,15.0,0.0,
7,49,4.9,702,bicycle,131.3683519524971,2.899360001330893,18.38052032608557,1.5171545200823944,1.8,0.6,0.0,15.0,0.0,
7,49,4.9,703,car,37.221776297082066,11.911663453599378,-8.174070988051461,1.6081433887338776,4.5,1.8,0.0,15.0,0.0,
7,50,5.0,700,motorcycle,-0.17855876217741462,6.18272252468761,-0.10275630002860503,1.564598237382323,2.2,0.8,0.0,15.0,0.0,
7,50,5.0,701,car,34.7721090339997,8.604419961861652,-3.725308386271225,1.6548344601122802,4.5,1.8,0.0,15.0,0.0,
7,50,5.0,702,bicycle,133.16866298196098,3.0696969929734057,18.401844446297083,1.5657266561924132,1.8,0.6,0.0,15.0,0.0,
7,50,5.0,703,car,36.361796191222005,12.156989104520141,-8.119556350296456,1.6020750643503145,4.5,1.8,0.0,15.0,0.0,
7,51,5.1000000000000005,700,motorcycle,-0.30835011025814774,6.304717772028121,-0.17482285675389864,1.5193045771145042,2.2,0.8,0.0,15.0,0.0,
7,51,5.1000000000000005,701,car,34.42511850649972,8.72890336542015,-3.7132228251520645,1.5363895185769598,4.5,1.8,0.0,15.0,0.0,
7,51,5.1000000000000005,702,bicycle,135.03453363088138,3.1010984094059895,18.38918123002145,1.5360366055360812,1.8,0.6,0.0,15.0,0.0,
7,51,5.1000000000000005,703,car,35.70771173332296,12.281350975158547,-8.092014340274051,1.559452052218959,4.5,1.8,0.0,15.0,0.0,
7,52,5.2,700,motorcycle,-0.34549516577079353,6.56113652079247,-0.1147141651823538,1.4847989768592171,2.2,0.8,0.0,15.0,0.0,
7,52,5.2,701,car,34.09963944088307,9.10649506440152,-3.7439869807902815,1.5219836194651046,4.5,1.8,0.0,15.0,0.0,
7,52,5.2,702,bicycle,136.95028170274938,3.376715116724277,18.373179342294364,1.4580034753043458,1.8,0.6,0.0,15.0,0.0,
7,52,5.2,703,car,35.04120771566199,12.314193084801778,-8.100180654364822,1.308717105744598,4.5,1.8,0.0,15.0,0.0,
7,53,5.300000000000001,700,motorcycle,-0.37479987997394454,6.609586045905005,-0.12560254958069056,1.4466856124656733,2.2,0.8,0.0,15.0,0.0,
7,53,5.300000000000001,701,car,33.89702109348376,9.092600655190001,-3.716200065710311,1.3404499989384022,4.5,1.8,0.0,15.0,0.0,
7,53,5.300000000000001,702,bicycle,138.75380992830836,3.5245962214986757,18.386978452665115,1.2331728759423473,1.8,0.6,0.0,15.0,0.0,
7,53,5.300000000000001,703,car,34.12805671481689,12.46147310110442,-8.095210527965733,1.2650753088145767,4.5,1.8,0.0,15.0,0.0,
7,54,5.4,700,motorcycle,-0.46679774891739806,6.717705977050685,-0.08129500193152692,1.1671542725806578,2.2,0.8,0.0,15.0,0.0,
7,54,5.4,701,car,33.6876741699763,9.140116456536544,-3.7065445756375697,1.1532637896728009,4.5,1.8,0.0,15.0,0.0,
7,54,5.4,702,bicycle,140.6513038682162,3.5635352893889563,18.483348340364802,1.086447940974201,1.8,0.6,0.0,15.0,0.0,
7,54,5.4,703,car,33.49008368598834,12.587569804128103,-8.067589298878387,1.237704806282599,4.5,1.8,0.0,15.0,0.0,
7,55,5.5,700,motorcycle,-0.3891610995939438,6.747565707422562,-0.05129052416839682,1.1219978901435583,2.2,0.8,0.0,15.0,0.0,
7,55,5.5,701,car,33.22829054119646,9.454821726807126,-3.6872594513391417,1.0069628029158146,4.5,1.8,0.0,15.0,0.0,
7,55,5.5,702,bicycle,142.41030976379184,3.6440690010993113,18.385584423811277,1.007861968058888,1.8,0.6,0.0,15.0,0.0,
7,55,5.5,703,car,32.657032031714934,12.582990858368044,-8.030197039133169,1.017685877122358,4.5,1.8,0.0,15.0,0.0,
7,56,5.6000000000000005,700,motorcycle,-0.4578696064722263,6.802532313915708,-0.03353515050260447,0.8786610605233496,2.2,0.8,0.0,15.0,0.0,
7,56,5.6000000000000005,701,car,32.78946708725378,9.55488707421117,-3.6897932492174546,0.8180267888425593,4.5,1.8,0.0,15.0,0.0,
7,56,5.6000000000000005,702,bicycle,144.22001773682226,3.7895028281414,18.414191336806102,0.8635017833798302,1.8,0.6,0.0,15.0,0.0,
7,56,5.6000000000000005,703,car,31.921689607280214,12.572495308669582,-8.077646431042835,0.8624372518353158,4.5,1.8,0.0,15.0,0.0,
7,57,5.7,700,motorcycle,-0.31146650791377317,6.890036389107793,-0.04730344098589308,0.7889960254429824,2.2,0.8,0.0,15.0,0.0,
7,57,5.7,701,car,32.391793918811686,9.849539310478034,-3.7153574053984917,0.661202688920085,4.5,1.8,0.0,15.0,0.0,
7,57,5.7,702,bicycle,146.04480067301768,3.8357733145959636,18.37380533798864,0.8418878292905719,1.8,0.6,0.0,15.0,0.0,
7,57,5.7,703,car,31.145787620956455,12.690099178575005,-8.100740394399681,0.6829056561453936,4.5,1.8,0.0,15.0,0.0,
7,58,5.800000000000001,700,motorcycle,-0.2136410164405924,6.776530185864433,-0.10444666462541151,0.5284143148757804,2.2,0.8,0.0,15.0,0.0,
7,58,5.800000000000001,701,car,32.15536290883527,9.866165587196702,-3.694549827534782,0.5421661741255628,4.5,1.8,0.0,15.0,0.0,
7,58,5.800000000000001,702,bicycle,148.01180704811023,3.731378986790287,18.410603498174776,0.5308347936690283,1.8,0.6,0.0,15.0,0.0,
7,58,5.800000000000001,703,car,30.428202000908428,12.66224894198059,-8.09952074090654,0.5356544046105239,4.5,1.8,0.0,15.0,0.0,
7,59,5.9,700,motorcycle,-0.32432923003517483,6.6848734304628445,-0.13346723271856864,0.370342015380828,2.2,0.8,0.0,15.0,0.0,
7,59,5.9,701,car,31.710216703651344,9.869542776787029,-3.7888396952589605,0.34531296290689156,4.5,1.8,0.0,15.0,0.0,
7,59,5.9,702,bicycle,149.95522606259019,3.8382815652804037,18.40625740132342,0.3760280951817862,1.8,0.6,0.0,15.0,0.0,
7,59,5.9,703,car,29.53542388725836,12.861077356202838,-7.996132615580844,0.37208664046637674,4.5,1.8,0.0,15.0,0.0,
7,60,6.0,700,motorcycle,-0.07860736970088245,6.635147674381149,-0.1960211947220163,0.14744362301368735,2.2,0.8,0.0,15.0,0.0,
7,60,6.0,701,car,31.309383707617947,10.119041912979164,-3.8028976516292583,0.13994202007819218,4.5,1.8,0.0,15.0,0.0,
7,60,6.0,702,bicycle,151.70600591676478,3.970576257556571,18.45612248873887,0.15865090140071275,1.8,0.6,0.0,15.0,0.0,
7,60,6.0,703,car,28.548232214092558,12.766510482803747,-7.910070423705867,0.21736520494586678,4.5,1.8,0.0,15.0,0.0,
7,61,6.1000000000000005,700,motorcycle,-0.09166335161725356,6.822030991696255,-0.09810488108144047,-0.0017969800980649306,2.2,0.8,0.0,15.0,0.0,
7,61,6.1000000000000005,701,car,30.927336766401854,10.060837244767956,-3.817127816003515,-0.07431624879000606,4.5,1.8,0.0,15.0,0.0,
7,61,6.1000000000000005,702,bicycle,153.40257952802025,3.798310370665981,18.510339339084844,-0.07807011114562817,1.8,0.6,0.0,15.0,0.0,
7,61,6.1000000000000005,703,car,27.952221401592585,12.693472693683807,-7.82320292836674,-0.018252717143273728,4.5,1.8,0.0,15.0,0.0,
7,62,6.2,700,motorcycle,-0.2580925168174453,6.950408881502802,-0.02801159969977922,-0.04530255001335054,2.2,0.8,0.0,15.0,0.0,
7,62,6.2,701,car,30.512458758141758,9.970257651111858,-3.8231541507264013,0.005391457372042738,4.5,1.8,0.0,15.0,0.0,
7,62,6.2,702,bicycle,155.2184751560172,3.6164212311268957,18.481295373330344,0.03517593817770209,1.8,0.6,0.0,15.0,0.0,
7,62,6.2,703,car,27.14901115449632,12.660728630927636,-7.8697417556182785,-0.030502568459880832,4.5,1.8,0.0,15.0,0.0,
7,63,6.300000000000001,700,motorcycle,-0.11999886612922722,6.836431155822591,0.00802955513448226,0.0023527610451762235,2.2,0.8,0.0,15.0,0.0,
7,63,6.300000000000001,701,car,30.15462440938126,9.897022023010397,-3.840743019028797,-0.00028600900859787273,4.5,1.8,0.0,15.0,0.0,
7,63,6.300000000000001,702,bicycle,157.01453799688932,3.6495644415305506,18.504167324136496,0.10863533118099605,1.8,0.6,0.0,15.0,0.0,
7,63,6.300000000000001,703,car,26.38985598187073,12.469504365375752,-7.811590801576345,-0.010193532081809622,4.5,1.8,0.0,15.0,0.0,
7,64,6.4,700,motorcycle,0.08199662567790642,6.983523601073122,-0.017233814051096065,0.03609513919355877,2.2,0.8,0.0,15.0,0.0,
7,64,6.4,701,car,29.71115459270359,9.897291105651867,-3.806943778311099,0.055650010302325505,4.5,1.8,0.0,15.0,0.0,
7,64,6.4,702,bicycle,158.9544753121916,3.6570634047218333,18.628338519140556,-0.018251020326354467,1.8,0.6,0.0,15.0,0.0,
7,64,6.4,703,car,25.447976838543166,12.32803443585482,-7.737890415070227,-0.003832645992340226,4.5,1.8,0.0,15.0,0.0,
7,65,6.5,700,motorcycle,0.09617899407820601,6.929271213080688,-0.039868938016055566,-0.039354793047464746,2.2,0.8,0.0,15.0,0.0,
7,65,6.5,701,car,29.37757529620549,9.887553113898157,-3.785193509420929,0.01697191926587416,4.5,1.8,0.0,15.0,0.0,
7,65,6.5,702,bicycle,160.77472129074235,3.5111903421915547,18.551048539340588,0.15133257958475332,1.8,0.6,0.0,15.0,0.0,
7,65,6.5,703,car,24.822005141478474,12.46205269254394,-7.771620755419572,0.0004754866881560105,4.5,1.8,0.0,15.0,0.0,
7,66,6.6000000000000005,700,motorcycle,0.010655821038283386,6.798063003564099,-0.0693076140348406,0.06630924817147894,2.2,0.8,0.0,15.0,0.0,
7,66,6.6000000000000005,701,car,29.083130481955795,9.790548313735956,-3.8009343119288026,0.03745615859682905,4.5,1.8,0.0,15.0,0.0,
7,66,6.6000000000000005,702,bicycle,162.57272900515767,3.5191489666748277,18.571140911693828,0.019546527592206552,1.8,0.6,0.0,15.0,0.0,
7,66,6.6000000000000005,703,car,24.070257608705546,12.396682975165689,-7.799169484795512,-0.056682492576031265,4.5,1.8,0.0,15.0,0.0,
7,67,6.7,700,motorcycle,-0.15240859971542792,6.786588129395076,-0.028494633305481028,-0.06901411970769734,2.2,0.8,0.0,15.0,0.0,
7,67,6.7,701,car,28.730334375175342,9.869011435074295,-3.89277100036987,-0.013529055006810939,4.5,1.8,0.0,15.0,0.0,
7,67,6.7,702,bicycle,164.5944641163729,3.574343068450565,18.477618054240715,0.032916973120580534,1.8,0.6,0.0,15.0,0.0,
7,67,6.7,703,car,23.21556698080316,12.465813668174965,-7.833673573125551,-0.0026516222205982525,4.5,1.8,0.0,15.0,0.0,
7,68,6.800000000000001,700,motorcycle,-0.20901233990227097,6.786903901668927,-0.05685864200103161,-0.011176912077723894,2.2,0.8,0.0,15.0,0.0,
7,68,6.800000000000001,701,car,28.223496774307286,9.918077394615695,-3.8840067399376736,-0.08082660870520757,4.5,1.8,0.0,15.0,0.0,
7,68,6.800000000000001,702,bicycle,166.54151758781717,3.5567142724851153,18.48570617405251,0.038228083601459295,1.8,0.6,0.0,15.0,0.0,
7,68,6.800000000000001,703,car,22.465023847726602,12.582333984021055,-7.848338349235822,0.05172146931135198,4.5,1.8,0.0,15.0,0.0,
7,69,6.9,700,motorcycle,-0.20240574232164205,6.837667244119596,-0.0366771833611364,0.062036516265476294,2.2,0.8,0.0,15.0,0.0,
7,69,6.9,701,car,27.907237337669446,9.87378284658471,-3.916070092137666,-0.0024877073797416357,4.5,1.8,0.0,15.0,0.0,
7,69,6.9,702,bicycle,168.3140780611145,3.4514950523524806,18.379303550587608,-0.07746313789143552,1.8,0.6,0.0,15.0,0.0,
7,69,6.9,703,car,21.87873064891417,12.516683959058078,-7.753165334244764,0.02015773005777899,4.5,1.8,0.0,15.0,0.0,
7,70,7.0,700,motorcycle,-0.21104926282136618,6.687606732437473,-0.036443738582333955,0.09460918834841148,2.2,0.8,0.0,15.0,0.0,
7,70,7.0,701,car,27.67139400285735,9.901206711854469,-3.973503510432917,-0.04785826726245762,4.5,1.8,0.0,15.0,0.0,
7,70,7.0,702,bicycle,170.06674923183402,3.5793105450887506,18.460889572393047,0.009794641748379275,1.8,0.6,0.0,15.0,0.0,
7,70,7.0,703,car,21.073106071937378,12.671555008724177,-7.802094011288012,0.002591166380018296,4.5,1.8,0.0,15.0,0.0,
7,71,7.1000000000000005,700,motorcycle,-0.16839703672498654,6.601326671719833,-0.06823944965189932,-0.03568687895938016,2.2,0.8,0.0,15.0,0.0,
7,71,7.1000000000000005,701,car,27.415716337412867,10.092643439560177,-3.967763883921089,-0.01341092935213937,4.5,1.8,0.0,15.0,0.0,
7,71,7.1000000000000005,702,bicycle,171.852854081574,3.5794851764337836,18.43337848482121,-0.004851512117761037,1.8,0.6,0.0,15.0,0.0,
7,71,7.1000000000000005,703,car,20.33421995310897,12.63102371444514,-7.811573414418716,-0.00927272425361524,4.5,1.8,0.0,15.0,0.0,
7,72,7.2,700,motorcycle,-0.20697732516279035,6.5571818840182114,-0.03012961950505902,-0.08853680144882213,2.2,0.8,0.0,15.0,0.0,
7,72,7.2,701,car,27.176367934920886,10.106196385880477,-3.937263005121763,0.036253889157443785,4.5,1.8,0.0,15.0,0.0,
7,72,7.2,702,bicycle,173.62538601405308,3.4880493208158594,18.381765020588517,-0.012353401491429425,1.8,0.6,0.0,15.0,0.0,
7,72,7.2,703,car,19.622983080822202,12.572647511923059,-7.781176832409801,-0.11839606094305995,4.5,1.8,0.0,15.0,0.0,
7,73,7.300000000000001,700,motorcycle,-0.24854700731082122,6.673895620779367,-0.038678183956705796,-0.04145718180830834,2.2,0.8,0.0,15.0,0.0,
7,73,7.300000000000001,701,car,26.71695731219495,9.803394129573656,-3.987853103642359,0.052862068625629116,4.5,1.8,0.0,15.0,0.0,
7,73,7.300000000000001,702,bicycle,175.4053022394223,3.441594884615737,18.265174411236696,-0.08154188965562811,1.8,0.6,0.0,15.0,0.0,
7,73,7.300000000000001,703,car,18.9638703154412,12.634376919989215,-7.8460487839817725,-0.03152861957866101,4.5,1.8,0.0,15.0,0.0,
7,74,7.4,700,motorcycle,-0.25533206000637015,6.554282847563692,-0.13888537813238586,-0.007960519371971784,2.2,0.8,0.0,15.0,0.0,
7,74,7.4,701,car,26.37543285804804,9.862579861546651,-3.944091234365252,-0.07767786308899119,4.5,1.8,0.0,15.0,0.0,
7,74,7.4,702,bicycle,177.23760987152866,3.4147497481928246,18.26081337696184,-0.010589081681706865,1.8,0.6,0.0,15.0,0.0,
7,74,7.4,703,car,18.113220618982268,12.332597874567654,-7.787957332953239,0.016499508273754442,4.5,1.8,0.0,15.0,0.0,
7,75,7.5,700,motorcycle,-0.4176495765732595,6.601596012862967,-0.16125061848245936,-0.0209486158208865,2.2,0.8,0.0,15.0,0.0,
7,75,7.5,701,car,25.904182274462613,9.916272908811878,-3.9840824129410617,-0.054841734304530015,4.5,1.8,0.0,15.0,0.0,
7,75,7.5,702,bicycle,179.17686569028547,3.396861607216152,18.253439057462227,0.034623206013833265,1.8,0.6,0.0,15.0,0.0,
7,75,7.5,703,car,17.267666215602326,12.285782557302966,-7.772671569467097,-0.0770688801231883,4.5,1.8,0.0,15.0,0.0,
7,76,7.6000000000000005,700,motorcycle,-0.411664733744684,6.52602486694483,-0.11847698885970193,0.027333166342495448,2.2,0.8,0.0,15.0,0.0,
7,76,7.6000000000000005,701,car,25.54722886886601,9.755577043956423,-3.9892521826997527,-0.05886332802071387,4.5,1.8,0.0,15.0,0.0,
7,76,7.6000000000000005,702,bicycle,180.998523205734,3.1653336395271783,18.176397444043467,0.05945168044200938,1.8,0.6,0.0,15.0,0.0,
7,76,7.6000000000000005,703,car,16.52730437625627,12.250400972555,-7.818108735601409,-0.05421269587935466,4.5,1.8,0.0,15.0,0.0,
7,77,7.7,700,motorcycle,-0.4034968571218016,6.491661635985595,-0.041144629693838086,-0.009238186000517498,2.2,0.8,0.0,15.0,0.0,
7,77,7.7,701,car,25.154175699820488,9.616726697150886,-4.007287143958609,0.008849570253399303,4.5,1.8,0.0,15.0,0.0,
7,77,7.7,702,bicycle,182.77888437901703,3.116770786169755,18.192742925324232,0.07574116407804948,1.8,0.6,0.0,15.0,0.0,
7,77,7.7,703,car,15.759990439726913,12.364819600902313,-7.787028616725469,0.05421766873339254,4.5,1.8,0.0,15.0,0.0,
7,78,7.800000000000001,700,motorcycle,-0.46858331242584916,6.470968886487155,-0.05128330823207132,0.027313861828198796,2.2,0.8,0.0,15.0,0.0,
7,78,7.800000000000001,701,car,24.832688267645814,9.629232316262076,-3.963451815089816,-0.028166573849068646,4.5,1.8,0.0,15.0,0.0,
7,78,7.800000000000001,702,bicycle,184.68669642683935,3.2183517303883415,18.226617742620466,0.00670848917406065,1.8,0.6,0.0,15.0,0.0,
7,78,7.800000000000001,703,car,15.052619911294862,12.275419154378465,-7.777110503507458,0.015025523841256123,4.5,1.8,0.0,15.0,0.0,
7,79,7.9,700,motorcycle,-0.6066632095642048,6.518427311781107,-0.11372424451616209,-0.021395914895471553,2.2,0.8,0.0,15.0,0.0,
7,79,7.9,701,car,24.440319182064464,9.556158677798795,-3.9593241131588,0.0033278495218109967,4.5,1.8,0.0,15.0,0.0,
7,79,7.9,702,bicycle,186.42734003716552,3.2751491762707747,18.188409917455154,0.11439871873673474,1.8,0.6,0.0,15.0,0.0,
7,79,7.9,703,car,14.263960978611056,12.158289739879462,-7.826327591818147,0.05737902323491506,4.5,1.8,0.0,15.0,0.0,
7,80,8.0,700,motorcycle,-0.6589507989876665,6.38205093099811,-0.07103860715977375,-0.02077869438890414,2.2,0.8,0.0,15.0,0.0,
7,80,8.0,701,car,24.10972872186052,9.649715280364408,-3.945600936218373,0.11979536978426666,4.5,1.8,0.0,15.0,0.0,
7,80,8.0,702,bicycle,188.0737067796177,3.193354168743594,18.175612417224954,0.11305867643040608,1.8,0.6,0.0,15.0,0.0,
7,80,8.0,703,car,13.661128466439461,12.287158826618855,-7.866033788855443,-0.03387573698852149,4.5,1.8,0.0,15.0,0.0,
7,81,8.1,700,motorcycle,-0.7489106632176893,6.303708242194034,0.0035966232040249707,-0.012188356169792188,2.2,0.8,0.0,15.0,0.0,
7,81,8.1,701,car,23.70401881177429,9.727153959056752,-4.028777334920072,0.0026322910634569547,4.5,1.8,0.0,15.0,0.0,
7,81,8.1,702,bicycle,189.7815808484729,3.163912676687762,18.146291382526993,-0.03189903730156285,1.8,0.6,0.0,15.0,0.0,
7,81,8.1,703,car,12.897083268224552,12.309280166858105,-7.8770248183171425,0.018534217149557813,4.5,1.8,0.0,15.0,0.0,
7,82,8.200000000000001,700,motorcycle,-0.8354124549826417,6.371866829097977,-0.006713327903855322,-0.024183178106894854,2.2,0.8,0.0,15.0,0.0,
7,82,8.200000000000001,701,car,23.22166519711198,9.703014213010084,-3.935245372077776,-0.0031656885051294828,4.5,1.8,0.0,15.0,0.0,
7,82,8.200000000000001,702,bicycle,191.48176963311127,3.2557945833662667,18.122694960737405,0.014187950217623528,1.8,0.6,0.0,15.0,0.0,
7,82,8.200000000000001,703,car,12.04881473135018,12.437357498472423,-7.906562806149441,0.06989289892887682,4.5,1.8,0.0,15.0,0.0,
7,83,8.3,700,motorcycle,-0.9410098462259059,6.342576190526429,0.06328646139148375,0.00840871123906694,2.2,0.8,0.0,15.0,0.0,
7,83,8.3,701,car,23.055287254084767,9.676100168086283,-3.9223932294297423,0.09525746360244089,4.5,1.8,0.0,15.0,0.0,
7,83,8.3,702,bicycle,193.1426468075108,3.0920195800481127,18.082919551876934,0.04066863447366629,1.8,0.6,0.0,15.0,0.0,
7,83,8.3,703,car,11.097173332402042,12.497062404128625,-7.880227471424996,0.10071951166009785,4.5,1.8,0.0,15.0,0.0,
7,84,8.4,700,motorcycle,-0.8301327075355203,6.378981214276206,0.13124310814913176,0.026945197055743338,2.2,0.8,0.0,15.0,0.0,
7,84,8.4,701,car,22.617040925679074,9.561639590381397,-3.950861509614396,-0.002003693727355883,4.5,1.8,0.0,15.0,0.0,
7,84,8.4,702,bicycle,194.96844060323343,2.8785000202394366,18.071941535130733,0.001429088477472239,1.8,0.6,0.0,15.0,0.0,
7,84,8.4,703,car,10.363904329747525,12.65974249237926,-7.870944794652732,-0.04547814381238591,4.5,1.8,0.0,15.0,0.0,
7,85,8.5,700,motorcycle,-0.9988163350807543,6.447682310087444,0.08778874017526109,0.043341848858067356,2.2,0.8,0.0,15.0,0.0,
7,85,8.5,701,car,22.36169678993389,9.40723211378348,-3.923166881676448,0.06463112051696722,4.5,1.8,0.0,15.0,0.0,
7,85,8.5,702,bicycle,196.87753868927453,2.668862076548391,18.029258932891047,-0.06400902528752116,1.8,0.6,0.0,15.0,0.0,
7,85,8.5,703,car,9.629157125796958,12.70107515472781,-8.005839388549763,-0.015041581066392083,4.5,1.8,0.0,15.0,0.0,
7,86,8.6,700,motorcycle,-0.9099654780291175,6.462479909209856,0.09510208615025414,-0.018249684335935535,2.2,0.8,0.0,15.0,0.0,
7,86,8.6,701,car,21.863486007658775,9.40552653139443,-3.9205622091146917,0.03076272601664778,4.5,1.8,0.0,15.0,0.0,
7,86,8.6,702,bicycle,198.75011457499318,2.6774482184647153,18.08400435112029,-0.018746233406788545,1.8,0.6,0.0,15.0,0.0,
7,86,8.6,703,car,8.684170729954008,12.74878052166963,-7.9995204108303,0.02484657578399317,4.5,1.8,0.0,15.0,0.0,
7,87,8.700000000000001,700,motorcycle,-1.0269004042423848,6.64155951807096,0.1306272068334362,-0.014399844549956305,2.2,0.8,0.0,15.0,0.0,
7,87,8.700000000000001,701,car,21.37788447215084,9.513241872437655,-3.9756506982178843,0.11306824123960349,4.5,1.8,0.0,15.0,0.0,
7,87,8.700000000000001,702,bicycle,200.49719451611526,2.8494987399252762,18.074780661866654,0.0790373354410154,1.8,0.6,0.0,15.0,0.0,
7,87,8.700000000000001,703,car,7.810731838188327,12.7506641595243,-7.959282944321772,0.03310385683479113,4.5,1.8,0.0,15.0,0.0,
7,88,8.8,700,motorcycle,-0.9037615001932529,6.592812306590804,0.13486762547592676,0.062419428799903566,2.2,0.8,0.0,15.0,0.0,
7,88,8.8,701,car,20.909793852157158,9.570495978549495,-3.986608710206772,0.010293705329130267,4.5,1.8,0.0,15.0,0.0,
7,88,8.8,702,bicycle,202.31312760394337,2.77067042484678,18.06174600226053,0.007246612603835297,1.8,0.6,0.0,15.0,0.0,
7,88,8.8,703,car,7.004531143884937,12.907937754503724,-7.908785166480953,0.01449902492467483,4.5,1.8,0.0,15.0,0.0,
7,89,8.9,700,motorcycle,-0.9665893559176104,6.510409997401008,0.2335581772399473,-0.050494271803609714,2.2,0.8,0.0,15.0,0.0,
7,89,8.9,701,car,20.522518942951532,9.606590849984363,-4.002174892780937,-0.05011018822886797,4.5,1.8,0.0,15.0,0.0,
7,89,8.9,702,bicycle,204.04081254026877,2.716019924616377,18.02627135880564,0.06638601965904653,1.8,0.6,0.0,15.0,0.0,
7,89,8.9,703,car,6.212740027889579,12.855557644388963,-7.903437264287593,0.033397795264745726,4.5,1.8,0.0,15.0,0.0,
7,90,9.0,700,motorcycle,-0.9776955087993736,6.600608126918599,0.17000083852211934,0.05856518160582069,2.2,0.8,0.0,15.0,0.0,
7,90,9.0,701,car,20.121406219696215,9.60178961480919,-4.03682560900418,-0.06139250652567068,4.5,1.8,0.0,15.0,0.0,
7,90,9.0,702,bicycle,205.6767724825678,2.6397422577213985,18.055655019835758,-0.048063921115233096,1.8,0.6,0.0,15.0,0.0,
7,90,9.0,703,car,5.267551482888389,12.764651113305185,-7.922678930162808,-0.017275061133117643,4.5,1.8,0.0,15.0,0.0,
7,91,9.1,700,motorcycle,-0.9735847157714381,6.703868761523787,0.2324635604266938,0.1002731252694661,2.2,0.8,0.0,15.0,0.0,
7,91,9.1,701,car,19.555232927125942,9.516201222775557,-4.001901351151192,-0.022701560776251257,4.5,1.8,0.0,15.0,0.0,
7,91,9.1,702,bicycle,207.5684166315363,2.660453600732881,18.134615230337598,0.05213580569663431,1.8,0.6,0.0,15.0,0.0,
7,91,9.1,703,car,4.581385252528006,12.723463952435814,-7.927551972461222,-0.015262672878367804,4.5,1.8,0.0,15.0,0.0,
7,92,9.200000000000001,700,motorcycle,-1.1009275740937594,6.8510456870733405,0.2697329258688544,-0.017251356204046886,2.2,0.8,0.0,15.0,0.0,
7,92,9.200000000000001,701,car,19.28550204275682,9.453164458100842,-4.093808074573956,0.05036848764468073,4.5,1.8,0.0,15.0,0.0,
7,92,9.200000000000001,702,bicycle,209.25402213125847,2.6408760541704828,18.144921382376786,0.019273267236938094,1.8,0.6,0.0,15.0,0.0,
7,92,9.200000000000001,703,car,3.8734701609022633,12.781549095062566,-7.900057346133121,-0.039537589102824566,4.5,1.8,0.0,15.0,0.0,
7,93,9.3,700,motorcycle,-1.0445299257801082,6.70049069006833,0.34783981079149584,-0.0701282411909112,2.2,0.8,0.0,15.0,0.0,
7,93,9.3,701,car,18.84147725142379,9.321277034198163,-4.1303163888672385,0.0006714207716025507,4.5,1.8,0.0,15.0,0.0,
7,93,9.3,702,bicycle,211.01563845964455,2.755300679985045,18.156266433174927,-0.02314548646142965,1.8,0.6,0.0,15.0,0.0,
7,93,9.3,703,car,3.0701062332915465,12.903519140768159,-7.854613801968897,-0.05693854470077056,4.5,1.8,0.0,15.0,0.0,
7,94,9.4,700,motorcycle,-1.077811116114919,6.747969671936767,0.3655081400928478,-0.052519077069938136,2.2,0.8,0.0,15.0,0.0,
7,94,9.4,701,car,18.50335827146773,9.232189620179524,-4.065125050174421,0.026472457812481073,4.5,1.8,0.0,15.0,0.0,
7,94,9.4,702,bicycle,212.71807265789747,2.7023930098387035,18.128943402448495,0.007993836065116543,1.8,0.6,0.0,15.0,0.0,
7,94,9.4,703,car,2.264247163293408,12.788970249429982,-7.924326759280026,0.027451166719893068,4.5,1.8,0.0,15.0,0.0,
7,95,9.5,700,motorcycle,-1.0126366156492181,6.75852342765727,0.37904473304087083,-0.030945957376251755,2.2,0.8,0.0,15.0,0.0,
7,95,9.5,701,car,18.1152450022278,9.48604017667795,-4.006396694137064,-0.01442042254799186,4.5,1.8,0.0,15.0,0.0,
7,95,9.5,702,bicycle,214.4786298234322,2.416349070089547,18.18237811009773,0.03933026768874064,1.8,0.6,0.0,15.0,0.0,
7,95,9.5,703,car,1.417431690437756,12.64579948114227,-7.982090131439512,0.022219893123971143,4.5,1.8,0.0,15.0,0.0,
7,96,9.600000000000001,700,motorcycle,-0.9836662157113825,6.827682629417998,0.38336688995928,0.04833794160582422,2.2,0.8,0.0,15.0,0.0,
7,96,9.600000000000001,701,car,17.75156284685332,9.568919714694017,-4.1108808646831605,-0.061717278524873,4.5,1.8,0.0,15.0,0.0,
7,96,9.600000000000001,702,bicycle,216.2604324674532,2.524305948579571,18.276404596401118,-0.008211789119343896,1.8,0.6,0.0,15.0,0.0,
7,96,9.600000000000001,703,car,0.5580646709049868,12.45030262671649,-7.938911943235854,-0.027509528759723845,4.5,1.8,0.0,15.0,0.0,
7,97,9.700000000000001,700,motorcycle,-0.6494960597796389,6.753742237414547,0.4886306448023132,0.03741836917937335,2.2,0.8,0.0,15.0,0.0,
7,97,9.700000000000001,701,car,17.23764832045287,9.592134093558375,-4.072311838355637,-0.011262609625829152,4.5,1.8,0.0,15.0,0.0,
7,97,9.700000000000001,702,bicycle,218.17187119814855,2.605901664514437,18.306221521430825,-0.0008236684023752807,1.8,0.6,0.0,15.0,0.0,
7,97,9.700000000000001,703,car,-0.35332053234921135,12.442624089168966,-7.930108710050062,-0.09380254355189123,4.5,1.8,0.0,15.0,0.0,
7,98,9.8,700,motorcycle,-0.5837094637002731,6.744062110933532,0.4237993412630655,-0.01665031953458784,2.2,0.8,0.0,15.0,0.0,
7,98,9.8,701,car,16.799232501933876,9.785143546907717,-4.061305921046769,0.051802262565729944,4.5,1.8,0.0,15.0,0.0,
7,98,9.8,702,bicycle,219.99071181984257,2.4185100128309287,18.339838613871905,-0.03290933647937707,1.8,0.6,0.0,15.0,0.0,
7,98,9.8,703,car,-1.1798914163530085,12.33732696425742,-7.926470316853994,0.05325891808112261,4.5,1.8,0.0,15.0,0.0,
7,99,9.9,700,motorcycle,-0.4480557187265039,6.902681061712048,0.5101973141607711,-0.10229371151291118,2.2,0.8,0.0,15.0,0.0,
7,99,9.9,701,car,16.273739853736284,9.604324389075062,-4.029709400527289,-0.03465408918995763,4.5,1.8,0.0,15.0,0.0,
7,99,9.9,702,bicycle,221.77577764804536,2.396850269638183,18.35896714827644,-0.07426605240032282,1.8,0.6,0.0,15.0,0.0,
7,99,9.9,703,car,-2.0984247943018164,12.33745658491053,-7.866533020046271,-0.001269870162554236,4.5,1.8,0.0,15.0,0.0,
8,0,0.0,800,car,17.863818047417332,-10.416346198464526,17.533154576757003,-0.2335857127595642,4.5,1.8,0.0,15.0,0.0,
8,0,0.0,801,car,2.83804522765978,-3.541286794527143,-3.592092820145756,-0.09182872548722756,4.5,1.8,0.0,15.0,0.0,
8,0,0.0,802,car,-12.654186419310678,7.781822520566414,2.223244283948458,-0.24283071217417165,4.5,1.8,0.0,15.0,0.0,
8,0,0.0,803,car,-5.206937795743611,5.734957230593785,-7.536882270406418,-0.021218430033461223,4.5,1.8,0.0,15.0,0.0,
8,0,0.0,804,bicycle,-0.9237135609903779,-6.271257784984543,14.01859645580863,0.2879124429572037,1.8,0.6,0.0,15.0,0.0,
8,1,0.1,800,car,19.60192899703695,-10.388013090664074,17.51494141361837,-0.25030568295192696,4.5,1.8,0.0,15.0,0.0,
8,1,0.1,801,car,2.482508448471653,-3.6570495254796045,-3.7037310870746043,-0.07987198237062568,4.5,1.8,0.0,15.0,0.0,
8,1,0.1,802,car,-12.63075198584535,7.658235579034525,2.1346651660010294,-0.3252529345622368,4.5,1.8,0.0,15.0,0.0,
8,1,0.1,803,car,-5.917990505372324,5.710604571084431,-7.549802293179824,-0.08701351921466169,4.5,1.8,0.0,15.0,0.0,
8,1,0.1,804,bicycle,0.4125611757066291,-6.204821024767803,14.015992092543305,0.32904614600930293,1.8,0.6,0.0,15.0,0.0,
8,2,0.2,800,car,21.44993233961138,-10.438265644785089,17.422328949322345,-0.2881379279052378,4.5,1.8,0.0,15.0,0.0,
8,2,0.2,801,car,2.102366411676923,-3.7426854289170786,-3.756462297641292,-0.07638436815945138,4.5,1.8,0.0,15.0,0.0,
8,2,0.2,802,car,-12.174255158971919,7.576891479374663,2.134524873376441,-0.3908547284237862,4.5,1.8,0.0,15.0,0.0,
8,2,0.2,803,car,-6.548630629186155,5.789377523498107,-7.509515586206528,-0.019023728649424435,4.5,1.8,0.0,15.0,0.0,
8,2,0.2,804,bicycle,1.771426249491479,-6.202158192151435,14.101486019137639,0.36068255115653086,1.8,0.6,0.0,15.0,0.0,
8,3,0.30000000000000004,800,car,22.9702430524092,-10.421597340011912,17.393244046283865,-0.24322933667240493,4.5,1.8,0.0,15.0,0.0,
8,3,0.30000000000000004,801,car,1.7675392288548113,-3.924378142135304,-3.7430207891165184,-0.06585298179687099,4.5,1.8,0.0,15.0,0.0,
8,3,0.30000000000000004,802,car,-11.924456422987795,7.595358891723616,2.209323171367527,-0.3701602789430713,4.5,1.8,0.0,15.0,0.0,
8,3,0.30000000000000004,803,car,-7.297292341759361,5.902271906051987,-7.39737855002704,0.026729809058980022,4.5,1.8,0.0,15.0,0.0,
8,3,0.30000000000000004,804,bicycle,3.2021954640860515,-6.12283688205889,14.11428820710755,0.36160847192019724,1.8,0.6,0.0,15.0,0.0,
8,4,0.4,800,car,24.926084540188224,-10.520825611110796,17.450989337696,-0.24952218380743363,4.5,1.8,0.0,15.0,0.0,
8,4,0.4,801,car,1.245195232929287,-3.9497952146736415,-3.770359580804214,-0.03697411587598802,4.5,1.8,0.0,15.0,0.0,
8,4,0.4,802,car,-11.694394083585186,7.456140177464512,2.282873567042013,-0.31565357871928507,4.5,1.8,0.0,15.0,0.0,
8,4,0.4,803,car,-7.878424643552424,5.928641353364697,-7.399165203441075,0.061907833189911075,4.5,1.8,0.0,15.0,0.0,
8,4,0.4,804,bicycle,4.555876782704716,-6.073670079394887,14.105504312141482,0.2885567560607012,1.8,0.6,0.0,15.0,0.0,
8,5,0.5,800,car,26.68392902444173,-10.58987451866587,17.438861729495084,-0.2313329365249359,4.5,1.8,0.0,15.0,0.0,
8,5,0.5,801,car,0.9954125882475281,-4.038369635316038,-3.787187491560682,-0.07522825069397857,4.5,1.8,0.0,15.0,0.0,
8,5,0.5,802,car,-11.549124785660883,7.365117925227606,2.2730510529012533,-0.28635999587540983,4.5,1.8,0.0,15.0,0.0,
8,5,0.5,803,car,-8.586296587418047,5.829146436775363,-7.334457187245217,0.10912844851376297,4.5,1.8,0.0,15.0,0.0,
8,5,0.5,804,bicycle,5.8763086488578935,-5.9224033145968615,14.121851232771297,0.28073399091443885,1.8,0.6,0.0,15.0,0.0,
8,6,0.6000000000000001,800,car,28.463623201839173,-10.615584891880916,17.466115662219153,-0.22196716036837752,4.5,1.8,0.0,15.0,0.0,
8,6,0.6000000000000001,801,car,0.5829512338642396,-4.2484751363015745,-3.7608283645290856,-0.09391101461331525,4.5,1.8,0.0,15.0,0.0,
8,6,0.6000000000000001,802,car,-11.244025019406234,7.384649431867637,2.2556678423434526,-0.23521058632154307,4.5,1.8,0.0,15.0,0.0,
8,6,0.6000000000000001,803,car,-9.299258139958912,5.8564235663645485,-7.3413627215833746,0.19330623412575287,4.5,1.8,0.0,15.0,0.0,
8,6,0.6000000000000001,804,bicycle,7.217167099225458,-5.926597369251324,14.059984475517297,0.31707054478066415,1.8,0.6,0.0,15.0,0.0,
8,7,0.7000000000000001,800,car,30.15201986742532,-10.684785166090386,17.440268830611295,-0.21883106456525814,4.5,1.8,0.0,15.0,0.0,
8,7,0.7000000000000001,801,car,0.08179243894541646,-4.482190764373132,-3.7379431626594473,-0.19958889992350076,4.5,1.8,0.0,15.0,0.0,
8,7,0.7000000000000001,802,car,-10.93304445677415,7.516981148188998,2.2474566521467008,-0.1702359389855186,4.5,1.8,0.0,15.0,0.0,
8,7,0.7000000000000001,803,car,-10.035820054071571,6.03567830568491,-7.364173614189035,0.07506214365419678,4.5,1.8,0.0,15.0,0.0,
8,7,0.7000000000000001,804,bicycle,8.615174372366537,-5.724093995432184,14.086732890814318,0.29130438335377196,1.8,0.6,0.0,15.0,0.0,
8,8,0.8,800,car,31.928936867414922,-10.609555788701657,17.43598800866557,-0.08751156029813914,4.5,1.8,0.0,15.0,0.0,
8,8,0.8,801,car,-0.343743672972477,-4.4018985821610075,-3.6998463008353575,-0.23458027115840363,4.5,1.8,0.0,15.0,0.0,
8,8,0.8,802,car,-10.750742818294247,7.601767419038383,2.254696046526913,-0.15333235264915496,4.5,1.8,0.0,15.0,0.0,
8,8,0.8,803,car,-10.93583415086091,6.1087843855665405,-7.349808771984907,0.0718666425221391,4.5,1.8,0.0,15.0,0.0,
8,8,0.8,804,bicycle,10.059936847753878,-5.735885327809231,14.057137765620144,0.27921010677181646,1.8,0.6,0.0,15.0,0.0,
8,9,0.9,800,car,33.626115350449645,-10.400253988627151,17.48158154510775,-0.1359350064967242,4.5,1.8,0.0,15.0,0.0,
8,9,0.9,801,car,-0.5100987028299285,-4.468642270420479,-3.6983735324621434,-0.18970941141183761,4.5,1.8,0.0,15.0,0.0,
8,9,0.9,802,car,-10.722272068031318,7.562731599079371,2.2260293539785545,-0.1430783486719482,4.5,1.8,0.0,15.0,0.0,
8,9,0.9,803,car,-11.633810059732856,6.10824511328552,-7.355991136893856,0.12512321115391134,4.5,1.8,0.0,15.0,0.0,
8,9,0.9,804,bicycle,11.495799217349298,-5.703821816126855,14.06453129519315,0.3710045566483274,1.8,0.6,0.0,15.0,0.0,
8,10,1.0,800,car,35.39154090265883,-10.465292339773395,17.3861315906772,-0.20763187519847187,4.5,1.8,0.0,15.0,0.0,
8,10,1.0,801,car,-0.926638645584119,-4.4984508959570775,-3.7261546054426553,-0.17215221255954716,4.5,1.8,0.0,15.0,0.0,
8,10,1.0,802,car,-10.556519937084293,7.456974837198634,2.256661545746425,-0.07460862382804755,4.5,1.8,0.0,15.0,0.0,
8,10,1.0,803,car,-12.480125933196895,6.145129020771693,-7.451241369801546,0.05139630461755336,4.5,1.8,0.0,15.0,0.0,
8,10,1.0,804,bicycle,12.843375764070895,-5.553230317224303,14.025595993707876,0.3301995329100499,1.8,0.6,0.0,15.0,0.0,
8,11,1.1,800,car,37.133762789916,-10.482347166178258,17.346875017039466,-0.10832079683530994,4.5,1.8,0.0,15.0,0.0,
8,11,1.1,801,car,-1.325790443439922,-4.504307618971224,-3.7462435823281774,-0.15015363445198818,4.5,1.8,0.0,15.0,0.0,
8,11,1.1,802,car,-10.207358026539238,7.615880344511286,2.2185482619832313,-0.01956886501298693,4.5,1.8,0.0,15.0,0.0,
8,11,1.1,803,car,-13.170281988221948,6.247722312179456,-7.455835333436186,0.042044265953444335,4.5,1.8,0.0,15.0,0.0,
8,11,1.1,804,bicycle,14.339506828013082,-5.42474111332767,14.10388202190097,0.34012691068257433,1.8,0.6,0.0,15.0,0.0,
8,12,1.2000000000000002,800,car,38.85775882885647,-10.739164603861209,17.266311990139698,-0.1280333770944796,4.5,1.8,0.0,15.0,0.0,
8,12,1.2000000000000002,801,car,-1.810520694797361,-4.4379099258730985,-3.811744630407125,-0.17521885086950256,4.5,1.8,0.0,15.0,0.0,
8,12,1.2000000000000002,802,car,-10.031705849654763,7.7343977663499315,2.188136324532249,0.003051740889412482,4.5,1.8,0.0,15.0,0.0,
8,12,1.2000000000000002,803,car,-13.896294908813294,6.342255587319529,-7.413324580830362,0.04037226030996712,4.5,1.8,0.0,15.0,0.0,
8,12,1.2000000000000002,804,bicycle,15.580265578942461,-5.413902510923975,14.102884239674363,0.3544273723402132,1.8,0.6,0.0,15.0,0.0,
8,13,1.3,800,car,40.51063451334836,-10.637877829729796,17.266992961055447,-0.1740582444850859,4.5,1.8,0.0,15.0,0.0,
8,13,1.3,801,car,-2.2375179417122415,-4.262577545563365,-3.7785257357598003,-0.12279602309128237,4.5,1.8,0.0,15.0,0.0,
8,13,1.3,802,car,-9.91705091417288,7.665819971220493,2.154065209238187,0.01227142776884358,4.5,1.8,0.0,15.0,0.0,
8,13,1.3,803,car,-14.655027550004887,6.297343372224824,-7.431528060455535,0.0006705009762136352,4.5,1.8,0.0,15.0,0.0,
8,13,1.3,804,bicycle,16.972570074219753,-5.26713821530658,14.027227272096876,0.37175134402197474,1.8,0.6,0.0,15.0,0.0,
8,14,1.4000000000000001,800,car,42.37534307894186,-10.67360236403486,17.240549159598153,-0.12784667018755644,4.5,1.8,0.0,15.0,0.0,
8,14,1.4000000000000001,801,car,-2.713792702975106,-4.2771263008663665,-3.8305179407790866,-0.21630107159249637,4.5,1.8,0.0,15.0,0.0,
8,14,1.4000000000000001,802,car,-9.716842819728539,7.540707607670679,2.1534816835717283,0.0680229089878789,4.5,1.8,0.0,15.0,0.0,
8,14,1.4000000000000001,803,car,-15.212754815382478,6.306763350716767,-7.380567268856755,0.0206186334815453,4.5,1.8,0.0,15.0,0.0,
8,14,1.4000000000000001,804,bicycle,18.336981440041935,-5.422440716297472,14.108551888450982,0.3192962345579186,1.8,0.6,0.0,15.0,0.0,
8,15,1.5,800,car,44.23767508604345,-10.63270626812739,17.191748520335786,-0.11224675209660878,4.5,1.8,0.0,15.0,0.0,
8,15,1.5,801,car,-2.8835533909244817,-4.145191149939238,-3.856153593585809,-0.2519001095017305,4.5,1.8,0.0,15.0,0.0,
8,15,1.5,802,car,-9.49147384763976,7.530958525672484,2.2134685528538647,0.10500236580896911,4.5,1.8,0.0,15.0,0.0,
8,15,1.5,803,car,-16.120035702420996,6.354692739607312,-7.389521816900123,0.022474040282948627,4.5,1.8,0.0,15.0,0.0,
8,15,1.5,804,bicycle,19.7727309303131,-5.27063819231402,14.157441536628284,0.2818090975235538,1.8,0.6,0.0,15.0,0.0,
8,16,1.6,800,car,45.95098874130806,-10.688783082622772,17.107656221890455,-0.1177152774766633,4.5,1.8,0.0,15.0,0.0,
8,16,1.6,801,car,-3.084693307527153,-4.341585500264387,-3.8573566832688124,-0.25470701677221425,4.5,1.8,0.0,15.0,0.0,
8,16,1.6,802,car,-9.241353445177943,7.445186266513987,2.142213023313867,0.036072482969237804,4.5,1.8,0.0,15.0,0.0,
8,16,1.6,803,car,-16.72589450827786,6.258671546199421,-7.414499926482781,0.12770567021359733,4.5,1.8,0.0,15.0,0.0,
8,16,1.6,804,bicycle,21.11504951829828,-5.208217322766572,14.21063212045956,0.332595106872516,1.8,0.6,0.0,15.0,0.0,
8,17,1.7000000000000002,800,car,47.52859672779273,-10.771889855140587,17.122774420703053,-0.021264404607498677,4.5,1.8,0.0,15.0,0.0,
8,17,1.7000000000000002,801,car,-3.546580041718154,-4.416417500352716,-3.836377962198762,-0.22372410540479543,4.5,1.8,0.0,15.0,0.0,
8,17,1.7000000000000002,802,car,-8.959106742416282,7.364157928327431,2.115610616467147,0.046847542959336234,4.5,1.8,0.0,15.0,0.0,
8,17,1.7000000000000002,803,car,-17.34111336966331,6.247593705008938,-7.415615021486972,0.07640924835662685,4.5,1.8,0.0,15.0,0.0,
8,17,1.7000000000000002,804,bicycle,22.72243541353346,-5.159531517365149,14.264519859437396,0.334089967275896,1.8,0.6,0.0,15.0,0.0,
8,18,1.8,800,car,49.24940087638738,-10.924047184686543,17.015236327218425,0.04133085598429928,4.5,1.8,0.0,15.0,0.0,
8,18,1.8,801,car,-3.922412016511788,-4.418147098594534,-3.8988306498087826,-0.2688773142944766,4.5,1.8,0.0,15.0,0.0,
8,18,1.8,802,car,-8.641315480656068,7.542857059707509,2.0845469157785192,0.08042170737748902,4.5,1.8,0.0,15.0,0.0,
8,18,1.8,803,car,-18.06367237854385,6.243181735836828,-7.323017070478056,0.05374916605548925,4.5,1.8,0.0,15.0,0.0,
8,18,1.8,804,bicycle,24.272958663178947,-5.087980188933354,14.263675393319154,0.40269082592754996,1.8,0.6,0.0,15.0,0.0,
8,19,1.9000000000000001,800,car,50.979937958951524,-10.929556852079342,17.084208435867527,0.10379396867289387,4.5,1.8,0.0,15.0,0.0,
8,19,1.9000000000000001,801,car,-4.192098749377279,-4.833815264185948,-3.876821818521862,-0.2582714546409781,4.5,1.8,0.0,15.0,0.0,
8,19,1.9000000000000001,802,car,-8.436347114486765,7.611877193842526,2.0975747594037455,0.11431207824384809,4.5,1.8,0.0,15.0,0.0,
8,19,1.9000000000000001,803,car,-18.822770266367154,6.398374715460026,-7.284069860889415,0.08087549558123126,4.5,1.8,0.0,15.0,0.0,
8,19,1.9000000000000001,804,bicycle,25.74869672588155,-4.931982975591243,14.314759782665929,0.3970522232502356,1.8,0.6,0.0,15.0,0.0,
8,20,2.0,800,car,52.787389840620605,-10.901772231207849,17.180054775442542,0.15868035922524215,4.5,1.8,0.0,15.0,0.0,
8,20,2.0,801,car,-4.642341863085635,-4.62657134070502,-3.9819238103213532,-0.226403717607526,4.5,1.8,0.0,15.0,0.0,
8,20,2.0,802,car,-8.296214371490919,7.811526431034213,2.1102150626685097,0.07462230498949203,4.5,1.8,0.0,15.0,0.0,
8,20,2.0,803,car,-19.577826723678054,6.33506911915159,-7.29935870981792,0.06444311478675602,4.5,1.8,0.0,15.0,0.0,
8,20,2.0,804,bicycle,27.10505711727804,-4.865271372107957,14.334320990836266,0.3472369036864372,1.8,0.6,0.0,15.0,0.0,
8,21,2.1,800,car,54.33956844186046,-10.854808550070366,17.20665080299852,0.19519119732330384,4.5,1.8,0.0,15.0,0.0,
8,21,2.1,801,car,-4.985416805958358,-4.491940034892074,-3.93207041597479,-0.0924123077867472,4.5,1.8,0.0,15.0,0.0,
8,21,2.1,802,car,-7.775128145540773,7.643178402768691,2.0003581311067173,0.0742527400971563,4.5,1.8,0.0,15.0,0.0,
8,21,2.1,803,car,-20.257339351671813,6.333924929729694,-7.264179687515032,0.05093101101683725,4.5,1.8,0.0,15.0,0.0,
8,21,2.1,804,bicycle,28.469094140020257,-4.884836767724417,14.324312572383056,0.3894125208894447,1.8,0.6,0.0,15.0,0.0,
8,22,2.2,800,car,56.01155945249373,-10.864186300629708,17.235161645200737,0.18525137744604436,4.5,1.8,0.0,15.0,0.0,
8,22,2.2,801,car,-5.266952792491297,-4.593131888894255,-3.9888886037980646,-0.07718085608583006,4.5,1.8,0.0,15.0,0.0,
8,22,2.2,802,car,-7.5346634862036215,7.564107727370065,2.0675379011730888,0.1704995805856676,4.5,1.8,0.0,15.0,0.0,
8,22,2.2,803,car,-21.046542741707388,6.487748098104497,-7.3832862961150685,0.1047366243527385,4.5,1.8,0.0,15.0,0.0,
8,22,2.2,804,bicycle,29.81574912014572,-4.748288247438259,14.276248773085221,0.38598814415810495,1.8,0.6,0.0,15.0,0.0,
8,23,2.3000000000000003,800,car,57.65406405735961,-10.867049232663312,17.326657846647258,0.17985448761637407,4.5,1.8,0.0,15.0,0.0,
8,23,2.3000000000000003,801,car,-5.45481149047852,-4.6394312306121215,-3.9143003686077247,-0.1584654864114702,4.5,1.8,0.0,15.0,0.0,
8,23,2.3000000000000003,802,car,-7.356560601624131,7.5275466868960965,2.1444231812129457,0.1797620198874713,4.5,1.8,0.0,15.0,0.0,
8,23,2.3000000000000003,803,car,-21.993679688283642,6.367208795067414,-7.433919408584038,0.15143913905834694,4.5,1.8,0.0,15.0,0.0,
8,23,2.3000000000000003,804,bicycle,31.323874745819868,-4.73972937631856,14.248823283404343,0.4218075562006076,1.8,0.6,0.0,15.0,0.0,
8,24,2.4000000000000004,800,car,59.27377753278114,-10.80329688610664,17.345283746490768,0.16612500796303584,4.5,1.8,0.0,15.0,0.0,
8,24,2.4000000000000004,801,car,-5.806473730834721,-4.6450683439458,-3.889429393869898,-0.22517060183547488,4.5,1.8,0.0,15.0,0.0,
8,24,2.4000000000000004,802,car,-7.080668085449966,7.648183021835071,2.160470752241168,0.2098228124370463,4.5,1.8,0.0,15.0,0.0,
8,24,2.4000000000000004,803,car,-22.748063560883022,6.471485965599554,-7.430657052185046,0.09404207493561642,4.5,1.8,0.0,15.0,0.0,
8,24,2.4000000000000004,804,bicycle,32.830778689648625,-4.860963245449276,14.262962270618763,0.40259641369825866,1.8,0.6,0.0,15.0,0.0,
8,25,2.5,800,car,60.96349333245974,-10.769485510317715,17.309819336949868,0.19173530866942745,4.5,1.8,0.0,15.0,0.0,
8,25,2.5,801,car,-6.18973700695951,-4.7293147992705675,-3.822520415367582,-0.21493147132049997,4.5,1.8,0.0,15.0,0.0,
8,25,2.5,802,car,-6.801540916883402,7.810824176028218,2.230479679030887,0.23881208512985572,4.5,1.8,0.0,15.0,0.0,
8,25,2.5,803,car,-23.521395086202507,6.337919794339395,-7.4203225171610585,0.1487712907264857,4.5,1.8,0.0,15.0,0.0,
8,25,2.5,804,bicycle,34.29250639864983,-5.16516200905624,14.306465378360086,0.4491713714370458,1.8,0.6,0.0,15.0,0.0,
8,26,2.6,800,car,62.6643530467821,-10.651475811925419,17.341217607669538,0.15745996905532597,4.5,1.8,0.0,15.0,0.0,
8,26,2.6,801,car,-6.4448589368745,-4.877555638713229,-3.8253826489195286,-0.22278158695910424,4.5,1.8,0.0,15.0,0.0,
8,26,2.6,802,car,-6.661036764199192,7.8650847713061,2.29599812400954,0.3011991787229251,4.5,1.8,0.0,15.0,0.0,
8,26,2.6,803,car,-24.19106091644442,6.183204672724014,-7.487120132204915,0.15707974671442412,4.5,1.8,0.0,15.0,0.0,
8,26,2.6,804,bicycle,35.719729432377484,-5.170052854662367,14.401731538232827,0.45446437909560283,1.8,0.6,0.0,15.0,0.0,
8,27,2.7,800,car,64.45271608166813,-10.53694042692504,17.34396553015316,0.28701307745094445,4.5,1.8,0.0,15.0,0.0,
8,27,2.7,801,car,-6.921434432010023,-4.960440956398552,-3.8725239348336538,-0.14464867263773906,4.5,1.8,0.0,15.0,0.0,
8,27,2.7,802,car,-6.351228364376373,7.840789497906534,2.252804305261801,0.3704437037530553,4.5,1.8,0.0,15.0,0.0,
8,27,2.7,803,car,-24.903604158131024,6.33995444425709,-7.4901275997439924,0.1826565128361041,4.5,1.8,0.0,15.0,0.0,
8,27,2.7,804,bicycle,37.189925351725165,-5.187017550190213,14.394524330292377,0.3952492118806856,1.8,0.6,0.0,15.0,0.0,
8,28,2.8000000000000003,800,car,66.23652331705617,-10.432114244545259,17.393473590158425,0.32034032210949476,4.5,1.8,0.0,15.0,0.0,
8,28,2.8000000000000003,801,car,-7.321507839143691,-4.8197087591546275,-3.8279085104471764,-0.07522135755488381,4.5,1.8,0.0,15.0,0.0,
8,28,2.8000000000000003,802,car,-5.980819263403158,7.8652739027511505,2.2721982781064627,0.4091719629279292,4.5,1.8,0.0,15.0,0.0,
8,28,2.8000000000000003,803,car,-25.767531096858864,6.245522778302821,-7.555093182043747,0.17725150841010961,4.5,1.8,0.0,15.0,0.0,
8,28,2.8000000000000003,804,bicycle,38.59604607883325,-5.291059691831669,14.401992241677311,0.390468266044856,1.8,0.6,0.0,15.0,0.0,
8,29,2.9000000000000004,800,car,68.09409469307971,-10.198782304421064,17.416296107179136,0.285508796041183,4.5,1.8,0.0,15.0,0.0,
8,29,2.9000000000000004,801,car,-7.639626252453701,-4.826300602578069,-3.8399147731362513,-0.1183014136138744,4.5,1.8,0.0,15.0,0.0,
8,29,2.9000000000000004,802,car,-5.800021439514713,7.888411997916561,2.312403097714735,0.4347232419483225,4.5,1.8,0.0,15.0,0.0,
8,29,2.9000000000000004,803,car,-26.34048280077039,6.330681736528479,-7.5338784358156285,0.16193999013648092,4.5,1.8,0.0,15.0,0.0,
8,29,2.9000000000000004,804,bicycle,39.93249900481631,-5.3090022094124985,14.367000308539215,0.2624229251482657,1.8,0.6,0.0,15.0,0.0,
8,30,3.0,800,car,69.7348611255402,-10.010010448680347,17.434726117827086,0.2666826032739282,4.5,1.8,0.0,15.0,0.0,
8,30,3.0,801,car,-7.983769747553326,-5.0334711965123935,-3.82580988731313,-0.05442680045650024,4.5,1.8,0.0,15.0,0.0,
8,30,3.0,802,car,-5.580892724452177,7.754685369486536,2.2917060709759003,0.4986863416974785,4.5,1.8,0.0,15.0,0.0,
8,30,3.0,803,car,-27.068007678662184,6.205044726062771,-7.415496976856435,0.09924956432422427,4.5,1.8,0.0,15.0,0.0,
8,30,3.0,804,bicycle,41.34490657750891,-5.3864985169628925,14.315200207793534,0.23981536936150788,1.8,0.6,0.0,15.0,0.0,
8,31,3.1,800,car,71.54194875330752,-9.854289043830995,17.415417709225462,0.21617542556468194,4.5,1.8,0.0,15.0,0.0,
8,31,3.1,801,car,-8.318486804618658,-4.988117518665125,-3.8137910705354576,-0.04063980981116361,4.5,1.8,0.0,15.0,0.0,
8,31,3.1,802,car,-5.3629787619889555,7.814369089111872,2.2826235145447216,0.5521985280493347,4.5,1.8,0.0,15.0,0.0,
8,31,3.1,803,car,-27.586711426277237,6.232934997665913,-7.415825589255003,0.11204263260872767,4.5,1.8,0.0,15.0,0.0,
8,31,3.1,804,bicycle,42.71063441818993,-5.28601914291626,14.33725902824759,0.21879185895937336,1.8,0.6,0.0,15.0,0.0,
8,32,3.2,800,car,73.37369720613432,-9.830772524439988,17.366914877301742,0.23375564783582994,4.5,1.8,0.0,15.0,0.0,
8,32,3.2,801,car,-8.676166661332271,-4.896139685035179,-3.772213723031715,-0.0461011263426017,4.5,1.8,0.0,15.0,0.0,
8,32,3.2,802,car,-5.1819251041758365,7.869763316922585,2.3007889585281545,0.5763862469375871,4.5,1.8,0.0,15.0,0.0,
8,32,3.2,803,car,-28.298152764389126,6.235063066579609,-7.365984738253842,0.07832753790406383,4.5,1.8,0.0,15.0,0.0,
8,32,3.2,804,bicycle,44.39230066623018,-5.187832919004947,14.28088475808909,0.22805332550619414,1.8,0.6,0.0,15.0,0.0,
8,33,3.3000000000000003,800,car,75.1876570456677,-9.842333870208376,17.29215767492291,0.18180245075588516,4.5,1.8,0.0,15.0,0.0,
8,33,3.3000000000000003,801,car,-8.999178739200888,-5.076211444926276,-3.8446809516240164,-0.0192593889959054,4.5,1.8,0.0,15.0,0.0,
8,33,3.3000000000000003,802,car,-4.974101130007703,7.857823902655864,2.276052351162028,0.5028455562953711,4.5,1.8,0.0,15.0,0.0,
8,33,3.3000000000000003,803,car,-28.986305895169018,6.162241464868271,-7.392772347483036,0.09566679473342272,4.5,1.8,0.0,15.0,0.0,
8,33,3.3000000000000003,804,bicycle,45.794726388493665,-5.235492917417762,14.181412836852894,0.24642461779958488,1.8,0.6,0.0,15.0,0.0,
8,34,3.4000000000000004,800,car,76.92477210992084,-9.875892370901125,17.240287719649565,0.1824405746885614,4.5,1.8,0.0,15.0,0.0,
8,34,3.4000000000000004,801,car,-9.335599658310713,-5.068361495693437,-3.7627776755994087,0.015979336134346035,4.5,1.8,0.0,15.0,0.0,
8,34,3.4000000000000004,802,car,-4.757224203858905,7.9819363338950575,2.278485465081582,0.5051051940215038,4.5,1.8,0.0,15.0,0.0,
8,34,3.4000000000000004,803,car,-29.59594675018622,6.082002356527561,-7.391606865080288,0.15515229486590296,4.5,1.8,0.0,15.0,0.0,
8,34,3.4000000000000004,804,bicycle,47.243766727996444,-5.2477557541746815,14.096104848584186,0.1329072706898994,1.8,0.6,0.0,15.0,0.0,
8,35,3.5,800,car,78.85641900086186,-9.826797131307188,17.211084062695253,0.19991341914505345,4.5,1.8,0.0,15.0,0.0,
8,35,3.5,801,car,-9.806644839700988,-5.099883689819628,-3.809824695249057,-0.05468434309387919,4.5,1.8,0.0,15.0,0.0,
8,35,3.5,802,car,-4.739874151934538,7.872681114074324,2.329549853278455,0.4557610959610022,4.5,1.8,0.0,15.0,0.0,
8,35,3.5,803,car,-30.28161822551396,6.1931823249986735,-7.390777880819915,0.1402239342498494,4.5,1.8,0.0,15.0,0.0,
8,35,3.5,804,bicycle,48.66667950490763,-5.276127063758103,14.156300311687017,0.22673396439712404,1.8,0.6,0.0,15.0,0.0,
8,36,3.6,800,car,80.72250859016847,-10.02196211287004,17.189232724752248,0.20012137608411126,4.5,1.8,0.0,15.0,0.0,
8,36,3.6,801,car,-10.14132151318364,-5.2780835778992214,-3.896996878267505,0.01065514438739043,4.5,1.8,0.0,15.0,0.0,
8,36,3.6,802,car,-4.5628310984676705,7.769516589825101,2.274367812892307,0.475284828126613,4.5,1.8,0.0,15.0,0.0,
8,36,3.6,803,car,-31.102950782242303,6.231367282642063,-7.43971424895724,0.05301392788064839,4.5,1.8,0.0,15.0,0.0,
8,36,3.6,804,bicycle,50.22474755239846,-5.213634676189493,14.139612768625112,0.20066587831304356,1.8,0.6,0.0,15.0,0.0,
8,37,3.7,800,car,82.58792189955122,-9.942796970708757,17.246573376334037,0.17093674220965127,4.5,1.8,0.0,15.0,0.0,
8,37,3.7,801,car,-10.525954546992432,-5.236798171860829,-3.924500333733197,0.005878538937208435,4.5,1.8,0.0,15.0,0.0,
8,37,3.7,802,car,-4.393755351166765,7.8569509923879846,2.208298104699778,0.5038833290889659,4.5,1.8,0.0,15.0,0.0,
8,37,3.7,803,car,-31.815850886963737,6.216337822579396,-7.417238391674636,0.034766904693999526,4.5,1.8,0.0,15.0,0.0,
8,37,3.7,804,bicycle,51.57169575512824,-5.1391954728793205,14.168963468882831,0.17530236637259183,1.8,0.6,0.0,15.0,0.0,
8,38,3.8000000000000003,800,car,84.25327400796031,-9.944000644863838,17.218973093693336,0.24719269770376473,4.5,1.8,0.0,15.0,0.0,
8,38,3.8000000000000003,801,car,-10.886757008946331,-5.234750294612387,-3.9711365824176488,0.04282801128904046,4.5,1.8,0.0,15.0,0.0,
8,38,3.8000000000000003,802,car,-4.234086030691229,7.842064594188777,2.246928837853607,0.5232494651385609,4.5,1.8,0.0,15.0,0.0,
8,38,3.8000000000000003,803,car,-32.80791948704476,6.2040374366723645,-7.410962410647255,0.01778709690494152,4.5,1.8,0.0,15.0,0.0,
8,38,3.8000000000000003,804,bicycle,53.00462846858551,-5.302634036532963,14.027412438915794,0.1265289544540783,1.8,0.6,0.0,15.0,0.0,
8,39,3.9000000000000004,800,car,86.00339602950636,-10.241776997945552,17.17679579033136,0.15105464924379539,4.5,1.8,0.0,15.0,0.0,
8,39,3.9000000000000004,801,car,-11.30813308444123,-5.034677567687898,-3.981995382150854,0.03745286902249706,4.5,1.8,0.0,15.0,0.0,
8,39,3.9000000000000004,802,car,-3.9254700528270448,7.89652019648369,2.23617924934414,0.5695817613458111,4.5,1.8,0.0,15.0,0.0,
8,39,3.9000000000000004,803,car,-33.5018270130583,6.2346787225195035,-7.417901418275629,0.00048386166858833957,4.5,1.8,0.0,15.0,0.0,
8,39,3.9000000000000004,804,bicycle,54.49908680100026,-5.323627403075473,14.088975082883595,0.07417163613961418,1.8,0.6,0.0,15.0,0.0,
8,40,4.0,800,car,87.86445400399008,-10.17946752471233,17.12836904417876,0.1765035809714107,4.5,1.8,0.0,15.0,0.0,
8,40,4.0,801,car,-11.771362912488044,-5.027589475350901,-4.0063267390081165,0.03080726081584314,4.5,1.8,0.0,15.0,0.0,
8,40,4.0,802,car,-3.6077090485116443,8.00532953783294,2.179910979755686,0.5161769392628891,4.5,1.8,0.0,15.0,0.0,
8,40,4.0,803,car,-34.21653959385934,6.26904582137594,-7.451623667244983,0.08004963581769022,4.5,1.8,0.0,15.0,0.0,
8,40,4.0,804,bicycle,55.98933380301558,-5.378767875999991,14.052862317092796,0.06278097545395182,1.8,0.6,0.0,15.0,0.0,
8,41,4.1000000000000005,800,car,89.54410546730053,-10.03620141724201,17.177595192828505,0.17825705664648023,4.5,1.8,0.0,15.0,0.0,
8,41,4.1000000000000005,801,car,-12.104205030299935,-4.9422112266348615,-4.00341370259479,0.05093819478429763,4.5,1.8,0.0,15.0,0.0,
8,41,4.1000000000000005,802,car,-3.3302991951268477,8.105707804124117,2.1409707883318965,0.482291451395586,4.5,1.8,0.0,15.0,0.0,
8,41,4.1000000000000005,803,car,-34.99056142675244,6.20638435705302,-7.525278695876766,0.11384723386514226,4.5,1.8,0.0,15.0,0.0,
8,41,4.1000000000000005,804,bicycle,57.42926084741177,-5.50642643608385,14.040816481506418,0.05356668459132046,1.8,0.6,0.0,15.0,0.0,
8,42,4.2,800,car,91.28005942943437,-10.126567956442127,17.109895481028786,0.20424328144817575,4.5,1.8,0.0,15.0,0.0,
8,42,4.2,801,car,-12.657942601786276,-4.960383756461898,-4.019717561882701,0.044773978872958364,4.5,1.8,0.0,15.0,0.0,
8,42,4.2,802,car,-3.090930354175873,8.313794011044816,2.0609961783023514,0.5261205305322234,4.5,1.8,0.0,15.0,0.0,
8,42,4.2,803,car,-35.994305086953254,6.357140195321266,-7.627422162903624,0.23566696576688181,4.5,1.8,0.0,15.0,0.0,
8,42,4.2,804,bicycle,58.7943657126147,-5.372031461547414,14.095024282676961,0.031742230026100035,1.8,0.6,0.0,15.0,0.0,
8,43,4.3,800,car,92.95507405571848,-10.189859524610537,17.149263989351002,0.18306987623725235,4.5,1.8,0.0,15.0,0.0,
8,43,4.3,801,car,-13.14181271077962,-4.902178757378986,-4.064576383952988,0.02832486428535822,4.5,1.8,0.0,15.0,0.0,
8,43,4.3,802,car,-2.8741201498584186,8.302163115171911,2.0364187442563546,0.6028696905891963,4.5,1.8,0.0,15.0,0.0,
8,43,4.3,803,car,-36.77747082327213,6.344744195919593,-7.63617841980706,0.2583897151918352,4.5,1.8,0.0,15.0,0.0,
8,43,4.3,804,bicycle,60.100481772615005,-5.326135698498966,14.107815292179923,-0.057690539177605846,1.8,0.6,0.0,15.0,0.0,
8,44,4.4,800,car,94.84942601499446,-10.02547118091049,17.109235842713762,0.1269485493523882,4.5,1.8,0.0,15.0,0.0,
8,44,4.4,801,car,-13.525465199472395,-5.041932599733579,-3.9963622362678755,0.004902177497738584,4.5,1.8,0.0,15.0,0.0,
8,44,4.4,802,car,-2.508297582601901,8.280009747192205,2.0308086399780185,0.6662303209180646,4.5,1.8,0.0,15.0,0.0,
8,44,4.4,803,car,-37.57341261321672,6.39779234175635,-7.5815454820251595,0.23058734265012687,4.5,1.8,0.0,15.0,0.0,
8,44,4.4,804,bicycle,61.38508939277823,-5.477775812047485,14.136986929651817,-0.03825161982772492,1.8,0.6,0.0,15.0,0.0,
8,45,4.5,800,car,96.66651591657394,-10.04018079787351,17.037698979833735,0.009310934038309376,4.5,1.8,0.0,15.0,0.0,
8,45,4.5,801,car,-13.638305169664012,-4.988750080130055,-3.989522648463761,0.018834165513429403,4.5,1.8,0.0,15.0,0.0,
8,45,4.5,802,car,-2.448350613427343,8.267145580187707,2.1179751463775807,0.6991476852106755,4.5,1.8,0.0,15.0,0.0,
8,45,4.5,803,car,-38.40792692718203,6.29816954321304,-7.607330187472388,0.21481581028898294,4.5,1.8,0.0,15.0,0.0,
8,45,4.5,804,bicycle,63.00370268932808,-5.500427711626852,14.077509340445166,-0.04118173800822915,1.8,0.6,0.0,15.0,0.0,
8,46,4.6000000000000005,800,car,98.39671966139512,-10.167304362228416,17.057807256556366,0.06975673165188788,4.5,1.8,0.0,15.0,0.0,
8,46,4.6000000000000005,801,car,-14.023390306185311,-5.06657317876368,-4.015966170342268,-0.06410763331966371,4.5,1.8,0.0,15.0,0.0,
8,46,4.6000000000000005,802,car,-2.2499366221998387,8.368138344391767,2.073143517134307,0.7961326927620569,4.5,1.8,0.0,15.0,0.0,
8,46,4.6000000000000005,803,car,-39.08943199638416,6.140373390347094,-7.695943315397766,0.16561462015379202,4.5,1.8,0.0,15.0,0.0,
8,46,4.6000000000000005,804,bicycle,64.56877216404853,-5.415453714372438,14.158694950223081,-0.040671273680091415,1.8,0.6,0.0,15.0,0.0,
8,47,4.7,800,car,100.08155145425454,-10.28507963766929,17.075291452802205,0.059948323306036846,4.5,1.8,0.0,15.0,0.0,
8,47,4.7,801,car,-14.448454142267723,-4.911178857990363,-4.022283450485496,0.0024414388827205258,4.5,1.8,0.0,15.0,0.0,
8,47,4.7,802,car,-2.2014297366006694,8.716562836954264,2.0544799940465386,0.8314918939257582,4.5,1.8,0.0,15.0,0.0,
8,47,4.7,803,car,-39.77239903672928,6.10719917932493,-7.654991810894813,0.20916477898285396,4.5,1.8,0.0,15.0,0.0,
8,47,4.7,804,bicycle,65.91332720896625,-5.489650864158636,14.160960291397318,-0.04644597106435819,1.8,0.6,0.0,15.0,0.0,
8,48,4.800000000000001,800,car,101.92839360911971,-10.208817986844178,17.07177027432905,0.09025222124142052,4.5,1.8,0.0,15.0,0.0,
8,48,4.800000000000001,801,car,-15.05534779509594,-4.9724658114652645,-4.007892400069552,0.058209713977343064,4.5,1.8,0.0,15.0,0.0,
8,48,4.800000000000001,802,car,-1.9760048037304363,8.945535926344604,2.097876986947802,0.8070754227221909,4.5,1.8,0.0,15.0,0.0,
8,48,4.800000000000001,803,car,-40.55190128241414,6.168957825847071,-7.677423588537631,0.2857292878786836,4.5,1.8,0.0,15.0,0.0,
8,48,4.800000000000001,804,bicycle,67.21855062467677,-5.462684816222634,14.197732632077571,-0.062118320537413306,1.8,0.6,0.0,15.0,0.0,
8,49,4.9,800,car,103.58169070328769,-10.207400894365035,17.11237019996831,0.06525982136502782,4.5,1.8,0.0,15.0,0.0,
8,49,4.9,801,car,-15.563029153793824,-4.851586362368227,-3.987927576422772,0.10860258550181894,4.5,1.8,0.0,15.0,0.0,
8,49,4.9,802,car,-1.690283931908912,9.24423239944502,2.1536255887281293,0.7708714446284499,4.5,1.8,0.0,15.0,0.0,
8,49,4.9,803,car,-41.27261684454475,6.141781882530585,-7.700129896729523,0.2151042678479187,4.5,1.8,0.0,15.0,0.0,
8,49,4.9,804,bicycle,68.60971256969788,-5.414393219422905,14.194431546820883,-0.11708674069984788,1.8,0.6,0.0,15.0,0.0,
8,50,5.0,800,car,105.14062579003769,-9.989690318680475,17.128628237620386,0.024056362885033503,4.5,1.8,0.0,15.0,0.0,
8,50,5.0,801,car,-15.915643565465814,-4.6218074960374365,-3.9569044584404773,-0.030750807949607703,4.5,1.8,0.0,15.0,0.0,
8,50,5.0,802,car,-1.2096922042374048,9.136394895878828,2.143324991459288,0.7142012296268074,4.5,1.8,0.0,15.0,0.0,
8,50,5.0,803,car,-42.11663004521502,6.191733277813641,-7.803681072169454,0.21059198857343925,4.5,1.8,0.0,15.0,0.0,
8,50,5.0,804,bicycle,70.1438899666541,-5.510425925951646,14.124917293823776,-0.124051995807635,1.8,0.6,0.0,15.0,0.0,
8,51,5.1000000000000005,800,car,106.8196544647946,-10.046807449425419,17.069210933814507,0.050015591944339605,4.5,1.8,0.0,15.0,0.0,
8,51,5.1000000000000005,801,car,-16.25180766016569,-4.7314472502780465,-4.0032671406706655,-0.023926208249321426,4.5,1.8,0.0,15.0,0.0,
8,51,5.1000000000000005,802,car,-1.0918568709002427,9.225681217111187,2.216727317890091,0.7112100955653917,4.5,1.8,0.0,15.0,0.0,
8,51,5.1000000000000005,803,car,-43.01835978917589,6.252002826403159,-7.812563808645434,0.20308413669887354,4.5,1.8,0.0,15.0,0.0,
8,51,5.1000000000000005,804,bicycle,71.60391398332436,-5.4537273852545765,14.126692402097442,-0.12708601164309918,1.8,0.6,0.0,15.0,0.0,
8,52,5.2,800,car,108.73292970722339,-9.921750490340255,17.110888239717767,0.05657588923834943,4.5,1.8,0.0,15.0,0.0,
8,52,5.2,801,car,-16.752708697822253,-4.621101232509579,-3.9960524333347642,-0.05278465894047811,4.5,1.8,0.0,15.0,0.0,
8,52,5.2,802,car,-0.8944981844700032,9.200183970043911,2.269593770039384,0.7453619497214811,4.5,1.8,0.0,15.0,0.0,
8,52,5.2,803,car,-43.78145292388759,6.26803268271052,-7.846597252507927,0.09658050451094752,4.5,1.8,0.0,15.0,0.0,
8,52,5.2,804,bicycle,72.8752905338681,-5.540700520370816,14.082044082996749,-0.11261798041229593,1.8,0.6,0.0,15.0,0.0,
8,53,5.300000000000001,800,car,110.52516790539251,-9.928936823306524,17.18133408647384,0.017431003259017905,4.5,1.8,0.0,15.0,0.0,
8,53,5.300000000000001,801,car,-17.165867653830556,-4.631478416331386,-3.9414431168930433,-0.047490304836369186,4.5,1.8,0.0,15.0,0.0,
8,53,5.300000000000001,802,car,-0.6541819160102519,9.109235853515267,2.224598434578846,0.8001595634063602,4.5,1.8,0.0,15.0,0.0,
8,53,5.300000000000001,803,car,-44.7736468754981,6.411989998404677,-7.821614028060215,0.05920443809275975,4.5,1.8,0.0,15.0,0.0,
8,53,5.300000000000001,804,bicycle,74.20029004452705,-5.362366788427215,14.15261437332072,-0.1185900189894708,1.8,0.6,0.0,15.0,0.0,
8,54,5.4,800,car,112.25676048698513,-9.99181185907165,17.188073285365146,-0.01626418116944687,4.5,1.8,0.0,15.0,0.0,
8,54,5.4,801,car,-17.567866267937276,-4.455194508838549,-3.9462238192205645,-0.09989139890005053,4.5,1.8,0.0,15.0,0.0,
8,54,5.4,802,car,-0.5683592773508647,9.201963585592353,2.1865536768542064,0.812489720505487,4.5,1.8,0.0,15.0,0.0,
8,54,5.4,803,car,-45.71775858761698,6.486935455671541,-7.874622271649865,0.0615193010566267,4.5,1.8,0.0,15.0,0.0,
8,54,5.4,804,bicycle,75.58172116011514,-5.202386894098275,14.161188831992197,-0.021316421583741085,1.8,0.6,0.0,15.0,0.0,
8,55,5.5,800,car,114.03164205552788,-9.850897684957348,17.177633375044,0.0010109713050692505,4.5,1.8,0.0,15.0,0.0,
8,55,5.5,801,car,-17.840624290957436,-4.374687653870149,-3.919674155311336,-0.11628814053943694,4.5,1.8,0.0,15.0,0.0,
8,55,5.5,802,car,-0.36558155904611606,9.396978752803237,2.2538492392908136,0.7828465840415033,4.5,1.8,0.0,15.0,0.0,
8,55,5.5,803,car,-46.57959671221746,6.402674006950182,-7.833137240863357,0.015045549953500742,4.5,1.8,0.0,15.0,0.0,
8,55,5.5,804,bicycle,77.07960038391653,-5.149949501944548,14.133934239773907,0.056876544108822244,1.8,0.6,0.0,15.0,0.0,
8,56,5.6000000000000005,800,car,115.60317950222215,-9.684843327850984,17.193577668256275,-0.10266234652786535,4.5,1.8,0.0,15.0,0.0,
8,56,5.6000000000000005,801,car,-18.073403742906407,-4.289095217502093,-3.9410847394819877,-0.16452416880150678,4.5,1.8,0.0,15.0,0.0,
8,56,5.6000000000000005,802,car,-0.2971033095008732,9.716808027388428,2.2076801455827213,0.719667155941457,4.5,1.8,0.0,15.0,0.0,
8,56,5.6000000000000005,803,car,-47.33611852386878,6.2403892152694205,-7.882214660785585,0.06479400966152417,4.5,1.8,0.0,15.0,0.0,
8,56,5.6000000000000005,804,bicycle,78.53941486737587,-5.182898843507604,14.134849573420476,0.03475301759882206,1.8,0.6,0.0,15.0,0.0,
8,57,5.7,800,car,117.31633748811086,-9.771290700759735,17.164565702279905,-0.133196253405137,4.5,1.8,0.0,15.0,0.0,
8,57,5.7,801,car,-18.54009830204018,-4.201156534740596,-3.902578869881335,-0.21114233222105425,4.5,1.8,0.0,15.0,0.0,
8,57,5.7,802,car,-0.19577467419685818,9.773047078669512,2.3154445254971985,0.6682818957566297,4.5,1.8,0.0,15.0,0.0,
8,57,5.7,803,car,-48.14046242891774,6.255740657607339,-7.8876467694878425,0.04188351595054973,4.5,1.8,0.0,15.0,0.0,
8,57,5.7,804,bicycle,80.06840782193777,-5.133977679453377,14.17713983960773,0.0642220150821386,1.8,0.6,0.0,15.0,0.0,
8,58,5.800000000000001,800,car,119.12218889051945,-9.626169742802844,17.23111790061932,-0.01695605542534126,4.5,1.8,0.0,15.0,0.0,
8,58,5.800000000000001,801,car,-18.808622060887597,-4.289215445615452,-3.8602132677910435,-0.17562057327182448,4.5,1.8,0.0,15.0,0.0,
8,58,5.800000000000001,802,car,0.2277992688760805,9.743159416577546,2.3433420795668454,0.6342283785182817,4.5,1.8,0.0,15.0,0.0,
8,58,5.800000000000001,803,car,-48.87797259545652,6.238454342742422,-7.863673329278298,-0.028633393353521483,4.5,1.8,0.0,15.0,0.0,
8,58,5.800000000000001,804,bicycle,81.56544445405413,-5.106949526426552,14.184749483696324,0.16173343007450508,1.8,0.6,0.0,15.0,0.0,
8,59,5.9,800,car,120.80705234075461,-9.593638805868181,17.236131435571284,-0.007054097413304627,4.5,1.8,0.0,15.0,0.0,
8,59,5.9,801,car,-18.972462997202424,-4.3003967937012595,-3.8885772577654567,-0.08207543349946342,4.5,1.8,0.0,15.0,0.0,
8,59,5.9,802,car,0.4313646002888688,9.646064439708468,2.3062998942454027,0.5718990038161389,4.5,1.8,0.0,15.0,0.0,
8,59,5.9,803,car,-49.844336475015794,6.199289502970256,-7.86718412754197,0.03039300240292385,4.5,1.8,0.0,15.0,0.0,
8,59,5.9,804,bicycle,83.04685956362997,-5.032392752606236,14.140088983436438,0.20598009317271082,1.8,0.6,0.0,15.0,0.0,
8,60,6.0,800,car,122.66978876795162,-9.554887126454895,17.25725731238618,-0.07028871239830356,4.5,1.8,0.0,15.0,0.0,
8,60,6.0,801,car,-19.255877142218438,-4.130521282175064,-3.8724296378131147,-0.11179329741783767,4.5,1.8,0.0,15.0,0.0,
8,60,6.0,802,car,0.6457951041146248,9.661212268588823,2.288277411587388,0.6042981570008419,4.5,1.8,0.0,15.0,0.0,
8,60,6.0,803,car,-50.603108476602955,6.302722463807685,-7.848639000303058,-0.012811396295985295,4.5,1.8,0.0,15.0,0.0,
8,60,6.0,804,bicycle,84.41079925958867,-5.06807885056775,14.130765479605516,0.29571577774344027,1.8,0.6,0.0,15.0,0.0,
8,61,6.1000000000000005,800,car,124.59100445835499,-9.478255877650067,17.263195502227862,-0.13837132337352331,4.5,1.8,0.0,15.0,0.0,
8,61,6.1000000000000005,801,car,-19.62111927542674,-4.220701341560552,-3.7909035429848186,-0.19209858190736212,4.5,1.8,0.0,15.0,0.0,
8,61,6.1000000000000005,802,car,0.9130712786063754,9.634218146523871,2.2878016523132145,0.6376015665163948,4.5,1.8,0.0,15.0,0.0,
8,61,6.1000000000000005,803,car,-51.28577550775505,6.295372304084928,-7.810578172793982,-0.04593490122659041,4.5,1.8,0.0,15.0,0.0,
8,61,6.1000000000000005,804,bicycle,85.84842964602655,-4.93828653134962,14.147370453512515,0.269248592924775,1.8,0.6,0.0,15.0,0.0,
8,62,6.2,800,car,126.28941977182143,-9.390527403732625,17.208603271381456,-0.18558708007389596,4.5,1.8,0.0,15.0,0.0,
8,62,6.2,801,car,-19.94005075374405,-4.283825559205468,-3.863556452802303,-0.12455764855526659,4.5,1.8,0.0,15.0,0.0,
8,62,6.2,802,car,1.031891415049706,9.678035301843547,2.2568256201288595,0.6227173922393837,4.5,1.8,0.0,15.0,0.0,
8,62,6.2,803,car,-52.15529527079958,6.362206737731616,-7.805036996578637,0.0032477785339541654,4.5,1.8,0.0,15.0,0.0,
8,62,6.2,804,bicycle,87.20224987022362,-4.698059495062221,14.052138014237318,0.18999184752866027,1.8,0.6,0.0,15.0,0.0,
8,63,6.300000000000001,800,car,128.18558858373123,-9.361681944995377,17.22567257553426,-0.16402331470799542,4.5,1.8,0.0,15.0,0.0,
8,63,6.300000000000001,801,car,-20.269285672009232,-4.2663045520175995,-3.9118516773835585,-0.08364810330162703,4.5,1.8,0.0,15.0,0.0,
8,63,6.300000000000001,802,car,1.3236417982164153,9.883150155741468,2.3450376739739176,0.6392411962215468,4.5,1.8,0.0,15.0,0.0,
8,63,6.300000000000001,803,car,-53.058553872220656,6.5397838087052245,-7.855944493328784,0.020145988217573206,4.5,1.8,0.0,15.0,0.0,
8,63,6.300000000000001,804,bicycle,88.58179027900526,-4.722122845327834,14.090353020313895,0.20221482749205855,1.8,0.6,0.0,15.0,0.0,
8,64,6.4,800,car,129.95947999041147,-9.459652905482514,17.21696882726553,-0.20250006370003043,4.5,1.8,0.0,15.0,0.0,
8,64,6.4,801,car,-20.680377998545335,-4.286545584834503,-3.819636468723319,-0.09661752902506407,4.5,1.8,0.0,15.0,0.0,
8,64,6.4,802,car,1.3455857331607424,10.0865834290957,2.367500642675219,0.6326906744938774,4.5,1.8,0.0,15.0,0.0,
8,64,6.4,803,car,-53.88786985823964,6.447105841921293,-7.75904208847446,0.02273823265057504,4.5,1.8,0.0,15.0,0.0,
8,64,6.4,804,bicycle,89.8170504666885,-4.669127359250104,14.150661605415637,0.2100365609097334,1.8,0.6,0.0,15.0,0.0,
8,65,6.5,800,car,131.5910175259185,-9.579010340454982,17.171102880879566,-0.12641716384768287,4.5,1.8,0.0,15.0,0.0,
8,65,6.5,801,car,-21.06950805094135,-4.464079779204872,-3.800429772431096,-0.08956568974638646,4.5,1.8,0.0,15.0,0.0,
8,65,6.5,802,car,1.5374462507399311,10.047811820936207,2.3143058976865754,0.6870223652671943,4.5,1.8,0.0,15.0,0.0,
8,65,6.5,803,car,-54.639022781506576,6.49724403165253,-7.746804147995454,0.03912266789616613,4.5,1.8,0.0,15.0,0.0,
8,65,6.5,804,bicycle,91.18527716088725,-4.668706638607208,14.208907195686889,0.28076606930068904,1.8,0.6,0.0,15.0,0.0,
8,66,6.6000000000000005,800,car,133.18591861523046,-9.612477940150528,17.21306714882925,-0.03231317723689635,4.5,1.8,0.0,15.0,0.0,
8,66,6.6000000000000005,801,car,-21.27135507005139,-4.55261212967416,-3.7366774665208045,-0.08663387464103564,4.5,1.8,0.0,15.0,0.0,
8,66,6.6000000000000005,802,car,1.8733185043961624,10.195341925545057,2.2511076955583373,0.7145210630985531,4.5,1.8,0.0,15.0,0.0,
8,66,6.6000000000000005,803,car,-55.313133537189195,6.499140772939363,-7.7591199693607855,-0.0394605276924883,4.5,1.8,0.0,15.0,0.0,
8,66,6.6000000000000005,804,bicycle,92.67452963211103,-4.619755194895748,14.162797999951385,0.264474069456869,1.8,0.6,0.0,15.0,0.0,
8,67,6.7,800,car,134.92267565502618,-9.671572836779486,17.213201005204745,-0.11980980959706881,4.5,1.8,0.0,15.0,0.0,
8,67,6.7,801,car,-21.510080647018274,-4.559684588641636,-3.79164514184532,-0.20961931706041978,4.5,1.8,0.0,15.0,0.0,
8,67,6.7,802,car,2.2013427680553352,10.322603187127276,2.26164198123179,0.7577034631617834,4.5,1.8,0.0,15.0,0.0,
8,67,6.7,803,car,-56.002955694495604,6.514638527175467,-7.771830680223676,-0.060317607623251196,4.5,1.8,0.0,15.0,0.0,
8,67,6.7,804,bicycle,94.13290363449669,-4.453604650462126,14.157652841385586,0.33829793975270517,1.8,0.6,0.0,15.0,0.0,
8,68,6.800000000000001,800,car,136.6813110028919,-9.645484720887527,17.333456478570945,-0.03717589878614719,4.5,1.8,0.0,15.0,0.0,
8,68,6.800000000000001,801,car,-21.721384236763985,-4.660407886184363,-3.6820360167375052,-0.21373015676641763,4.5,1.8,0.0,15.0,0.0,
8,68,6.800000000000001,802,car,2.4047578482031637,10.182448692102131,2.277956522459481,0.7035357652566514,4.5,1.8,0.0,15.0,0.0,
8,68,6.800000000000001,803,car,-56.73931337966327,6.392450253089373,-7.681945688333936,-0.032738909479414754,4.5,1.8,0.0,15.0,0.0,
8,68,6.800000000000001,804,bicycle,95.7766560762102,-4.522077259636108,14.235111803620985,0.24816231890106383,1.8,0.6,0.0,15.0,0.0,
8,69,6.9,800,car,138.43546419839643,-9.712364622760338,17.311058651808427,-0.06300071968158863,4.5,1.8,0.0,15.0,0.0,
8,69,6.9,801,car,-22.18105945697287,-4.807749732526075,-3.7041573570840787,-0.20792873690207408,4.5,1.8,0.0,15.0,0.0,
8,69,6.9,802,car,2.748922936111714,10.282337308289902,2.3362835325242006,0.6296269216587964,4.5,1.8,0.0,15.0,0.0,
8,69,6.9,803,car,-57.55080488906754,6.460276854055074,-7.664786150544368,-0.07579766521237365,4.5,1.8,0.0,15.0,0.0,
8,69,6.9,804,bicycle,97.2935741457889,-4.550388345941249,14.196243625551299,0.27250970692590426,1.8,0.6,0.0,15.0,0.0,
8,70,7.0,800,car,140.1671870001107,-9.77095592823136,17.283215225546073,-0.11649055967192354,4.5,1.8,0.0,15.0,0.0,
8,70,7.0,801,car,-22.591050017287166,-4.718541662667539,-3.6919298339346707,-0.15999903286320682,4.5,1.8,0.0,15.0,0.0,
8,70,7.0,802,car,3.034158143131604,10.2840753797586,2.2538264687849883,0.5832842034236067,4.5,1.8,0.0,15.0,0.0,
8,70,7.0,803,car,-58.384407085231736,6.377838800504671,-7.615735154201382,-0.027268241869888535,4.5,1.8,0.0,15.0,0.0,
8,70,7.0,804,bicycle,98.93438647237168,-4.599509492367897,14.27611604085452,0.3520730672091108,1.8,0.6,0.0,15.0,0.0,
8,71,7.1000000000000005,800,car,141.8722821468614,-9.735249444504527,17.345251888003133,-0.11943679080503658,4.5,1.8,0.0,15.0,0.0,
8,71,7.1000000000000005,801,car,-22.9738821784021,-4.797275308065604,-3.809931759867822,-0.15647545203878288,4.5,1.8,0.0,15.0,0.0,
8,71,7.1000000000000005,802,car,3.1885538572647603,10.234868937739277,2.274936051292204,0.5107185913825517,4.5,1.8,0.0,15.0,0.0,
8,71,7.1000000000000005,803,car,-59.06537261152381,6.423471907843735,-7.635744814786245,-0.030433754512111492,4.5,1.8,0.0,15.0,0.0,
8,71,7.1000000000000005,804,bicycle,100.24297596704172,-4.489268325310449,14.285484252907082,0.36516556493858804,1.8,0.6,0.0,15.0,0.0,
8,72,7.2,800,car,143.65699637362903,-9.811434664974204,17.269298974257087,-0.07157087205940504,4.5,1.8,0.0,15.0,0.0,
8,72,7.2,801,car,-23.28600351302764,-4.866458733596575,-3.78947624991132,-0.09357678010288538,4.5,1.8,0.0,15.0,0.0,
8,72,7.2,802,car,3.529917542702375,10.229484913234334,2.2004979990204916,0.44485783440271404,4.5,1.8,0.0,15.0,0.0,
8,72,7.2,803,car,-59.86011969429795,6.566660245721239,-7.672167085393313,-0.060250147162579266,4.5,1.8,0.0,15.0,0.0,
8,72,7.2,804,bicycle,101.6098332825206,-4.505924848445456,14.28492291070275,0.30116305621100026,1.8,0.6,0.0,15.0,0.0,
8,73,7.300000000000001,800,car,145.49236226668745,-9.833073859981107,17.393255702993354,-0.13024942198690578,4.5,1.8,0.0,15.0,0.0,
8,73,7.300000000000001,801,car,-23.50596452083628,-4.736681871808215,-3.8100604503536024,-0.11332981077847876,4.5,1.8,0.0,15.0,0.0,
8,73,7.300000000000001,802,car,3.657837560991434,10.182988554150649,2.200467701531749,0.44589263361503206,4.5,1.8,0.0,15.0,0.0,
8,73,7.300000000000001,803,car,-60.787571929531396,6.789985763337567,-7.685142928251466,-0.056969533301719846,4.5,1.8,0.0,15.0,0.0,
8,73,7.300000000000001,804,bicycle,102.97570183024952,-4.5025094967335395,14.26702900514054,0.30101653491973723,1.8,0.6,0.0,15.0,0.0,
8,74,7.4,800,car,147.23022884594397,-9.76561216732569,17.404616699848294,-0.09503527096693062,4.5,1.8,0.0,15.0,0.0,
8,74,7.4,801,car,-23.887951648052184,-4.724889597375474,-3.822125734487766,-0.06317422406159631,4.5,1.8,0.0,15.0,0.0,
8,74,7.4,802,car,3.9101465740962014,10.211770332060862,2.1910721948041827,0.4404306665526822,4.5,1.8,0.0,15.0,0.0,
8,74,7.4,803,car,-61.553041829988835,6.7786526998855035,-7.7130850110120335,-0.018724505538306797,4.5,1.8,0.0,15.0,0.0,
8,74,7.4,804,bicycle,104.4852123300184,-4.294022159451491,14.236847519608302,0.3343384711773425,1.8,0.6,0.0,15.0,0.0,
8,75,7.5,800,car,148.77977678430054,-9.692211387920196,17.331787594097936,-0.14425182614554488,4.5,1.8,0.0,15.0,0.0,
8,75,7.5,801,car,-24.236941688599376,-4.793356923323865,-3.8600434099879113,-0.0874150251865136,4.5,1.8,0.0,15.0,0.0,
8,75,7.5,802,car,4.202216392768472,10.162524359074355,2.188364451593056,0.42149785232571535,4.5,1.8,0.0,15.0,0.0,
8,75,7.5,803,car,-62.242361253957135,6.861572424739958,-7.804849100883839,0.03353096539990895,4.5,1.8,0.0,15.0,0.0,
8,75,7.5,804,bicycle,105.84782149133335,-4.236959092474089,14.189902082589137,0.35289520131283164,1.8,0.6,0.0,15.0,0.0,
8,76,7.6000000000000005,800,car,150.76809043907244,-9.693920014406247,17.308795208215617,-0.15585988787932192,4.5,1.8,0.0,15.0,0.0,
8,76,7.6000000000000005,801,car,-24.76984902532197,-4.65720209722607,-3.844399254608081,-0.13985992050140594,4.5,1.8,0.0,15.0,0.0,
8,76,7.6000000000000005,802,car,4.319421008914902,10.206202382221809,2.2349642212599803,0.3639483568888668,4.5,1.8,0.0,15.0,0.0,
8,76,7.6000000000000005,803,car,-62.911505229858804,6.855762166084258,-7.851361270134194,0.010146444071260058,4.5,1.8,0.0,15.0,0.0,
8,76,7.6000000000000005,804,bicycle,107.44166708730523,-4.340490905997339,14.15330743479183,0.4005243805445777,1.8,0.6,0.0,15.0,0.0,
8,77,7.7,800,car,152.52061566423936,-9.788630085019985,17.357034870033857,-0.10524510122086288,4.5,1.8,0.0,15.0,0.0,
8,77,7.7,801,car,-25.12114988393097,-4.732427748034562,-3.867314485599799,-0.125626117236486,4.5,1.8,0.0,15.0,0.0,
8,77,7.7,802,car,4.411724524919562,10.375375706024007,2.3199746756937722,0.35215061439685325,4.5,1.8,0.0,15.0,0.0,
8,77,7.7,803,car,-63.66103090762914,6.975357014776317,-7.75358322820581,0.08799551084579499,4.5,1.8,0.0,15.0,0.0,
8,77,7.7,804,bicycle,108.68344407944855,-4.331993836775633,14.178341847365992,0.37581351569948107,1.8,0.6,0.0,15.0,0.0,
8,78,7.800000000000001,800,car,154.43459582574678,-9.63621707786181,17.31623836297092,-0.11336510221614907,4.5,1.8,0.0,15.0,0.0,
8,78,7.800000000000001,801,car,-25.582836746109912,-4.764503204168827,-3.878586103066468,-0.07791322149914309,4.5,1.8,0.0,15.0,0.0,
8,78,7.800000000000001,802,car,4.554875526115555,10.148915806968116,2.2397475215820313,0.30073553376151674,4.5,1.8,0.0,15.0,0.0,
8,78,7.800000000000001,803,car,-64.50195838934943,7.0028740059224175,-7.807572923482253,0.02744048133279839,4.5,1.8,0.0,15.0,0.0,
8,78,7.800000000000001,804,bicycle,110.00833352241995,-4.405977885321664,14.15061716015121,0.3459491459047278,1.8,0.6,0.0,15.0,0.0,
8,79,7.9,800,car,156.23512534374126,-9.746506526590386,17.29835853155443,-0.14061623621198752,4.5,1.8,0.0,15.0,0.0,
8,79,7.9,801,car,-25.889806858812804,-4.787722453920511,-3.8260512668965085,-0.13553173029938353,4.5,1.8,0.0,15.0,0.0,
8,79,7.9,802,car,4.773913617430276,10.121400258641275,2.1784452166877513,0.29735998171226385,4.5,1.8,0.0,15.0,0.0,
8,79,7.9,803,car,-65.10942290587413,6.920327173763083,-7.813945672574141,-0.038171099646829174,4.5,1.8,0.0,15.0,0.0,
8,79,7.9,804,bicycle,111.27747246124466,-4.450108203665481,14.128118009569752,0.3256699938581703,1.8,0.6,0.0,15.0,0.0,
8,80,8.0,800,car,157.94235869538878,-9.925401414281922,17.267061220979084,-0.11552831254180376,4.5,1.8,0.0,15.0,0.0,
8,80,8.0,801,car,-26.408236492791907,-4.836790196434957,-3.8114090788996053,-0.17464507640056703,4.5,1.8,0.0,15.0,0.0,
8,80,8.0,802,car,5.025910578715136,9.999023628873998,2.2228676953343616,0.31565001836694867,4.5,1.8,0.0,15.0,0.0,
8,80,8.0,803,car,-65.8852509327806,7.028991866428984,-7.830413125535972,-0.06906390526992479,4.5,1.8,0.0,15.0,0.0,
8,80,8.0,804,bicycle,112.82753869061135,-4.233464624056185,14.093446124263863,0.31998283200277955,1.8,0.6,0.0,15.0,0.0,
8,81,8.1,800,car,159.77356907181283,-9.944768745717179,17.29679064641598,-0.07650813266738463,4.5,1.8,0.0,15.0,0.0,
8,81,8.1,801,car,-26.84560785823752,-4.812327237734988,-3.811718713625102,-0.23548850607025515,4.5,1.8,0.0,15.0,0.0,
8,81,8.1,802,car,5.149232083605733,9.965346938271056,2.269293687874492,0.36371792648261503,4.5,1.8,0.0,15.0,0.0,
8,81,8.1,803,car,-66.59330095350202,7.066096546228553,-7.80977181017815,-0.05518588279218328,4.5,1.8,0.0,15.0,0.0,
8,81,8.1,804,bicycle,114.27764300857989,-4.153930082489487,14.023225015977495,0.28047047470556763,1.8,0.6,0.0,15.0,0.0,
8,82,8.200000000000001,800,car,161.40035597400623,-9.841705058218517,17.379495651595164,-0.18496052868799337,4.5,1.8,0.0,15.0,0.0,
8,82,8.200000000000001,801,car,-27.070298268412866,-4.827203950988861,-3.761082722667167,-0.21016514834101033,4.5,1.8,0.0,15.0,0.0,
8,82,8.200000000000001,802,car,5.5202009577531745,10.022692974255067,2.201120964933846,0.3584341822939545,4.5,1.8,0.0,15.0,0.0,
8,82,8.200000000000001,803,car,-67.32271252990915,7.038981847795899,-7.776885224070516,-0.05847075222420548,4.5,1.8,0.0,15.0,0.0,
8,82,8.200000000000001,804,bicycle,115.62041457826615,-4.234480873350084,14.003634246850828,0.290699057190584,1.8,0.6,0.0,15.0,0.0,
8,83,8.3,800,car,162.94236635874014,-9.93820875215882,17.279661049356445,-0.21581427138689535,4.5,1.8,0.0,15.0,0.0,
8,83,8.3,801,car,-27.32667506725086,-4.966832103995846,-3.7259247353741007,-0.06772389197539433,4.5,1.8,0.0,15.0,0.0,
8,83,8.3,802,car,5.885666867372294,10.071887730523583,2.2440426877236703,0.28995004217211495,4.5,1.8,0.0,15.0,0.0,
8,83,8.3,803,car,-68.25774251765726,7.036004583481418,-7.756954695897095,-0.003750538011743451,4.5,1.8,0.0,15.0,0.0,
8,83,8.3,804,bicycle,116.9639017888111,-4.186071419194861,14.011589824678476,0.28412935191176064,1.8,0.6,0.0,15.0,0.0,
8,84,8.4,800,car,164.66308497606238,-10.045260629561467,17.293646419775694,-0.20606177237714143,4.5,1.8,0.0,15.0,0.0,
8,84,8.4,801,car,-27.743268717383874,-4.907027066591029,-3.674533155952486,-0.0338550771766212,4.5,1.8,0.0,15.0,0.0,
8,84,8.4,802,car,6.005826804138588,10.110847311426994,2.1984711095804976,0.2947777794871066,4.5,1.8,0.0,15.0,0.0,
8,84,8.4,803,car,-69.12419165694897,7.1633458634157225,-7.717788122446103,0.05389892725537601,4.5,1.8,0.0,15.0,0.0,
8,84,8.4,804,bicycle,118.47023298029849,-4.184718455161051,13.990309337502104,0.3712155433467683,1.8,0.6,0.0,15.0,0.0,
8,85,8.5,800,car,166.37593765302273,-10.20132487104638,17.344019756458984,-0.1988729889639554,4.5,1.8,0.0,15.0,0.0,
8,85,8.5,801,car,-27.960127620581225,-4.886115606510606,-3.6755332303198216,0.0424509632621133,4.5,1.8,0.0,15.0,0.0,
8,85,8.5,802,car,6.071827280592938,10.081788858915404,2.1541029609877373,0.18502379055844237,4.5,1.8,0.0,15.0,0.0,
8,85,8.5,803,car,-69.8086528263919,7.112993914742967,-7.672519720363774,0.07335325181710621,4.5,1.8,0.0,15.0,0.0,
8,85,8.5,804,bicycle,119.92997816071147,-4.193136848910439,13.952096930302853,0.37570358710775437,1.8,0.6,0.0,15.0,0.0,
8,86,8.6,800,car,168.20225644699946,-10.22625037049115,17.30892294032737,-0.2588238935338733,4.5,1.8,0.0,15.0,0.0,
8,86,8.6,801,car,-28.307264642080824,-4.937277263677249,-3.6791202596893084,0.030512024149680326,4.5,1.8,0.0,15.0,0.0,
8,86,8.6,802,car,6.242794479223257,10.129671594047199,2.1818281651949425,0.28328773779098154,4.5,1.8,0.0,15.0,0.0,
8,86,8.6,803,car,-70.50010802695984,7.279697472872091,-7.713449738933861,-0.006693986719244982,4.5,1.8,0.0,15.0,0.0,
8,86,8.6,804,bicycle,121.32374482816974,-4.069763765784754,13.987155016210824,0.43627266572408313,1.8,0.6,0.0,15.0,0.0,
8,87,8.700000000000001,800,car,169.67949420513366,-10.126835070356117,17.325696071648853,-0.33602456079012394,4.5,1.8,0.0,15.0,0.0,
8,87,8.700000000000001,801,car,-28.602823783376873,-4.917277803578985,-3.6600587947604057,0.08046748166544841,4.5,1.8,0.0,15.0,0.0,
8,87,8.700000000000001,802,car,6.504004832585823,10.010717857979328,2.174676851705797,0.20240547924843694,4.5,1.8,0.0,15.0,0.0,
8,87,8.700000000000001,803,car,-71.20654681279734,7.418825098358571,-7.775522337061478,-0.0402671747458655,4.5,1.8,0.0,15.0,0.0,
8,87,8.700000000000001,804,bicycle,122.63422339767861,-4.071527026406179,14.007776174120767,0.41411920961902515,1.8,0.6,0.0,15.0,0.0,
8,88,8.8,800,car,171.47731682956845,-10.053899549427532,17.380784034715315,-0.39193361555860634,4.5,1.8,0.0,15.0,0.0,
8,88,8.8,801,car,-28.830236768405644,-4.762623826924816,-3.5824247981985473,0.07257674067956363,4.5,1.8,0.0,15.0,0.0,
8,88,8.8,802,car,6.646288270425375,9.932534286756164,2.1195878573770557,0.20298999958168037,4.5,1.8,0.0,15.0,0.0,
8,88,8.8,803,car,-71.89931386085445,7.545454224982718,-7.799800192879595,-0.042201588099879936,4.5,1.8,0.0,15.0,0.0,
8,88,8.8,804,bicycle,124.02458225975055,-4.093643130430791,14.044563650608799,0.4322616219501864,1.8,0.6,0.0,15.0,0.0,
8,89,8.9,800,car,173.22957755055194,-10.0572623670638,17.41155659711319,-0.36166176460208693,4.5,1.8,0.0,15.0,0.0,
8,89,8.9,801,car,-29.272328243837684,-4.665733297982565,-3.5696564923145195,0.05084593093055037,4.5,1.8,0.0,15.0,0.0,
8,89,8.9,802,car,6.881670025307697,9.987281034386838,2.173677040735262,0.15068221815742136,4.5,1.8,0.0,15.0,0.0,
8,89,8.9,803,car,-72.54679544477699,7.543550701803713,-7.825107855417025,-0.06903949309273667,4.5,1.8,0.0,15.0,0.0,
8,89,8.9,804,bicycle,125.32890184897717,-4.224508456611446,14.07843364462676,0.5313059419712847,1.8,0.6,0.0,15.0,0.0,
8,90,9.0,800,car,174.80897167537967,-10.188471335117043,17.449135756570456,-0.36394361003565806,4.5,1.8,0.0,15.0,0.0,
8,90,9.0,801,car,-29.54585196884162,-4.670820757204394,-3.5986878672778384,0.03955382539689381,4.5,1.8,0.0,15.0,0.0,
8,90,9.0,802,car,6.860828787155627,9.888000821637734,2.221091009446197,0.2102772103663636,4.5,1.8,0.0,15.0,0.0,
8,90,9.0,803,car,-73.18868962480946,7.580733687139243,-7.937911299131339,-0.10078981955209376,4.5,1.8,0.0,15.0,0.0,
8,90,9.0,804,bicycle,126.86921078109471,-4.009072438545962,14.146566031777121,0.5194933187327947,1.8,0.6,0.0,15.0,0.0,
8,91,9.1,800,car,176.42322766437925,-10.228928855116457,17.44987610748197,-0.2856653690310854,4.5,1.8,0.0,15.0,0.0,
8,91,9.1,801,car,-29.882941625557184,-4.6651972567766276,-3.5950131098706652,0.059546766885028135,4.5,1.8,0.0,15.0,0.0,
8,91,9.1,802,car,7.145581896706403,9.83657479927257,2.1682099897149185,0.27880513643659854,4.5,1.8,0.0,15.0,0.0,
8,91,9.1,803,car,-74.14658488416616,7.734429451104511,-8.033445233994025,-0.13001687619364483,4.5,1.8,0.0,15.0,0.0,
8,91,9.1,804,bicycle,128.38105278133077,-3.957088917764855,14.08074219158903,0.5408147264390945,1.8,0.6,0.0,15.0,0.0,
8,92,9.200000000000001,800,car,178.17491570930753,-10.279100220863764,17.418679992942824,-0.28739566900761543,4.5,1.8,0.0,15.0,0.0,
8,92,9.200000000000001,801,car,-30.300635097739487,-4.415789313203209,-3.607013967461504,0.04085891919407261,4.5,1.8,0.0,15.0,0.0,
8,92,9.200000000000001,802,car,7.308239281129116,10.04215039720005,2.08625664582014,0.2967767575315694,4.5,1.8,0.0,15.0,0.0,
8,92,9.200000000000001,803,car,-74.9738584047532,7.5790877530209455,-8.07439905038718,-0.11416917649835319,4.5,1.8,0.0,15.0,0.0,
8,92,9.200000000000001,804,bicycle,129.70268767852406,-3.8770510522989414,14.167199853023348,0.5493447602999613,1.8,0.6,0.0,15.0,0.0,
8,93,9.3,800,car,179.77143246074934,-10.392519413949215,17.40440970600556,-0.3050074249573484,4.5,1.8,0.0,15.0,0.0,
8,93,9.3,801,car,-30.646135109974047,-4.380459127075995,-3.520487569705561,0.040672935939677926,4.5,1.8,0.0,15.0,0.0,
8,93,9.3,802,car,7.4016455010235385,10.187208685978064,2.1494078746591914,0.3083989122318679,4.5,1.8,0.0,15.0,0.0,
8,93,9.3,803,car,-75.80593774931282,7.629925475626017,-8.084953041071158,-0.2169546229372274,4.5,1.8,0.0,15.0,0.0,
8,93,9.3,804,bicycle,131.17575509212364,-3.7328914285714876,14.239254214542315,0.512806838152333,1.8,0.6,0.0,15.0,0.0,
8,94,9.4,800,car,181.53448996293602,-10.39824020065965,17.40867883399075,-0.29926462304303764,4.5,1.8,0.0,15.0,0.0,
8,94,9.4,801,car,-30.994470265406907,-4.355216893323746,-3.4834535180057933,0.10168731216889372,4.5,1.8,0.0,15.0,0.0,
8,94,9.4,802,car,7.5409530464200945,10.200818441722431,2.1282774686648085,0.28011529437186494,4.5,1.8,0.0,15.0,0.0,
8,94,9.4,803,car,-76.77603619495054,7.6106522589175905,-8.060987022593894,-0.224709610532171,4.5,1.8,0.0,15.0,0.0,
8,94,9.4,804,bicycle,132.59878472393817,-3.6397670519653413,14.309810199300497,0.4918186116761812,1.8,0.6,0.0,15.0,0.0,
8,95,9.5,800,car,183.15819663490169,-10.437210677663314,17.502856897159244,-0.35730965096445705,4.5,1.8,0.0,15.0,0.0,
8,95,9.5,801,car,-31.277802047649455,-4.229256839178346,-3.6017302289755064,0.12219843834931798,4.5,1.8,0.0,15.0,0.0,
8,95,9.5,802,car,7.814121856993885,10.202096451021632,2.0959555406103227,0.2505821767456659,4.5,1.8,0.0,15.0,0.0,
8,95,9.5,803,car,-77.61499174679749,7.557971694695596,-8.085525874731733,-0.2419333731662933,4.5,1.8,0.0,15.0,0.0,
8,95,9.5,804,bicycle,134.14884492625288,-3.7120280686892366,14.222357278136917,0.5521578670378969,1.8,0.6,0.0,15.0,0.0,
8,96,9.600000000000001,800,car,184.88928054868356,-10.511764872008014,17.49729604097261,-0.34684581592550073,4.5,1.8,0.0,15.0,0.0,
8,96,9.600000000000001,801,car,-31.690380193258843,-4.166443882578684,-3.6498433576659512,0.10710712945685869,4.5,1.8,0.0,15.0,0.0,
8,96,9.600000000000001,802,car,7.8022477855264425,10.344378382182574,2.0871511557823412,0.2840873813325238,4.5,1.8,0.0,15.0,0.0,
8,96,9.600000000000001,803,car,-78.37588687584403,7.588759735416099,-8.08591465116045,-0.22252200352933454,4.5,1.8,0.0,15.0,0.0,
8,96,9.600000000000001,804,bicycle,135.4749522128054,-3.77393013760842,14.217301981461654,0.5181690480181087,1.8,0.6,0.0,15.0,0.0,
8,97,9.700000000000001,800,car,186.78155657010578,-10.508935010669854,17.461471971466583,-0.3604228378507797,4.5,1.8,0.0,15.0,0.0,
8,97,9.700000000000001,801,car,-32.04206387082663,-4.16253346524789,-3.636256056019238,0.11053985667997408,4.5,1.8,0.0,15.0,0.0,
8,97,9.700000000000001,802,car,7.871897226257668,10.157696663565437,2.068470703537742,0.3121120165874417,4.5,1.8,0.0,15.0,0.0,
8,97,9.700000000000001,803,car,-79.22071524441644,7.690163946403688,-8.088258986125396,-0.1546622003167356,4.5,1.8,0.0,15.0,0.0,
8,97,9.700000000000001,804,bicycle,137.011872754878,-3.6169845462891628,14.157126399751304,0.5190260814167688,1.8,0.6,0.0,15.0,0.0,
8,98,9.8,800,car,188.64998111600067,-10.517742821979127,17.48918996671653,-0.4298172031065608,4.5,1.8,0.0,15.0,0.0,
8,98,9.8,801,car,-32.21381048336775,-4.230616919836434,-3.7359773131067477,0.09298356978872074,4.5,1.8,0.0,15.0,0.0,
8,98,9.8,802,car,7.833995911459336,10.080395350745064,2.1963962951929643,0.2931099777122807,4.5,1.8,0.0,15.0,0.0,
8,98,9.8,803,car,-80.17231985982696,7.677227515028626,-8.133149173376994,-0.1114362403330391,4.5,1.8,0.0,15.0,0.0,
8,98,9.8,804,bicycle,138.33863091691452,-3.53800856713397,14.099773447907682,0.6489774886562965,1.8,0.6,0.0,15.0,0.0,
8,99,9.9,800,car,190.44926248467505,-10.57527512203803,17.474542054184965,-0.457497202269029,4.5,1.8,0.0,15.0,0.0,
8,99,9.9,801,car,-32.663499562659176,-4.30015823547568,-3.65206087058365,0.06535287190265882,4.5,1.8,0.0,15.0,0.0,
8,99,9.9,802,car,7.84069365031479,9.993109576428303,2.2427825261929213,0.2804937748827139,4.5,1.8,0.0,15.0,0.0,
8,99,9.9,803,car,-80.9990429371783,7.7830653361372315,-8.172007502835609,-0.07981535422649391,4.5,1.8,0.0,15.0,0.0,
8,99,9.9,804,bicycle,139.68181994672653,-3.415523154593107,14.080216685369198,0.6369000299135119,1.8,0.6,0.0,15.0,0.0,
9,0,0.0,900,car,81.61384970697388,-8.998587171326166,29.584539395145374,0.04850149687101786,4.5,1.8,0.0,15.0,0.0,
9,0,0.0,901,car,-17.658768159751478,1.8232846413890877,9.795618560300214,-0.1708097986965067,4.5,1.8,0.0,15.0,0.0,
9,0,0.0,902,car,-18.46528831724163,10.489029894604672,3.2845776466251397,-0.011866711163286126,4.5,1.8,0.0,15.0,0.0,
9,0,0.0,903,motorcycle,65.53340123121009,8.159739854744121,27.65302947466204,-0.18649330142018017,2.2,0.8,0.0,15.0,0.0,
9,0,0.0,904,car,62.418039035486956,-9.554490215961293,18.677796247171912,-0.2970699359992514,4.5,1.8,0.0,15.0,0.0,
9,1,0.1,900,car,84.62622890451424,-8.847461502453003,29.530972915230688,0.03260314180749883,4.5,1.8,0.0,15.0,0.0,
9,1,0.1,901,car,-16.561627701213933,2.003513115133309,9.745964010334777,-0.2077503946868392,4.5,1.8,0.0,15.0,0.0,
9,1,0.1,902,car,-18.09872054311813,10.430068909269034,3.246616058899642,0.0003568191551592305,4.5,1.8,0.0,15.0,0.0,
9,1,0.1,903,motorcycle,68.45364617405028,8.010142295092164,27.727946180051017,-0.21523176234932456,2.2,0.8,0.0,15.0,0.0,
9,1,0.1,904,car,64.32039785232996,-9.425112137451032,18.694062426787017,-0.31194448840921085,4.5,1.8,0.0,15.0,0.0,
9,2,0.2,900,car,87.65114375830677,-8.861517808505496,29.55704046771042,0.022369091888607855,4.5,1.8,0.0,15.0,0.0,
9,2,0.2,901,car,-15.50091601048155,1.8433149064096035,9.695287929130094,-0.2781968159302365,4.5,1.8,0.0,15.0,0.0,
9,2,0.2,902,car,-17.7797018801478,10.277150769303573,3.212024480146301,-0.05501861107328117,4.5,1.8,0.0,15.0,0.0,
9,2,0.2,903,motorcycle,71.37440841500927,7.889551083639647,27.66361889490485,-0.20281483566103609,2.2,0.8,0.0,15.0,0.0,
9,2,0.2,904,car,66.35848621046483,-9.467913294216523,18.692126461463165,-0.24740661535528705,4.5,1.8,0.0,15.0,0.0,
9,3,0.30000000000000004,900,car,90.69467073889946,-8.816739400855447,29.527923431290407,0.0451669872029385,4.5,1.8,0.0,15.0,0.0,
9,3,0.30000000000000004,901,car,-14.667465627103809,1.7531276698773202,9.766861061677856,-0.2130971816931804,4.5,1.8,0.0,15.0,0.0,
9,3,0.30000000000000004,902,car,-17.414750962199633,10.07871353605858,3.1516134037471435,-0.08899223250398461,4.5,1.8,0.0,15.0,0.0,
9,3,0.30000000000000004,903,motorcycle,74.12360040136588,7.744228485022948,27.65130320872574,-0.1144500737532683,2.2,0.8,0.0,15.0,0.0,
9,3,0.30000000000000004,904,car,68.26778244429703,-9.470771292855947,18.64124869051224,-0.32935585469091244,4.5,1.8,0.0,15.0,0.0,
9,4,0.4,900,car,93.5246434394742,-8.980161616939252,29.53167519440248,0.06436127742330647,4.5,1.8,0.0,15.0,0.0,
9,4,0.4,901,car,-13.787308516217957,1.746609885698917,9.84031075248947,-0.11521231457581854,4.5,1.8,0.0,15.0,0.0,
9,4,0.4,902,car,-17.02254858675,10.052330262412346,3.188518615940956,-0.021401733320086533,4.5,1.8,0.0,15.0,0.0,
9,4,0.4,903,motorcycle,76.6880079084594,7.880990381427262,27.624073867696087,-0.1411982215001428,2.2,0.8,0.0,15.0,0.0,
9,4,0.4,904,car,70.09641451608965,-9.471698464447464,18.5856859778273,-0.34359655642546,4.5,1.8,0.0,15.0,0.0,
9,5,0.5,900,car,96.53033867956424,-8.951868364269522,29.550715920120556,0.048162841804245,4.5,1.8,0.0,15.0,0.0,
9,5,0.5,901,car,-12.733906445722745,1.8407302664416205,9.890132718097606,-0.09383180293366175,4.5,1.8,0.0,15.0,0.0,
9,5,0.5,902,car,-16.609807464283538,10.13729614749181,3.3223440112751637,0.03950162018234889,4.5,1.8,0.0,15.0,0.0,
9,5,0.5,903,motorcycle,79.44154088156547,7.775702630542561,27.61101685495813,-0.1577874642801418,2.2,0.8,0.0,15.0,0.0,
9,5,0.5,904,car,72.00612537064498,-9.57608374460894,18.64529483640332,-0.4130747067202248,4.5,1.8,0.0,15.0,0.0,
9,6,0.6000000000000001,900,car,99.32215775794465,-8.960563680881632,29.50858796766078,-0.014748850894969828,4.5,1.8,0.0,15.0,0.0,
9,6,0.6000000000000001,901,car,-11.808600169413468,1.755198503240362,9.890639434659317,-0.12485534234937481,4.5,1.8,0.0,15.0,0.0,
9,6,0.6000000000000001,902,car,-16.33148649898103,10.140759737687915,3.373056089811935,0.11303889345678841,4.5,1.8,0.0,15.0,0.0,
9,6,0.6000000000000001,903,motorcycle,82.2174193233097,7.782478195991598,27.60185750409334,-0.13372503327718788,2.2,0.8,0.0,15.0,0.0,
9,6,0.6000000000000001,904,car,73.90967679034372,-9.48480644697212,18.550859604945547,-0.42479959390583516,4.5,1.8,0.0,15.0,0.0,
9,7,0.7000000000000001,900,car,102.3069355416235,-8.96466696172534,29.461629316055976,-0.07971718485699371,4.5,1.8,0.0,15.0,0.0,
9,7,0.7000000000000001,901,car,-10.73890398334465,1.6670203839657831,9.802894410084036,-0.0820266993488799,4.5,1.8,0.0,15.0,0.0,
9,7,0.7000000000000001,902,car,-15.94828259995523,10.140476217287771,3.327328510173883,0.10736682128826372,4.5,1.8,0.0,15.0,0.0,
9,7,0.7000000000000001,903,motorcycle,85.09916383377096,7.6076357640609995,27.52365862325636,-0.1651132994228084,2.2,0.8,0.0,15.0,0.0,
9,7,0.7000000000000001,904,car,75.76209838215895,-9.576915596151082,18.583000433703898,-0.3703578966834178,4.5,1.8,0.0,15.0,0.0,
9,8,0.8,900,car,105.28097535068984,-8.916595445835428,29.47523429365716,-0.0792417803112278,4.5,1.8,0.0,15.0,0.0,
9,8,0.8,901,car,-9.887970412317717,1.5560185432706322,9.73534848623544,-0.0894519390969341,4.5,1.8,0.0,15.0,0.0,
9,8,0.8,902,car,-15.592321945812404,10.006286660938459,3.3309582625289837,0.06360600487525328,4.5,1.8,0.0,15.0,0.0,
9,8,0.8,903,motorcycle,87.74460976174291,7.528589492462648,27.46763479833911,-0.13478034352484408,2.2,0.8,0.0,15.0,0.0,
9,8,0.8,904,car,77.60359798372446,-9.532429980120666,18.560825616098583,-0.39064219977760206,4.5,1.8,0.0,15.0,0.0,
9,9,0.9,900,car,108.41583704413691,-9.086825671034585,29.539458355828145,0.003484421571063545,4.5,1.8,0.0,15.0,0.0,
9,9,0.9,901,car,-8.837853814068023,1.5140263024238363,9.806693589822427,-0.10554000709143405,4.5,1.8,0.0,15.0,0.0,
9,9,0.9,902,car,-15.329804678130577,9.973820427006817,3.302448575573057,0.016274848629274176,4.5,1.8,0.0,15.0,0.0,
9,9,0.9,903,motorcycle,90.60237402498772,7.437766622847985,27.46615244889304,-0.20696893799478427,2.2,0.8,0.0,15.0,0.0,
9,9,0.9,904,car,79.46276161350923,-9.6870868045207,18.50180132495232,-0.3961065952824062,4.5,1.8,0.0,15.0,0.0,
9,10,1.0,900,car,111.47548010623781,-9.042435860103499,29.564914375134784,-0.0030114374278868324,4.5,1.8,0.0,15.0,0.0,
9,10,1.0,901,car,-7.8907484816008315,1.5825863655641166,9.778534731706387,-0.06381829936904926,4.5,1.8,0.0,15.0,0.0,
9,10,1.0,902,car,-14.875965126679866,9.891309233572168,3.2677263007913964,-0.011009926691456041,4.5,1.8,0.0,15.0,0.0,
9,10,1.0,903,motorcycle,93.20229300730168,7.370129455885121,27.531224935754015,-0.25924771511155165,2.2,0.8,0.0,15.0,0.0,
9,10,1.0,904,car,81.44546135686986,-9.770041909844249,18.60750310680746,-0.4301972485481776,4.5,1.8,0.0,15.0,0.0,
9,11,1.1,900,car,114.41757334876907,-9.133755310365528,29.53052933645549,0.06389752091503273,4.5,1.8,0.0,15.0,0.0,
9,11,1.1,901,car,-6.865441339916294,1.6790863135449565,9.712755266656885,-0.031076876711153507,4.5,1.8,0.0,15.0,0.0,
9,11,1.1,902,car,-14.646336828272773,9.756476389599737,3.279664607734074,0.0004169899791146292,4.5,1.8,0.0,15.0,0.0,
9,11,1.1,903,motorcycle,95.960750079507,7.4159605256367325,27.5749032516357,-0.1857612481518666,2.2,0.8,0.0,15.0,0.0,
9,11,1.1,904,car,83.18717736772001,-9.662860010154043,18.70161868129224,-0.44850874937077934,4.5,1.8,0.0,15.0,0.0,
9,12,1.2000000000000002,900,car,117.2037771141073,-9.265715449580938,29.507436767408805,0.16460460043040384,4.5,1.8,0.0,15.0,0.0,
9,12,1.2000000000000002,901,car,-5.892457813230288,1.61426021419866,9.67848515373902,-0.09721299296144309,4.5,1.8,0.0,15.0,0.0,
9,12,1.2000000000000002,902,car,-14.230912764531327,9.74731121412574,3.384656083222196,0.031827459800437156,4.5,1.8,0.0,15.0,0.0,
9,12,1.2000000000000002,903,motorcycle,98.8012340362763,7.373173917747278,27.520351734727026,-0.2294402971683256,2.2,0.8,0.0,15.0,0.0,
9,12,1.2000000000000002,904,car,84.92041454146033,-9.616671413109312,18.682372921929943,-0.40088372239117603,4.5,1.8,0.0,15.0,0.0,
9,13,1.3,900,car,120.16811223107894,-9.278536825114942,29.44895662566038,0.17968623707853773,4.5,1.8,0.0,15.0,0.0,
9,13,1.3,901,car,-4.946472599501066,1.6947573076980578,9.64271461994524,-0.06640760428659129,4.5,1.8,0.0,15.0,0.0,
9,13,1.3,902,car,-13.728362314586853,9.777749551571754,3.42392065585929,0.06042197210931613,4.5,1.8,0.0,15.0,0.0,
9,13,1.3,903,motorcycle,101.74307835820076,7.387385930199828,27.555349677313803,-0.23125409859412344,2.2,0.8,0.0,15.0,0.0,
9,13,1.3,904,car,86.71121298008505,-9.777577353916547,18.745719125211778,-0.451301690958303,4.5,1.8,0.0,15.0,0.0,
9,14,1.4000000000000001,900,car,123.18759434362332,-9.218966538368713,29.494845892905165,0.1539506359493768,4.5,1.8,0.0,15.0,0.0,
9,14,1.4000000000000001,901,car,-4.061274128954863,1.7259537310793744,9.628097536284864,-0.1279590211169052,4.5,1.8,0.0,15.0,0.0,
9,14,1.4000000000000001,902,car,-13.192117694766889,9.70465093218643,3.374239020260039,0.04831518370034725,4.5,1.8,0.0,15.0,0.0,
9,14,1.4000000000000001,903,motorcycle,104.62389918284794,7.147587016028054,27.613843858042575,-0.27682777366693856,2.2,0.8,0.0,15.0,0.0,
9,14,1.4000000000000001,904,car,88.61223741661705,-9.890308219184758,18.84531496791188,-0.44507068662618543,4.5,1.8,0.0,15.0,0.0,
9,15,1.5,900,car,126.06626977787971,-9.233680606957545,29.49932774665025,0.16283446633748683,4.5,1.8,0.0,15.0,0.0,
9,15,1.5,901,car,-3.0545881269742443,1.7130173681994523,9.559239415454428,-0.14497240466198827,4.5,1.8,0.0,15.0,0.0,
9,15,1.5,902,car,-12.7940279552568,9.642494169918564,3.407878084244958,0.04990109034823777,4.5,1.8,0.0,15.0,0.0,
9,15,1.5,903,motorcycle,107.36350955297554,7.23931862791532,27.52693728582336,-0.31059381858017104,2.2,0.8,0.0,15.0,0.0,
9,15,1.5,904,car,90.6200117843761,-9.751810371532024,18.959614592145464,-0.4425529101092702,4.5,1.8,0.0,15.0,0.0,
9,16,1.6,900,car,129.06199229050628,-9.13565437760023,29.56308151025816,0.1784890630712249,4.5,1.8,0.0,15.0,0.0,
9,16,1.6,901,car,-2.0060492930841947,1.7444975077777056,9.585350612549847,-0.19089086650699227,4.5,1.8,0.0,15.0,0.0,
9,16,1.6,902,car,-12.486161518769926,9.595207359145604,3.3484333115660316,-0.03267917086230801,4.5,1.8,0.0,15.0,0.0,
9,16,1.6,903,motorcycle,110.07384053169868,7.1818710134136765,27.532189139624755,-0.282806926538164,2.2,0.8,0.0,15.0,0.0,
9,16,1.6,904,car,92.53478546795124,-9.821756780296008,18.91385827635662,-0.39869945523420935,4.5,1.8,0.0,15.0,0.0,
9,17,1.7000000000000002,900,car,132.00811821980315,-9.1611844507938,29.553758796137497,0.1418518457034895,4.5,1.8,0.0,15.0,0.0,
9,17,1.7000000000000002,901,car,-1.1005816241703206,1.6691625897979876,9.570983741649824,-0.15810311866608778,4.5,1.8,0.0,15.0,0.0,
9,17,1.7000000000000002,902,car,-12.110606980759261,9.746613182787453,3.409019766171632,0.06514191779942077,4.5,1.8,0.0,15.0,0.0,
9,17,1.7000000000000002,903,motorcycle,112.88297529362823,7.207900842997213,27.507818350742898,-0.2415061816633891,2.2,0.8,0.0,15.0,0.0,
9,17,1.7000000000000002,904,car,94.36055960258258,-10.008672278257587,18.990174445969007,-0.4611585349658429,4.5,1.8,0.0,15.0,0.0,
9,18,1.8,900,car,135.00737927837645,-9.235032403506786,29.61009217727709,0.20499934499202427,4.5,1.8,0.0,15.0,0.0,
9,18,1.8,901,car,-0.09056546926301953,1.7779887488789987,9.57135059544138,-0.046394384624785276,4.5,1.8,0.0,15.0,0.0,
9,18,1.8,902,car,-11.695088480792808,9.663072218605025,3.412500101608839,0.05751681648866737,4.5,1.8,0.0,15.0,0.0,
9,18,1.8,903,motorcycle,115.60871472285876,7.018036302040953,27.52716157796507,-0.31079383061041677,2.2,0.8,0.0,15.0,0.0,
9,18,1.8,904,car,96.00703631912725,-10.089189495866501,18.952379763299394,-0.5042353855976206,4.5,1.8,0.0,15.0,0.0,
9,19,1.9000000000000001,900,car,137.6580789010676,-9.299616756602887,29.601410084018454,0.17329164798721958,4.5,1.8,0.0,15.0,0.0,
9,19,1.9000000000000001,901,car,0.9053039579064517,1.9126153752640764,9.59716896745414,0.00492533008031399,4.5,1.8,0.0,15.0,0.0,
9,19,1.9000000000000001,902,car,-11.242925801667079,9.56693782354722,3.4344558362431488,0.10727468415694068,4.5,1.8,0.0,15.0,0.0,
9,19,1.9000000000000001,903,motorcycle,118.31783483285042,6.907894253976882,27.55368190092589,-0.3848752741998007,2.2,0.8,0.0,15.0,0.0,
9,19,1.9000000000000001,904,car,97.79347383715056,-10.206288669184607,18.97490547395593,-0.4932897595198374,4.5,1.8,0.0,15.0,0.0,
9,20,2.0,900,car,140.72145699742467,-9.374474597240507,29.552636435455078,0.19948724642470278,4.5,1.8,0.0,15.0,0.0,
9,20,2.0,901,car,1.7851541642411621,1.8527575167226658,9.504330725491553,0.019467630150993363,4.5,1.8,0.0,15.0,0.0,
9,20,2.0,902,car,-10.745351170861149,9.474736400332878,3.4855410168291545,0.10430475510744311,4.5,1.8,0.0,15.0,0.0,
9,20,2.0,903,motorcycle,120.896661559102,6.779934040994089,27.505858534285704,-0.40070166345683206,2.2,0.8,0.0,15.0,0.0,
9,20,2.0,904,car,99.73291581339082,-10.070725361412448,18.903348184210003,-0.5175286293658368,4.5,1.8,0.0,15.0,0.0,
9,21,2.1,900,car,143.58712255567912,-9.481323818746967,29.557408819785557,0.19956124598404515,4.5,1.8,0.0,15.0,0.0,
9,21,2.1,901,car,2.5542070020820304,1.8565193325323115,9.444060925845996,0.020059016107742147,4.5,1.8,0.0,15.0,0.0,
9,21,2.1,902,car,-10.269847419857625,9.531473671951217,3.494416871549509,0.07786646723727376,4.5,1.8,0.0,15.0,0.0,
9,21,2.1,903,motorcycle,123.65393417761506,6.796189296873154,27.529066851426123,-0.4056626016475093,2.2,0.8,0.0,15.0,0.0,
9,21,2.1,904,car,101.64498826420571,-10.25413440635324,18.866631345471117,-0.4821506417385375,4.5,1.8,0.0,15.0,0.0,
9,22,2.2,900,car,146.6270667327951,-9.452007835064625,29.631357106503813,0.2249622168071135,4.5,1.8,0.0,15.0,0.0,
9,22,2.2,901,car,3.4753003428803235,1.73654995883903,9.515997588347442,0.058574888965471014,4.5,1.8,0.0,15.0,0.0,
9,22,2.2,902,car,-9.740574590409622,9.755945064225337,3.430069856210371,0.013649780030914493,4.5,1.8,0.0,15.0,0.0,
9,22,2.2,903,motorcycle,126.12052087150076,6.8474592504113785,27.561890985800503,-0.400773651641217,2.2,0.8,0.0,15.0,0.0,
9,22,2.2,904,car,103.40903807564847,-10.311252839439572,18.8758666202215,-0.44301435839457903,4.5,1.8,0.0,15.0,0.0,
9,23,2.3000000000000003,900,car,149.61750113489202,-9.363131483884798,29.62515056300811,0.2840363115033761,4.5,1.8,0.0,15.0,0.0,
9,23,2.3000000000000003,901,car,4.490073109459412,1.6237141406654947,9.585458606730255,0.11985346510122784,4.5,1.8,0.0,15.0,0.0,
9,23,2.3000000000000003,902,car,-9.35102013108329,9.785381812727174,3.5130004346542876,-0.06801586328268922,4.5,1.8,0.0,15.0,0.0,
9,23,2.3000000000000003,903,motorcycle,129.00083242248678,6.759761215389822,27.616649858121022,-0.3947548592827648,2.2,0.8,0.0,15.0,0.0,
9,23,2.3000000000000003,904,car,105.17233213532978,-10.405206256282598,18.9269530738798,-0.4535247524605727,4.5,1.8,0.0,15.0,0.0,
9,24,2.4000000000000004,900,car,152.51786764972104,-9.397545058513963,29.6572629341198,0.37156806301037426,4.5,1.8,0.0,15.0,0.0,
9,24,2.4000000000000004,901,car,5.234530633068809,1.915767931909946,9.595645918179061,0.1488646718661692,4.5,1.8,0.0,15.0,0.0,
9,24,2.4000000000000004,902,car,-9.043346262332602,9.778228713913222,3.522626085260843,-0.12047066289954098,4.5,1.8,0.0,15.0,0.0,
9,24,2.4000000000000004,903,motorcycle,131.68192926447313,6.8387424835506705,27.539032515853062,-0.3727029041170878,2.2,0.8,0.0,15.0,0.0,
9,24,2.4000000000000004,904,car,107.02797575178084,-10.546629446476214,19.02554966647827,-0.5012498805236446,4.5,1.8,0.0,15.0,0.0,
9,25,2.5,900,car,155.37058374315959,-9.379085522564978,29.618835002414695,0.3718870958601017,4.5,1.8,0.0,15.0,0.0,
9,25,2.5,901,car,6.209635154551854,1.9541202056600557,9.589451375816882,0.11375658671155794,4.5,1.8,0.0,15.0,0.0,
9,25,2.5,902,car,-8.626743349538584,9.755012370972853,3.4978452196580943,-0.04647097794466486,4.5,1.8,0.0,15.0,0.0,
9,25,2.5,903,motorcycle,134.4237013200193,6.910670853288622,27.600374438208533,-0.30831926234579815,2.2,0.8,0.0,15.0,0.0,
9,25,2.5,904,car,108.99964649923979,-10.596817784216153,19.02234758194572,-0.513455886447809,4.5,1.8,0.0,15.0,0.0,
9,26,2.6,900,car,158.11577767639974,-9.270016132404182,29.63105828073395,0.41316330917053307,4.5,1.8,0.0,15.0,0.0,
9,26,2.6,901,car,7.156880136986346,2.031978380526564,9.52057602267381,0.05529330624847944,4.5,1.8,0.0,15.0,0.0,
9,26,2.6,902,car,-8.524579987544913,9.736930353595225,3.459218940269164,-0.09164007170318586,4.5,1.8,0.0,15.0,0.0,
9,26,2.6,903,motorcycle,137.21720400163667,6.837288207634279,27.52871988786835,-0.18108092370819326,2.2,0.8,0.0,15.0,0.0,
9,26,2.6,904,car,110.89818019538555,-10.756479678154504,18.988855808899068,-0.5221130348982692,4.5,1.8,0.0,15.0,0.0,
9,27,2.7,900,car,161.06135890824743,-9.09848337418254,29.627086782852338,0.5059237177639457,4.5,1.8,0.0,15.0,0.0,
9,27,2.7,901,car,8.065695444852517,2.0801513151774014,9.571675032390202,0.11505092148406336,4.5,1.8,0.0,15.0,0.0,
9,27,2.7,902,car,-8.047470871775115,9.700565172336894,3.458944477255418,-0.21561120003136963,4.5,1.8,0.0,15.0,0.0,
9,27,2.7,903,motorcycle,139.95047498656345,6.928305533056458,27.573561711861142,-0.18540527975869733,2.2,0.8,0.0,15.0,0.0,
9,27,2.7,904,car,112.96697972056846,-10.847091510078812,18.953048817698072,-0.5455211216595877,4.5,1.8,0.0,15.0,0.0,
9,28,2.8000000000000003,900,car,163.91182108404905,-8.985651499235793,29.641510873432768,0.5364226900825984,4.5,1.8,0.0,15.0,0.0,
9,28,2.8000000000000003,901,car,8.981425832898417,2.0858491093918823,9.462754096219756,0.13386219904961572,4.5,1.8,0.0,15.0,0.0,
9,28,2.8000000000000003,902,car,-7.691692278543608,9.568951286184411,3.453711600651088,-0.228503665134878,4.5,1.8,0.0,15.0,0.0,
9,28,2.8000000000000003,903,motorcycle,142.8842623512503,6.803652308267807,27.590133020804476,-0.23994369739261537,2.2,0.8,0.0,15.0,0.0,
9,28,2.8000000000000003,904,car,114.80649725793124,-10.873961726875548,18.942480668154918,-0.5458206644702654,4.5,1.8,0.0,15.0,0.0,
9,29,2.9000000000000004,900,car,166.90924438221552,-8.98137818734739,29.68571820017354,0.5211487029207181,4.5,1.8,0.0,15.0,0.0,
9,29,2.9000000000000004,901,car,9.917945696365136,2.135366456755629,9.474104106277998,0.16607359527675836,4.5,1.8,0.0,15.0,0.0,
9,29,2.9000000000000004,902,car,-7.314624678330029,9.593003985826542,3.4374429749428312,-0.28194222003915403,4.5,1.8,0.0,15.0,0.0,
9,29,2.9000000000000004,903,motorcycle,145.50051176305547,6.612586923764316,27.67826935669094,-0.35058236793732167,2.2,0.8,0.0,15.0,0.0,
9,29,2.9000000000000004,904,car,116.82011767464445,-11.010630694452322,19.00180271676091,-0.6559476658660379,4.5,1.8,0.0,15.0,0.0,
9,30,3.0,900,car,169.85430681204454,-8.78386087675279,29.721378678347318,0.5042854298861785,4.5,1.8,0.0,15.0,0.0,
9,30,3.0,901,car,10.671058376840087,2.0197249640682116,9.543561461105968,0.14866153521407208,4.5,1.8,0.0,15.0,0.0,
9,30,3.0,902,car,-6.97806279117709,9.59316327429289,3.3723010292884537,-0.26157771104714506,4.5,1.8,0.0,15.0,0.0,
9,30,3.0,903,motorcycle,148.22637715065767,6.606898965528138,27.649366810664088,-0.4292381709403795,2.2,0.8,0.0,15.0,0.0,
9,30,3.0,904,car,118.67756069313934,-11.012147699328125,19.021505721214762,-0.6544011224993016,4.5,1.8,0.0,15.0,0.0,
9,31,3.1,900,car,172.9162578651803,-8.753791735018595,29.72419249404808,0.4802970859014922,4.5,1.8,0.0,15.0,0.0,
9,31,3.1,901,car,11.721076320626029,2.063743972361795,9.5157135555973,0.07421004788768186,4.5,1.8,0.0,15.0,0.0,
9,31,3.1,902,car,-6.530336560758411,9.492598998069711,3.375904246912931,-0.14394772688991647,4.5,1.8,0.0,15.0,0.0,
9,31,3.1,903,motorcycle,151.0714647858974,6.725090107316799,27.62246057003703,-0.3756893510993692,2.2,0.8,0.0,15.0,0.0,
9,31,3.1,904,car,120.582378164556,-11.040986119501197,19.12254780686674,-0.6683334137067869,4.5,1.8,0.0,15.0,0.0,
9,32,3.2,900,car,175.89060255995275,-8.79608349157924,29.768615921843484,0.45226574098716044,4.5,1.8,0.0,15.0,0.0,
9,32,3.2,901,car,12.774918717767648,1.9061736529760784,9.54314545918898,0.04202538258452907,4.5,1.8,0.0,15.0,0.0,
9,32,3.2,902,car,-6.119694372134097,9.476848308095297,3.3491373011695162,-0.16327570773371622,4.5,1.8,0.0,15.0,0.0,
9,32,3.2,903,motorcycle,153.74867201289524,6.771299947738948,27.57002870256576,-0.38904328303600905,2.2,0.8,0.0,15.0,0.0,
9,32,3.2,904,car,122.52915690321294,-10.946470008327022,19.12208287682215,-0.6804589430337089,4.5,1.8,0.0,15.0,0.0,
9,33,3.3000000000000003,900,car,178.8948276386487,-8.958203339047968,29.70868363680895,0.4334974160432379,4.5,1.8,0.0,15.0,0.0,
9,33,3.3000000000000003,901,car,13.65793634861328,1.75029286231019,9.586034391747358,0.05501321906239518,4.5,1.8,0.0,15.0,0.0,
9,33,3.3000000000000003,902,car,-5.770754117288894,9.391121622206487,3.3531069494026995,-0.13755323476166326,4.5,1.8,0.0,15.0,0.0,
9,33,3.3000000000000003,903,motorcycle,156.47918527776147,6.776852843359383,27.530225678474505,-0.38416901738652337,2.2,0.8,0.0,15.0,0.0,
9,33,3.3000000000000003,904,car,124.55561501918777,-10.891313932272789,19.188462317069636,-0.666180522262063,4.5,1.8,0.0,15.0,0.0,
9,34,3.4000000000000004,900,car,181.86885739781536,-8.959732489059585,29.61830939898308,0.36625243122321327,4.5,1.8,0.0,15.0,0.0,
9,34,3.4000000000000004,901,car,14.59973429059149,1.7449653393035864,9.656645543187683,0.12075317553117648,4.5,1.8,0.0,15.0,0.0,
9,34,3.4000000000000004,902,car,-5.504092036497283,9.459198870239222,3.329253506174004,-0.1034224176114732,4.5,1.8,0.0,15.0,0.0,
9,34,3.4000000000000004,903,motorcycle,159.31280961841958,6.862645222835504,27.50559351073537,-0.33345383302747716,2.2,0.8,0.0,15.0,0.0,
9,34,3.4000000000000004,904,car,126.2871798472826,-10.828310416345108,19.18721148092871,-0.666366922161348,4.5,1.8,0.0,15.0,0.0,
9,35,3.5,900,car,184.62694468714463,-8.961973834662002,29.686083368963757,0.34491733663807256,4.5,1.8,0.0,15.0,0.0,
9,35,3.5,901,car,15.63674512100778,1.760496169628115,9.709779000167668,0.1303282237913827,4.5,1.8,0.0,15.0,0.0,
9,35,3.5,902,car,-5.264347838989694,9.454501696462968,3.4093143513590647,-0.07854016370966312,4.5,1.8,0.0,15.0,0.0,
9,35,3.5,903,motorcycle,162.05172433876376,7.054874221446088,27.56355429586343,-0.29261713725755417,2.2,0.8,0.0,15.0,0.0,
9,35,3.5,904,car,128.23763524189994,-10.821919725086131,19.225348084587853,-0.7755076894389549,4.5,1.8,0.0,15.0,0.0,
9,36,3.6,900,car,187.63504664532397,-8.94356268693176,29.661094555306928,0.3351454726358607,4.5,1.8,0.0,15.0,0.0,
9,36,3.6,901,car,16.45213815234233,1.5930679820035354,9.772104121040092,0.153436114776829,4.5,1.8,0.0,15.0,0.0,
9,36,3.6,902,car,-5.1647176165750155,9.389009225951828,3.453341938028891,-0.09254088239569469,4.5,1.8,0.0,15.0,0.0,
9,36,3.6,903,motorcycle,164.93258026372993,7.130587687647996,27.495718735397894,-0.29978334219999575,2.2,0.8,0.0,15.0,0.0,
9,36,3.6,904,car,130.11536110787785,-11.038394323465237,19.15263436834509,-0.8158087667510413,4.5,1.8,0.0,15.0,0.0,
9,37,3.7,900,car,190.5370635599034,-8.881725161943837,29.71330522896765,0.3608277204264792,4.5,1.8,0.0,15.0,0.0,
9,37,3.7,901,car,17.504385788474423,1.5817498113341815,9.802254130870736,0.14601736569731594,4.5,1.8,0.0,15.0,0.0,
9,37,3.7,902,car,-4.863530661097405,9.569465232601821,3.3368181402015162,-0.18620609726106274,4.5,1.8,0.0,15.0,0.0,
9,37,3.7,903,motorcycle,167.72042211268308,7.07411111857475,27.423869517889546,-0.35251388975818415,2.2,0.8,0.0,15.0,0.0,
9,37,3.7,904,car,131.93818396502618,-11.030741546427251,19.213254889898312,-0.7338306384895104,4.5,1.8,0.0,15.0,0.0,
9,38,3.8000000000000003,900,car,193.34949296057925,-8.982354743152344,29.64152390524262,0.42527057071497965,4.5,1.8,0.0,15.0,0.0,
9,38,3.8000000000000003,901,car,18.526333647003447,1.604371469550885,9.813735565563109,0.14317845184037875,4.5,1.8,0.0,15.0,0.0,
9,38,3.8000000000000003,902,car,-4.641963051817904,9.602161901854206,3.327511214918832,-0.2462221729350274,4.5,1.8,0.0,15.0,0.0,
9,38,3.8000000000000003,903,motorcycle,170.52023760900784,6.996280965971673,27.435243692231616,-0.35876284782308543,2.2,0.8,0.0,15.0,0.0,
9,38,3.8000000000000003,904,car,133.94864733123848,-11.082108312853308,19.169069881155473,-0.7177304773125838,4.5,1.8,0.0,15.0,0.0,
9,39,3.9000000000000004,900,car,196.3491142235508,-8.88869438867696,29.69331761797922,0.39447143145612096,4.5,1.8,0.0,15.0,0.0,
9,39,3.9000000000000004,901,car,19.57450077027781,1.4462075909508423,9.807736324798693,0.12944545759999665,4.5,1.8,0.0,15.0,0.0,
9,39,3.9000000000000004,902,car,-4.164427408307993,9.561906141663055,3.3579106538274126,-0.3343111040786553,4.5,1.8,0.0,15.0,0.0,
9,39,3.9000000000000004,903,motorcycle,173.22858618176215,6.875768694446006,27.559019248396392,-0.3921026856791533,2.2,0.8,0.0,15.0,0.0,
9,39,3.9000000000000004,904,car,135.8728822266202,-11.14122378035705,19.08959596660864,-0.7440322478397394,4.5,1.8,0.0,15.0,0.0,
9,40,4.0,900,car,199.35892263661364,-8.84067501800722,29.57829706937882,0.3661218592308909,4.5,1.8,0.0,15.0,0.0,
9,40,4.0,901,car,20.657356568902372,1.5179744294421356,9.868637992389953,0.0801630907288321,4.5,1.8,0.0,15.0,0.0,
9,40,4.0,902,car,-3.7005433893973456,9.52403442642627,3.4375217788743595,-0.33414588237446663,4.5,1.8,0.0,15.0,0.0,
9,40,4.0,903,motorcycle,175.77974055733034,6.921483883008806,27.536843564497662,-0.4109141662475775,2.2,0.8,0.0,15.0,0.0,
9,40,4.0,904,car,137.6365321801741,-11.05340705524042,19.063540907918497,-0.6652804590941134,4.5,1.8,0.0,15.0,0.0,
9,41,4.1000000000000005,900,car,202.27362802739222,-8.896837352299059,29.644273528080312,0.36245512178087946,4.5,1.8,0.0,15.0,0.0,
9,41,4.1000000000000005,901,car,21.637863167405854,1.397828144486707,9.84575682465514,0.10159788191038205,4.5,1.8,0.0,15.0,0.0,
9,41,4.1000000000000005,902,car,-3.486709210885795,9.436711068771642,3.4164994570039866,-0.33082384213876675,4.5,1.8,0.0,15.0,0.0,
9,41,4.1000000000000005,903,motorcycle,178.68138087834393,6.85039715308575,27.502318531377036,-0.27359563464634395,2.2,0.8,0.0,15.0,0.0,
9,41,4.1000000000000005,904,car,139.4995677356136,-11.13900091726675,19.045648589458946,-0.6791189141495948,4.5,1.8,0.0,15.0,0.0,
9,42,4.2,900,car,205.24583086650185,-8.768512192361644,29.664472914243984,0.41630989994920053,4.5,1.8,0.0,15.0,0.0,
9,42,4.2,901,car,22.72684171733211,1.4288431432393327,9.864572423158329,0.1570347157238132,4.5,1.8,0.0,15.0,0.0,
9,42,4.2,902,car,-3.2561802579856445,9.653449804781594,3.390870200477606,-0.34837208821721555,4.5,1.8,0.0,15.0,0.0,
9,42,4.2,903,motorcycle,181.31042263401426,6.704822508825676,27.55102023482152,-0.16008597076423137,2.2,0.8,0.0,15.0,0.0,
9,42,4.2,904,car,141.34740858347865,-11.172181155868959,19.056656919244553,-0.6291066860287569,4.5,1.8,0.0,15.0,0.0,
9,43,4.3,900,car,208.43414960437798,-8.574783860568566,29.652539950194946,0.4427482817346823,4.5,1.8,0.0,15.0,0.0,
9,43,4.3,901,car,23.776104743922165,1.4425375516949521,9.809775616483492,0.11709590479566212,4.5,1.8,0.0,15.0,0.0,
9,43,4.3,902,car,-2.8022779728449625,9.743743395542078,3.3804918322356468,-0.33531931851421115,4.5,1.8,0.0,15.0,0.0,
9,43,4.3,903,motorcycle,184.18525103962938,6.518387024545923,27.528702613279577,-0.05919240169009915,2.2,0.8,0.0,15.0,0.0,
9,43,4.3,904,car,143.28300504702347,-11.348013432942176,19.06252103392324,-0.578034906415343,4.5,1.8,0.0,15.0,0.0,
9,44,4.4,900,car,211.14475030566462,-8.512880450675988,29.633919222465323,0.3606483754128349,4.5,1.8,0.0,15.0,0.0,
9,44,4.4,901,car,24.765275031083544,1.4405991189984737,9.80857110387361,0.09968287378342397,4.5,1.8,0.0,15.0,0.0,
9,44,4.4,902,car,-2.566362544816812,9.564731180330831,3.3459573352219154,-0.2923567128104079,4.5,1.8,0.0,15.0,0.0,
9,44,4.4,903,motorcycle,186.96142833033002,6.505550451432255,27.476714205826003,-0.0778881483328097,2.2,0.8,0.0,15.0,0.0,
9,44,4.4,904,car,145.26297290625152,-11.355338547335162,19.038661090434605,-0.7086050139887332,4.5,1.8,0.0,15.0,0.0,
9,45,4.5,900,car,214.040657464895,-8.525085064895768,29.588563925580186,0.33998958625584963,4.5,1.8,0.0,15.0,0.0,
9,45,4.5,901,car,25.827787154290426,1.4468377610811647,9.858055906268858,0.02426426950115375,4.5,1.8,0.0,15.0,0.0,
9,45,4.5,902,car,-2.2622732170901148,9.34159329796529,3.324628458730073,-0.3446395855752916,4.5,1.8,0.0,15.0,0.0,
9,45,4.5,903,motorcycle,189.83722503425545,6.538732837183325,27.527455680605655,-0.09935553959645618,2.2,0.8,0.0,15.0,0.0,
9,45,4.5,904,car,147.0648672055833,-11.53135534818788,19.05193305447315,-0.618096939279062,4.5,1.8,0.0,15.0,0.0,
9,46,4.6000000000000005,900,car,217.04075208665503,-8.528562879198942,29.579125382823857,0.33842456966825973,4.5,1.8,0.0,15.0,0.0,
9,46,4.6000000000000005,901,car,27.016257000935127,1.5726250446147683,9.871053856476376,0.029750867891459063,4.5,1.8,0.0,15.0,0.0,
9,46,4.6000000000000005,902,car,-1.8998750321801199,9.356556906336069,3.303968561081293,-0.38684353294412344,4.5,1.8,0.0,15.0,0.0,
9,46,4.6000000000000005,903,motorcycle,192.6931926283715,6.530995556280877,27.574892077396402,-0.01704760215763404,2.2,0.8,0.0,15.0,0.0,
9,46,4.6000000000000005,904,car,149.0221219844406,-11.557310194158779,19.211945203499003,-0.6077459328650711,4.5,1.8,0.0,15.0,0.0,
9,47,4.7,900,car,219.8896099441528,-8.522842945449316,29.656709618411135,0.2737162021542574,4.5,1.8,0.0,15.0,0.0,
9,47,4.7,901,car,27.928116426167467,1.6862428120007658,9.857472824350724,0.024238578542634306,4.5,1.8,0.0,15.0,0.0,
9,47,4.7,902,car,-1.4621408940589276,9.24619043547626,3.23053843850519,-0.4562878314872502,4.5,1.8,0.0,15.0,0.0,
9,47,4.7,903,motorcycle,195.5088598804521,6.555204005448194,27.540263751732436,-0.07498718319799075,2.2,0.8,0.0,15.0,0.0,
9,47,4.7,904,car,150.9162591922756,-11.506433058820239,19.17015430580754,-0.6408801339626992,4.5,1.8,0.0,15.0,0.0,
9,48,4.800000000000001,900,car,222.73622874925928,-8.532212614144107,29.673613567946965,0.37947466000641195,4.5,1.8,0.0,15.0,0.0,
9,48,4.800000000000001,901,car,28.93564185988453,1.6832988593313274,9.900619654649981,0.059049356134146525,4.5,1.8,0.0,15.0,0.0,
9,48,4.800000000000001,902,car,-1.1968531316450768,9.430767659670542,3.2293192708904925,-0.44446906546946047,4.5,1.8,0.0,15.0,0.0,
9,48,4.800000000000001,903,motorcycle,198.31802111435397,6.58229252388969,27.616533635176165,-0.10448262015448923,2.2,0.8,0.0,15.0,0.0,
9,48,4.800000000000001,904,car,152.91161284774162,-11.554064227678012,19.219290465563017,-0.6516294064611131,4.5,1.8,0.0,15.0,0.0,
9,49,4.9,900,car,225.66854857043867,-8.421057799400865,29.691513230801466,0.3384599448901485,4.5,1.8,0.0,15.0,0.0,
9,49,4.9,901,car,30.060265053990957,1.762454732455588,9.896909445125178,0.03563780054759073,4.5,1.8,0.0,15.0,0.0,
9,49,4.9,902,car,-0.8375081148686689,9.452369275526273,3.149615517191951,-0.42568501934331887,4.5,1.8,0.0,15.0,0.0,
9,49,4.9,903,motorcycle,201.14492994811292,6.336599401877464,27.62634311811343,-0.06975216343471026,2.2,0.8,0.0,15.0,0.0,
9,49,4.9,904,car,154.89162972572439,-11.538982332846041,19.202912135962105,-0.7036247281948859,4.5,1.8,0.0,15.0,0.0,
9,50,5.0,900,car,228.4577254603423,-8.277989480855044,29.72666650549118,0.39688439143157195,4.5,1.8,0.0,15.0,0.0,
9,50,5.0,901,car,30.97744186261906,1.8464021547728833,9.821775397527338,-0.007836877387899843,4.5,1.8,0.0,15.0,0.0,
9,50,5.0,902,car,-0.5099488414986902,9.476121536574583,3.2335661395868023,-0.43768822261323914,4.5,1.8,0.0,15.0,0.0,
9,50,5.0,903,motorcycle,203.82098928774536,6.237909297750851,27.591950820862213,0.04129917638904572,2.2,0.8,0.0,15.0,0.0,
9,50,5.0,904,car,156.88760829743404,-11.498091620629284,19.19096285660311,-0.7037071623148231,4.5,1.8,0.0,15.0,0.0,
9,51,5.1000000000000005,900,car,231.50031856148726,-8.288880917289982,29.712101111163847,0.36314917561837995,4.5,1.8,0.0,15.0,0.0,
9,51,5.1000000000000005,901,car,31.914870132396082,1.8505163282844257,9.78068989121914,0.006462071568569481,4.5,1.8,0.0,15.0,0.0,
9,51,5.1000000000000005,902,car,-0.1581340529848983,9.414427850027641,3.192193146808631,-0.43244007016564606,4.5,1.8,0.0,15.0,0.0,
9,51,5.1000000000000005,903,motorcycle,206.52969391353642,6.246698632100358,27.646857194232386,-0.021347829466155932,2.2,0.8,0.0,15.0,0.0,
9,51,5.1000000000000005,904,car,159.0240532167837,-11.575714696039539,19.211554820298407,-0.7413446668269148,4.5,1.8,0.0,15.0,0.0,
9,52,5.2,900,car,234.5857498275578,-8.265128646673212,29.69239519567389,0.3343734245546013,4.5,1.8,0.0,15.0,0.0,
9,52,5.2,901,car,32.866089918939075,1.8929972677365734,9.789330425750668,0.00446908491305585,4.5,1.8,0.0,15.0,0.0,
9,52,5.2,902,car,0.0899431199009828,9.29426649561858,3.1691494326796446,-0.4094262845576104,4.5,1.8,0.0,15.0,0.0,
9,52,5.2,903,motorcycle,209.3606056205367,6.324268268843544,27.646783849555444,-0.0021697324202647056,2.2,0.8,0.0,15.0,0.0,
9,52,5.2,904,car,160.92836362832523,-11.824078961815067,19.200758480821438,-0.7601109980948024,4.5,1.8,0.0,15.0,0.0,
9,53,5.300000000000001,900,car,237.4510848266823,-8.28843072179303,29.699149766388437,0.2777110852703475,4.5,1.8,0.0,15.0,0.0,
9,53,5.300000000000001,901,car,33.77394441437256,2.048234377783151,9.709195109456653,-0.004690023067299388,4.5,1.8,0.0,15.0,0.0,
9,53,5.300000000000001,902,car,0.2902271265925388,9.178160187380207,3.159262571198739,-0.45880509068904884,4.5,1.8,0.0,15.0,0.0,
9,53,5.300000000000001,903,motorcycle,212.18267706702886,6.459166357578758,27.68886775636058,0.04906092346577869,2.2,0.8,0.0,15.0,0.0,
9,53,5.300000000000001,904,car,162.7104659085045,-11.92439716380646,19.22412953418911,-0.7165514523890756,4.5,1.8,0.0,15.0,0.0,
9,54,5.4,900,car,240.59633510258212,-8.153755654103103,29.743974197572133,0.4093908642973155,4.5,1.8,0.0,15.0,0.0,
9,54,5.4,901,car,34.75449483347895,2.0188595316522644,9.718063004639676,-0.05044266085163944,4.5,1.8,0.0,15.0,0.0,
9,54,5.4,902,car,0.6129167622891933,8.959594458933555,3.1327866193703486,-0.4645717847923284,4.5,1.8,0.0,15.0,0.0,
9,54,5.4,903,motorcycle,215.04652737175022,6.575181504363972,27.640686903123026,0.1528625951639583,2.2,0.8,0.0,15.0,0.0,
9,54,5.4,904,car,164.64771620976734,-11.972047812442291,19.143244859939696,-0.7475543218950784,4.5,1.8,0.0,15.0,0.0,
9,55,5.5,900,car,243.67571490349258,-8.095838721402062,29.749364933884777,0.4207494728260896,4.5,1.8,0.0,15.0,0.0,
9,55,5.5,901,car,35.58198070343431,2.0041544102269517,9.788479522404558,0.0038927202516352427,4.5,1.8,0.0,15.0,0.0,
9,55,5.5,902,car,0.9136754800146684,9.069504147890477,3.069831694031929,-0.5131566680351414,4.5,1.8,0.0,15.0,0.0,
9,55,5.5,903,motorcycle,217.99695829977827,6.64826507571122,27.62624253601791,0.15009666686219594,2.2,0.8,0.0,15.0,0.0,
9,55,5.5,904,car,166.48137758444858,-12.019143984451054,19.15311428225527,-0.7465600864019439,4.5,1.8,0.0,15.0,0.0,
9,56,5.6000000000000005,900,car,246.53467577535994,-8.027288163012562,29.722889362263675,0.3714506098016302,4.5,1.8,0.0,15.0,0.0,
9,56,5.6000000000000005,901,car,36.687502904828506,2.221515818035641,9.88561052884554,0.03639885843974947,4.5,1.8,0.0,15.0,0.0,
9,56,5.6000000000000005,902,car,1.1941001415099421,9.0111529228265,3.0901118072050426,-0.5341690556582008,4.5,1.8,0.0,15.0,0.0,
9,56,5.6000000000000005,903,motorcycle,220.8914635593923,6.459701992964585,27.611456258318537,0.19015024146556195,2.2,0.8,0.0,15.0,0.0,
9,56,5.6000000000000005,904,car,168.31217304794612,-12.117814882209032,19.18279645306743,-0.6706466310500541,4.5,1.8,0.0,15.0,0.0,
9,57,5.7,900,car,249.37757088336969,-8.126950550807885,29.675587852871683,0.29457381727622217,4.5,1.8,0.0,15.0,0.0,
9,57,5.7,901,car,37.52942611217191,2.1278895841101457,9.947285206257838,0.0207950175363116,4.5,1.8,0.0,15.0,0.0,
9,57,5.7,902,car,1.506248832846107,8.862189591585263,3.1217886609582717,-0.4403808542665622,4.5,1.8,0.0,15.0,0.0,
9,57,5.7,903,motorcycle,223.5638461968202,6.651191854218615,27.62967747747693,0.1909934164299975,2.2,0.8,0.0,15.0,0.0,
9,57,5.7,904,car,170.27046507648538,-12.145826895417336,19.27565167402059,-0.6446355944589678,4.5,1.8,0.0,15.0,0.0,
9,58,5.800000000000001,900,car,252.39924038577095,-8.139643151076518,29.717541709694903,0.2467314685950729,4.5,1.8,0.0,15.0,0.0,
9,58,5.800000000000001,901,car,38.535055031755654,2.41829744144186,9.822075710275524,0.03245236735308417,4.5,1.8,0.0,15.0,0.0,
9,58,5.800000000000001,902,car,1.845589991029824,8.795342601909887,3.1115626979049003,-0.43581036560848807,4.5,1.8,0.0,15.0,0.0,
9,58,5.800000000000001,903,motorcycle,226.30161361702145,6.692489168743715,27.605296942186083,0.2921130573673515,2.2,0.8,0.0,15.0,0.0,
9,58,5.800000000000001,904,car,172.17282886955772,-12.153329314100763,19.24219986902843,-0.5979784429389104,4.5,1.8,0.0,15.0,0.0,
9,59,5.9,900,car,255.44434133547557,-8.073043980563794,29.666174941883977,0.20911131656689685,4.5,1.8,0.0,15.0,0.0,
9,59,5.9,901,car,39.68587990135782,2.3451953074061005,9.854120818786148,-0.014781199155980952,4.5,1.8,0.0,15.0,0.0,
9,59,5.9,902,car,2.2575845843804907,8.683121829599301,3.0634033035279002,-0.4714274894433331,4.5,1.8,0.0,15.0,0.0,
9,59,5.9,903,motorcycle,229.00676305157396,6.762167809972873,27.608766127492974,0.23735525337170996,2.2,0.8,0.0,15.0,0.0,
9,59,5.9,904,car,174.09425415508068,-12.327477299123764,19.274377737278478,-0.5566332979952902,4.5,1.8,0.0,15.0,0.0,
9,60,6.0,900,car,258.408564095809,-8.024967508607828,29.753781147417197,0.2012311669472909,4.5,1.8,0.0,15.0,0.0,
9,60,6.0,901,car,40.57686618823135,2.4016367110842816,9.79748813049788,-0.025309647319628086,4.5,1.8,0.0,15.0,0.0,
9,60,6.0,902,car,2.504025910124929,8.56579709733408,3.0508989237456747,-0.426432923132629,4.5,1.8,0.0,15.0,0.0,
9,60,6.0,903,motorcycle,231.87820654315567,6.878523921619111,27.625583831949395,0.22446942530232716,2.2,0.8,0.0,15.0,0.0,
9,60,6.0,904,car,175.78590942926854,-12.346374529595565,19.160411151040535,-0.6528016618189408,4.5,1.8,0.0,15.0,0.0,
9,61,6.1000000000000005,900,car,261.36777544497204,-7.978386667450049,29.731226902225735,0.2780077243769893,4.5,1.8,0.0,15.0,0.0,
9,61,6.1000000000000005,901,car,41.60282516703299,2.374164955672793,9.86680362775697,0.052946020058576466,4.5,1.8,0.0,15.0,0.0,
9,61,6.1000000000000005,902,car,2.860371671846963,8.445628039045067,3.023385402194588,-0.49876985878229585,4.5,1.8,0.0,15.0,0.0,
9,61,6.1000000000000005,903,motorcycle,234.63652323837056,6.795966720004891,27.60913009348957,0.23749944045508523,2.2,0.8,0.0,15.0,0.0,
9,61,6.1000000000000005,904,car,177.5035796801722,-12.538028822629583,19.135068748298767,-0.6554280302550994,4.5,1.8,0.0,15.0,0.0,
9,62,6.2,900,car,264.2915090552208,-7.977637688150988,29.69591754241946,0.20553773228655797,4.5,1.8,0.0,15.0,0.0,
9,62,6.2,901,car,42.53603045206951,2.35814270518562,9.851284122576658,0.058535815998399125,4.5,1.8,0.0,15.0,0.0,
9,62,6.2,902,car,3.2045996691139416,8.463923675856504,2.9917078604190186,-0.5775596989782851,4.5,1.8,0.0,15.0,0.0,
9,62,6.2,903,motorcycle,237.52459588429238,6.858261255611509,27.561396975930872,0.2513846932797063,2.2,0.8,0.0,15.0,0.0,
9,62,6.2,904,car,179.5238860283289,-12.430653973131154,19.147599262106652,-0.6024444983876064,4.5,1.8,0.0,15.0,0.0,
9,63,6.300000000000001,900,car,267.14014060223127,-7.960674190082,29.679166909956642,0.22266622487176846,4.5,1.8,0.0,15.0,0.0,
9,63,6.300000000000001,901,car,43.6822782578708,2.3889852262133857,9.804399585613314,-0.004636112995794937,4.5,1.8,0.0,15.0,0.0,
9,63,6.300000000000001,902,car,3.668348461431237,8.457547047197199,3.0141119277677713,-0.5947462684061936,4.5,1.8,0.0,15.0,0.0,
9,63,6.300000000000001,903,motorcycle,240.30752176035224,6.784703734326798,27.580756893716053,0.19264118645100492,2.2,0.8,0.0,15.0,0.0,
9,63,6.300000000000001,904,car,181.4027171100368,-12.555187737835855,18.984730879973323,-0.6197829297142767,4.5,1.8,0.0,15.0,0.0,
9,64,6.4,900,car,270.01817065078063,-7.959446555983901,29.679253049980733,0.3110628220208477,4.5,1.8,0.0,15.0,0.0,
9,64,6.4,901,car,44.693189116147884,2.4219328782121603,9.829180277374277,0.03895431261626136,4.5,1.8,0.0,15.0,0.0,
9,64,6.4,902,car,4.0151875995934665,8.42624372279899,3.0496742736959286,-0.7160779894477488,4.5,1.8,0.0,15.0,0.0,
9,64,6.4,903,motorcycle,243.27450260805173,6.962940837443238,27.591613681309017,0.12199086393056659,2.2,0.8,0.0,15.0,0.0,
9,64,6.4,904,car,183.42222524128343,-12.686553680713754,19.01142293080207,-0.6839282098035501,4.5,1.8,0.0,15.0,0.0,
9,65,6.5,900,car,273.208736645676,-8.072561949992679,29.68270235349656,0.20495346129527303,4.5,1.8,0.0,15.0,0.0,
9,65,6.5,901,car,45.67198489866568,2.3832997889599588,9.886039447069576,0.01768534103666809,4.5,1.8,0.0,15.0,0.0,
9,65,6.5,902,car,4.434017385247692,8.252223867095347,3.0355761935436916,-0.7291735943437742,4.5,1.8,0.0,15.0,0.0,
9,65,6.5,903,motorcycle,246.0832228017459,7.011977366477001,27.627724939055184,0.13533239409505354,2.2,0.8,0.0,15.0,0.0,
9,65,6.5,904,car,185.38949901702495,-12.844732894563423,19.03086286414613,-0.603517913431266,4.5,1.8,0.0,15.0,0.0,
9,66,6.6000000000000005,900,car,276.0090076042869,-8.003165808366258,29.716541342393466,0.2780127801688572,4.5,1.8,0.0,15.0,0.0,
9,66,6.6000000000000005,901,car,46.733193536701656,2.3950999172794964,9.907543106845079,-0.01906655069139893,4.5,1.8,0.0,15.0,0.0,
9,66,6.6000000000000005,902,car,4.698778197366287,8.04573622369077,3.1099276692609026,-0.7066657283962319,4.5,1.8,0.0,15.0,0.0,
9,66,6.6000000000000005,903,motorcycle,248.75438404961895,7.052646302152764,27.6856923245549,0.18497201036777275,2.2,0.8,0.0,15.0,0.0,
9,66,6.6000000000000005,904,car,187.19982144212292,-13.218468567494504,19.050632168390948,-0.6478613950231777,4.5,1.8,0.0,15.0,0.0,
9,67,6.7,900,car,279.04289448912436,-7.880337491515748,29.772222997951634,0.3652498044677838,4.5,1.8,0.0,15.0,0.0,
9,67,6.7,901,car,47.84758353919389,2.5681481450887587,9.976496124006845,0.05424432800970942,4.5,1.8,0.0,15.0,0.0,
9,67,6.7,902,car,5.0056841503626,7.84613700772791,3.234041181985023,-0.7035180816354308,4.5,1.8,0.0,15.0,0.0,
9,67,6.7,903,motorcycle,251.64582408847187,7.01611602008712,27.733888446682183,0.06272384411577446,2.2,0.8,0.0,15.0,0.0,
9,67,6.7,904,car,189.06384031986192,-13.29309581533605,19.073762606806206,-0.5942601611931223,4.5,1.8,0.0,15.0,0.0,
9,68,6.800000000000001,900,car,281.9107024967565,-7.77781569217695,29.83355634678347,0.4825453836054967,4.5,1.8,0.0,15.0,0.0,
9,68,6.800000000000001,901,car,48.91589594997833,2.5276219797416077,9.912907891151432,0.14570444290297094,4.5,1.8,0.0,15.0,0.0,
9,68,6.800000000000001,902,car,5.402822462120397,7.773587636406343,3.1530502672739322,-0.7500772791803335,4.5,1.8,0.0,15.0,0.0,
9,68,6.800000000000001,903,motorcycle,254.4823449620175,7.057771706911287,27.63657186873386,0.09435447194086588,2.2,0.8,0.0,15.0,0.0,
9,68,6.800000000000001,904,car,190.81437293572054,-13.217120924595136,19.084190402551453,-0.6174312336305873,4.5,1.8,0.0,15.0,0.0,
9,69,6.9,900,car,284.9930735653459,-7.694211224971822,29.899802727208723,0.48656916427497504,4.5,1.8,0.0,15.0,0.0,
9,69,6.9,901,car,49.92106867573404,2.5136673807721137,9.926056248289791,0.23060198689243364,4.5,1.8,0.0,15.0,0.0,
9,69,6.9,902,car,5.667851071841685,7.7633754234213725,3.1090280881235346,-0.853413885064256,4.5,1.8,0.0,15.0,0.0,
9,69,6.9,903,motorcycle,257.26674802292786,7.104247696452316,27.631069305261736,0.019555223402254074,2.2,0.8,0.0,15.0,0.0,
9,69,6.9,904,car,192.75322208343985,-13.25223268454425,19.039751370996825,-0.6851058122042383,4.5,1.8,0.0,15.0,0.0,
9,70,7.0,900,car,287.9578150452962,-7.580261383866548,29.920635463798323,0.44252731438327114,4.5,1.8,0.0,15.0,0.0,
9,70,7.0,901,car,50.92736680906523,2.625440220008914,9.867422962826451,0.23375975529459334,4.5,1.8,0.0,15.0,0.0,
9,70,7.0,902,car,6.112717978671126,7.5505408193855565,3.16680440267601,-0.7724545124481367,4.5,1.8,0.0,15.0,0.0,
9,70,7.0,903,motorcycle,260.007634400937,7.071902356890913,27.682724026212714,0.010248704650778118,2.2,0.8,0.0,15.0,0.0,
9,70,7.0,904,car,194.42188455047003,-13.330622725233633,19.063271569406552,-0.6481016195251149,4.5,1.8,0.0,15.0,0.0,
9,71,7.1000000000000005,900,car,290.86181567520083,-7.562988764375482,29.96948082700594,0.43952738331260427,4.5,1.8,0.0,15.0,0.0,
9,71,7.1000000000000005,901,car,51.76123530595178,2.7725799965004105,9.856717411707589,0.28832069415366235,4.5,1.8,0.0,15.0,0.0,
9,71,7.1000000000000005,902,car,6.289852749352073,7.461196693381835,3.1922912038598716,-0.776811755523186,4.5,1.8,0.0,15.0,0.0,
9,71,7.1000000000000005,903,motorcycle,262.65760618332615,6.834246896671639,27.758887282687883,0.022650614745844372,2.2,0.8,0.0,15.0,0.0,
9,71,7.1000000000000005,904,car,196.44489181268978,-13.302565977250099,19.093113910712532,-0.6641684872824684,4.5,1.8,0.0,15.0,0.0,
9,72,7.2,900,car,293.9077404504654,-7.375782331407149,29.973631373419625,0.5346124355325638,4.5,1.8,0.0,15.0,0.0,
9,72,7.2,901,car,52.59696485847586,2.640721204789532,9.906121172433558,0.24738354732761844,4.5,1.8,0.0,15.0,0.0,
9,72,7.2,902,car,6.813415561780938,7.517249654952811,3.2716697791977736,-0.7325899402456235,4.5,1.8,0.0,15.0,0.0,
9,72,7.2,903,motorcycle,265.34133654922795,6.670577798132705,27.833652016147333,-0.052327795554758486,2.2,0.8,0.0,15.0,0.0,
9,72,7.2,904,car,198.51269177253377,-13.30202134995541,19.089301278021527,-0.6420661030657028,4.5,1.8,0.0,15.0,0.0,
9,73,7.300000000000001,900,car,296.95163268135224,-7.3425621267126004,30.044915735165592,0.6041824785625405,4.5,1.8,0.0,15.0,0.0,
9,73,7.300000000000001,901,car,53.60314290590131,2.6054601208522636,9.971418874653772,0.14625552832067745,4.5,1.8,0.0,15.0,0.0,
9,73,7.300000000000001,902,car,7.184971800401848,7.517948171749141,3.230252187458873,-0.6839006658737412,4.5,1.8,0.0,15.0,0.0,
9,73,7.300000000000001,903,motorcycle,268.12206316471105,6.610775006382317,27.881813183130518,-0.10661201698964595,2.2,0.8,0.0,15.0,0.0,
9,73,7.300000000000001,904,car,200.50854123399233,-13.564462581643905,19.103586500358087,-0.6398739052550281,4.5,1.8,0.0,15.0,0.0,
9,74,7.4,900,car,299.90215467818217,-7.243181392067445,30.040937228697203,0.6569172599278178,4.5,1.8,0.0,15.0,0.0,
9,74,7.4,901,car,54.65629989224703,2.6653550969717665,9.986011934831781,0.12264720549332535,4.5,1.8,0.0,15.0,0.0,
9,74,7.4,902,car,7.477816664150166,7.474379689183856,3.221584213103516,-0.6283280243520915,4.5,1.8,0.0,15.0,0.0,
9,74,7.4,903,motorcycle,270.91958950197846,6.637710465465865,27.81167898643574,-0.05945050338662708,2.2,0.8,0.0,15.0,0.0,
9,74,7.4,904,car,202.36078252466072,-13.73271533039908,19.185895800813714,-0.6049928291333985,4.5,1.8,0.0,15.0,0.0,
9,75,7.5,900,car,303.00395797294107,-7.132040047783931,30.036279688902017,0.6429370595250047,4.5,1.8,0.0,15.0,0.0,
9,75,7.5,901,car,55.73281210427587,2.7908717217449284,9.98260274743549,0.22627434872836544,4.5,1.8,0.0,15.0,0.0,
9,75,7.5,902,car,7.780243230489437,7.272146042259649,3.135508076053817,-0.7127167927460578,4.5,1.8,0.0,15.0,0.0,
9,75,7.5,903,motorcycle,273.65937622136477,6.608563613015924,27.845808968319734,-0.06088090514931564,2.2,0.8,0.0,15.0,0.0,
9,75,7.5,904,car,204.3637092082055,-13.788725330050136,19.18657187212006,-0.6338685728338208,4.5,1.8,0.0,15.0,0.0,
9,76,7.6000000000000005,900,car,306.1498447878711,-7.220894771489231,30.051345203437712,0.633854536437543,4.5,1.8,0.0,15.0,0.0,
9,76,7.6000000000000005,901,car,56.80924783876987,2.8114162165021797,9.983034932716285,0.21294236761287988,4.5,1.8,0.0,15.0,0.0,
9,76,7.6000000000000005,902,car,8.233119678508018,7.201114951491072,3.233990636634491,-0.699104438664681,4.5,1.8,0.0,15.0,0.0,
9,76,7.6000000000000005,903,motorcycle,276.44613310227646,6.587942826515549,27.87402131330399,-0.09030057379467595,2.2,0.8,0.0,15.0,0.0,
9,76,7.6000000000000005,904,car,206.29694063532142,-13.851298485922737,19.202834257083317,-0.6163670565207331,4.5,1.8,0.0,15.0,0.0,
9,77,7.7,900,car,309.1951787962332,-7.148018843228148,30.129792378055182,0.6549829772466672,4.5,1.8,0.0,15.0,0.0,
9,77,7.7,901,car,58.068149960877435,2.837695594120055,10.030980597339044,0.17663990719414585,4.5,1.8,0.0,15.0,0.0,
9,77,7.7,902,car,8.696597667702598,7.060776113947157,3.2567845375322957,-0.7123257987428873,4.5,1.8,0.0,15.0,0.0,
9,77,7.7,903,motorcycle,279.27873601331856,6.555433145448933,27.83455866860793,-0.10388018828456518,2.2,0.8,0.0,15.0,0.0,
9,77,7.7,904,car,208.37138207344393,-13.866207564724295,19.13839175558936,-0.5615979214587301,4.5,1.8,0.0,15.0,0.0,
9,78,7.800000000000001,900,car,312.119006616006,-7.008184616697666,30.157450635434977,0.685798500559235,4.5,1.8,0.0,15.0,0.0,
9,78,7.800000000000001,901,car,59.25656693722815,2.772495492349268,10.061520336133386,0.23961933781576517,4.5,1.8,0.0,15.0,0.0,
9,78,7.800000000000001,902,car,8.957941951293341,6.914968176021369,3.242425160593674,-0.6960891469517839,4.5,1.8,0.0,15.0,0.0,
9,78,7.800000000000001,903,motorcycle,281.9211442527832,6.600185325706307,27.764139331520642,-0.039213646994192844,2.2,0.8,0.0,15.0,0.0,
9,78,7.800000000000001,904,car,210.33659793181187,-13.731053369656609,19.171830943619824,-0.5768359440147797,4.5,1.8,0.0,15.0,0.0,
9,79,7.9,900,car,315.0548839660277,-6.915715660833957,30.15593810601108,0.7451054523030988,4.5,1.8,0.0,15.0,0.0,
9,79,7.9,901,car,60.169857089206005,2.9985476261769426,10.125259183219136,0.22944315630290796,4.5,1.8,0.0,15.0,0.0,
9,79,7.9,902,car,9.46196655711647,6.7670464518204625,3.252704650089435,-0.7599126995302666,4.5,1.8,0.0,15.0,0.0,
9,79,7.9,903,motorcycle,284.8822151115654,6.43152527969879,27.692117246707536,-0.07094930234725302,2.2,0.8,0.0,15.0,0.0,
9,79,7.9,904,car,212.38601339364146,-13.693252475450198,19.177933475031278,-0.5258896334564149,4.5,1.8,0.0,15.0,0.0,
9,80,8.0,900,car,318.0589364041577,-6.7989622376768475,30.238524409793886,0.7327745086428881,4.5,1.8,0.0,15.0,0.0,
9,80,8.0,901,car,61.10574574545075,3.0685291132399324,10.162272898593713,0.2349655431601719,4.5,1.8,0.0,15.0,0.0,
9,80,8.0,902,car,9.887575153496018,6.670929268244085,3.2590819505686097,-0.7411839554020861,4.5,1.8,0.0,15.0,0.0,
9,80,8.0,903,motorcycle,287.6801629400399,6.5857575123929495,27.710595059207552,-0.08614440909332058,2.2,0.8,0.0,15.0,0.0,
9,80,8.0,904,car,214.3566049112937,-13.644956354768826,19.216645247107216,-0.489949254898266,4.5,1.8,0.0,15.0,0.0,
9,81,8.1,900,car,320.9329838307857,-6.974936048496591,30.302287636724916,0.7547173809531946,4.5,1.8,0.0,15.0,0.0,
9,81,8.1,901,car,62.11981529364859,3.161456970333965,10.258638395377009,0.30564210145249243,4.5,1.8,0.0,15.0,0.0,
9,81,8.1,902,car,10.309705405833075,6.5081383094206116,3.221242410420116,-0.8605041894704715,4.5,1.8,0.0,15.0,0.0,
9,81,8.1,903,motorcycle,290.51457379334914,6.688005791229735,27.770103961517126,-0.052372885529481786,2.2,0.8,0.0,15.0,0.0,
9,81,8.1,904,car,216.26286275018168,-13.750379026449668,19.17537700730268,-0.49812049735652597,4.5,1.8,0.0,15.0,0.0,
9,82,8.200000000000001,900,car,323.86542996906854,-6.723868903900414,30.237169059071636,0.7448647171087335,4.5,1.8,0.0,15.0,0.0,
9,82,8.200000000000001,901,car,62.952057291843204,3.221676666609021,10.258519209889153,0.2878025837705155,4.5,1.8,0.0,15.0,0.0,
9,82,8.200000000000001,902,car,10.53855132027208,6.422334074032326,3.194019365919404,-0.867347583938805,4.5,1.8,0.0,15.0,0.0,
9,82,8.200000000000001,903,motorcycle,293.4873271896926,6.699986224266044,27.796747321915827,-0.07559612431350654,2.2,0.8,0.0,15.0,0.0,
9,82,8.200000000000001,904,car,218.10195689994447,-13.802486847530187,19.30057330754529,-0.512491882101224,4.5,1.8,0.0,15.0,0.0,
9,83,8.3,900,car,326.9252906553122,-6.7322222836985945,30.099405457151548,0.7053731505121507,4.5,1.8,0.0,15.0,0.0,
9,83,8.3,901,car,64.21598016556749,3.309995954458549,10.340565419941825,0.2704164720239167,4.5,1.8,0.0,15.0,0.0,
9,83,8.3,902,car,10.622270146488356,6.2247284152922004,3.2138706039716123,-0.8554668908919825,4.5,1.8,0.0,15.0,0.0,
9,83,8.3,903,motorcycle,296.2659595422264,6.639401710591062,27.84373310625599,-0.10066345801355463,2.2,0.8,0.0,15.0,0.0,
9,83,8.3,904,car,220.06279591771525,-13.834203219237049,19.282148185377178,-0.5565566846532022,4.5,1.8,0.0,15.0,0.0,
9,84,8.4,900,car,329.89249819235505,-6.474322790377605,30.155027850314855,0.7563925870762496,4.5,1.8,0.0,15.0,0.0,
9,84,8.4,901,car,65.17139033688419,3.1932686743642518,10.395390130729757,0.31565483504641395,4.5,1.8,0.0,15.0,0.0,
9,84,8.4,902,car,10.957382104553773,6.102127737444657,3.1406733712598607,-0.8120968686730573,4.5,1.8,0.0,15.0,0.0,
9,84,8.4,903,motorcycle,299.16894636434864,6.5614261219405865,27.805603126219008,-0.03861036176311447,2.2,0.8,0.0,15.0,0.0,
9,84,8.4,904,car,221.92682428996363,-13.71195286691673,19.276695597483894,-0.5758847699965347,4.5,1.8,0.0,15.0,0.0,
9,85,8.5,900,car,332.91251177750786,-6.437346705106382,30.21133846963224,0.8006830940550189,4.5,1.8,0.0,15.0,0.0,
9,85,8.5,901,car,66.31973997923225,3.2432861319382993,10.372572405814338,0.3152016346750273,4.5,1.8,0.0,15.0,0.0,
9,85,8.5,902,car,11.22887976252273,6.167577701895647,3.190787057449791,-0.8166730220159178,4.5,1.8,0.0,15.0,0.0,
9,85,8.5,903,motorcycle,301.85685918129343,6.711649054584657,27.812437332996222,-0.04511873477295118,2.2,0.8,0.0,15.0,0.0,
9,85,8.5,904,car,224.0094591216839,-13.820536225254191,19.260749252417416,-0.5874227174153229,4.5,1.8,0.0,15.0,0.0,
9,86,8.6,900,car,335.80198870730686,-6.325704859158285,30.173221232398316,0.7721470074394627,4.5,1.8,0.0,15.0,0.0,
9,86,8.6,901,car,67.28655367187352,3.2160992750754076,10.330626682613548,0.32756234355602587,4.5,1.8,0.0,15.0,0.0,
9,86,8.6,902,car,11.532399159019137,6.090711213514867,3.3084764612729067,-0.8244510810708777,4.5,1.8,0.0,15.0,0.0,
9,86,8.6,903,motorcycle,304.6985976768167,6.77901214104096,27.80929450177801,-0.031428778195699274,2.2,0.8,0.0,15.0,0.0,
9,86,8.6,904,car,225.9376038659519,-13.859022657424577,19.231423412950008,-0.6121332828943141,4.5,1.8,0.0,15.0,0.0,
9,87,8.700000000000001,900,car,338.821003055875,-6.445680522799438,30.24802487188658,0.8801899083394192,4.5,1.8,0.0,15.0,0.0,
9,87,8.700000000000001,901,car,68.33665136612734,3.3154024271561107,10.384679566116073,0.2613288565771124,4.5,1.8,0.0,15.0,0.0,
9,87,8.700000000000001,902,car,11.95607459967487,5.965622125964357,3.423012672763749,-0.8338640595708124,4.5,1.8,0.0,15.0,0.0,
9,87,8.700000000000001,903,motorcycle,307.57034534931165,6.758027970185377,27.91912913959453,-0.05704628904764454,2.2,0.8,0.0,15.0,0.0,
9,87,8.700000000000001,904,car,227.97725508597964,-13.857568197468813,19.251638911033215,-0.6006829128420755,4.5,1.8,0.0,15.0,0.0,
9,88,8.8,900,car,341.77910429129395,-6.616267163008904,30.30174447730966,0.8557479528222051,4.5,1.8,0.0,15.0,0.0,
9,88,8.8,901,car,69.49207933710716,3.3767050896053883,10.44469240516708,0.3014234825825861,4.5,1.8,0.0,15.0,0.0,
9,88,8.8,902,car,12.051906348903325,5.943725281632076,3.405828898483025,-0.7756135002074036,4.5,1.8,0.0,15.0,0.0,
9,88,8.8,903,motorcycle,310.42137901278477,6.812620245077173,27.90551699980912,-0.1026765986530341,2.2,0.8,0.0,15.0,0.0,
9,88,8.8,904,car,229.8591302811859,-14.097625714906115,19.222121724305882,-0.6738908678190472,4.5,1.8,0.0,15.0,0.0,
9,89,8.9,900,car,344.6655046586491,-6.519044483004062,30.328446924284858,0.8541582788134443,4.5,1.8,0.0,15.0,0.0,
9,89,8.9,901,car,70.48666952789002,3.3121066216397543,10.428832755548845,0.26031233052119884,4.5,1.8,0.0,15.0,0.0,
9,89,8.9,902,car,12.386206164539496,5.714010754203445,3.440894777393311,-0.8039650563111882,4.5,1.8,0.0,15.0,0.0,
9,89,8.9,903,motorcycle,313.2495564027939,6.891074784774989,27.92191054390567,-0.06272025917312998,2.2,0.8,0.0,15.0,0.0,
9,89,8.9,904,car,231.5746785273311,-14.21430046805841,19.277275557645336,-0.6484293909032361,4.5,1.8,0.0,15.0,0.0,
9,90,9.0,900,car,347.8831956776328,-6.263190607126016,30.34342653100739,0.8415593478692039,4.5,1.8,0.0,15.0,0.0,
9,90,9.0,901,car,71.4337089321382,3.2905569981383493,10.408420410124377,0.23064987090211309,4.5,1.8,0.0,15.0,0.0,
9,90,9.0,902,car,12.638461867504724,5.6737719073245305,3.525726761300423,-0.7573022178996752,4.5,1.8,0.0,15.0,0.0,
9,90,9.0,903,motorcycle,316.0095054513575,6.986205643617747,27.939243087247615,-0.06475547671997212,2.2,0.8,0.0,15.0,0.0,
9,90,9.0,904,car,233.4920938105309,-14.29913742094756,19.3098288637822,-0.641445886789415,4.5,1.8,0.0,15.0,0.0,
9,91,9.1,900,car,350.8446960509758,-6.25671988324913,30.358721730071473,0.8629919086533677,4.5,1.8,0.0,15.0,0.0,
9,91,9.1,901,car,72.44323770871897,3.200421422953936,10.470968665978633,0.2825801013784681,4.5,1.8,0.0,15.0,0.0,
9,91,9.1,902,car,12.792296893537417,5.731999977865915,3.5152779714337723,-0.7478028638983181,4.5,1.8,0.0,15.0,0.0,
9,91,9.1,903,motorcycle,318.9172520660875,7.144983974608654,27.989386351499892,-0.052703951772444156,2.2,0.8,0.0,15.0,0.0,
9,91,9.1,904,car,235.2855126282788,-14.565905192024974,19.353736810733427,-0.5743443695021913,4.5,1.8,0.0,15.0,0.0,
9,92,9.200000000000001,900,car,353.79910373789915,-6.197398688857666,30.3308584356522,0.8337969049789176,4.5,1.8,0.0,15.0,0.0,
9,92,9.200000000000001,901,car,73.59783069370603,3.250516746367147,10.45950975040885,0.4154561024039868,4.5,1.8,0.0,15.0,0.0,
9,92,9.200000000000001,902,car,13.00038260078004,5.712010799625663,3.4628290571751625,-0.7556747074980301,4.5,1.8,0.0,15.0,0.0,
9,92,9.200000000000001,903,motorcycle,321.7310545396837,7.224173151394919,27.97632725674184,-0.07105135666228625,2.2,0.8,0.0,15.0,0.0,
9,92,9.200000000000001,904,car,237.1929777995708,-14.731334897605311,19.38535230083801,-0.5602776509630958,4.5,1.8,0.0,15.0,0.0,
9,93,9.3,900,car,356.8757064485959,-6.120973298613082,30.321214537657696,0.8925769218904601,4.5,1.8,0.0,15.0,0.0,
9,93,9.3,901,car,74.74596031576262,3.4335424152259844,10.478139467983643,0.48308930713675774,4.5,1.8,0.0,15.0,0.0,
9,93,9.3,902,car,13.305057242525514,5.616358150261727,3.5225840948592606,-0.7135036305850182,4.5,1.8,0.0,15.0,0.0,
9,93,9.3,903,motorcycle,324.49964222466645,7.11244219212672,27.966129046392215,-0.10529477872613799,2.2,0.8,0.0,15.0,0.0,
9,93,9.3,904,car,239.30396337790347,-14.711358598349646,19.347056171968674,-0.6125271989963464,4.5,1.8,0.0,15.0,0.0,
9,94,9.4,900,car,359.8299965749832,-6.087598130270669,30.312879517967836,0.9483042464345045,4.5,1.8,0.0,15.0,0.0,
9,94,9.4,901,car,75.69712257342569,3.7108050704243154,10.430974456142211,0.4126369205820278,4.5,1.8,0.0,15.0,0.0,
9,94,9.4,902,car,13.826146134543787,5.67713334718692,3.513466654971446,-0.6944370148287918,4.5,1.8,0.0,15.0,0.0,
9,94,9.4,903,motorcycle,327.3369120412159,7.115583957128462,27.90130506946869,-0.22939313785945062,2.2,0.8,0.0,15.0,0.0,
9,94,9.4,904,car,241.154196376868,-14.590995877112185,19.439826847105007,-0.6256190472209618,4.5,1.8,0.0,15.0,0.0,
9,95,9.5,900,car,362.76548810452766,-5.96495558365428,30.334828577741188,0.9783402223992074,4.5,1.8,0.0,15.0,0.0,
9,95,9.5,901,car,76.48751715075615,4.067844380865035,10.487598189544393,0.40274373539504443,4.5,1.8,0.0,15.0,0.0,
9,95,9.5,902,car,14.105645037024846,5.706420215112001,3.5382363857231733,-0.6898296404270663,4.5,1.8,0.0,15.0,0.0,
9,95,9.5,903,motorcycle,330.17287601152685,7.081372682920056,27.921398182754555,-0.19307499531177544,2.2,0.8,0.0,15.0,0.0,
9,95,9.5,904,car,243.1325107489867,-14.62446559200209,19.509469853765566,-0.7054744031918847,4.5,1.8,0.0,15.0,0.0,
9,96,9.600000000000001,900,car,365.71918273444595,-5.864465492816257,30.298335198594724,0.9585385954870104,4.5,1.8,0.0,15.0,0.0,
9,96,9.600000000000001,901,car,77.66505114799959,4.093221657008766,10.396137638158693,0.3815766489283305,4.5,1.8,0.0,15.0,0.0,
9,96,9.600000000000001,902,car,14.465279993010551,5.641406204314928,3.566038257790494,-0.6661102116892926,4.5,1.8,0.0,15.0,0.0,
9,96,9.600000000000001,903,motorcycle,332.9511332199497,6.942761207564335,27.899341220172676,-0.22421382314286536,2.2,0.8,0.0,15.0,0.0,
9,96,9.600000000000001,904,car,245.05494735409465,-14.625896178795491,19.529674991243752,-0.6642741175048004,4.5,1.8,0.0,15.0,0.0,
9,97,9.700000000000001,900,car,368.71060793394514,-5.617775556439083,30.33197712422456,0.9641503295791083,4.5,1.8,0.0,15.0,0.0,
9,97,9.700000000000001,901,car,78.76499957025325,4.0638032804384965,10.290699927360672,0.3512418304748416,4.5,1.8,0.0,15.0,0.0,
9,97,9.700000000000001,902,car,14.896629514513817,5.582816787114894,3.5591965341566003,-0.708502215228179,4.5,1.8,0.0,15.0,0.0,
9,97,9.700000000000001,903,motorcycle,335.5454847593753,7.062824387331527,27.888946483082098,-0.24569072223772492,2.2,0.8,0.0,15.0,0.0,
9,97,9.700000000000001,904,car,246.94075022650983,-14.566871342783308,19.57374253186272,-0.7126360907153481,4.5,1.8,0.0,15.0,0.0,
9,98,9.8,900,car,371.86025994287195,-5.5358675653733,30.3014500148252,0.9494697102392308,4.5,1.8,0.0,15.0,0.0,
9,98,9.8,901,car,79.71573983793783,3.9668397532111017,10.329506475636101,0.3402065875232682,4.5,1.8,0.0,15.0,0.0,
9,98,9.8,902,car,15.314270121294003,5.540687898705031,3.586623589724262,-0.8108015554985334,4.5,1.8,0.0,15.0,0.0,
9,98,9.8,903,motorcycle,338.24770338274783,7.095191790647939,27.825204948375298,-0.22703746804711336,2.2,0.8,0.0,15.0,0.0,
9,98,9.8,904,car,248.75905402169423,-14.636490553505373,19.654242051559525,-0.6739060849487668,4.5,1.8,0.0,15.0,0.0,
9,99,9.9,900,car,374.7053308496104,-5.356083453917758,30.39256192616168,1.0893205107473176,4.5,1.8,0.0,15.0,0.0,
9,99,9.9,901,car,80.79619805924831,3.8644184195748927,10.351240374537323,0.4200082674403415,4.5,1.8,0.0,15.0,0.0,
9,99,9.9,902,car,15.654223662291399,5.563918635443434,3.5446434397803777,-0.7921838928421908,4.5,1.8,0.0,15.0,0.0,
9,99,9.9,903,motorcycle,340.78126592606833,6.977454505659556,27.824898916011204,-0.24520530457593515,2.2,0.8,0.0,15.0,0.0,
9,99,9.9,904,car,250.5944164774226,-14.753846781808747,19.670724803982925,-0.6782174643042778,4.5,1.8,0.0,15.0,0.0,
10,0,0.0,1000,car,15.0,3.5,2.11129639736074,0.0,4.5,1.8,0.0,15.0,0.0,
10,0,0.0,1001,bicycle,77.99755088171467,-10.313900816314723,11.588556245544952,0.24800232706405298,1.8,0.6,0.0,15.0,0.0,
10,0,0.0,1002,car,14.839128478372189,-6.414562518004255,17.397901174198477,0.1627523608277238,4.5,1.8,0.0,15.0,0.0,
10,1,0.1,1000,car,15.191684914602138,3.470237996317123,2.1453515099857525,-0.032518258868593185,4.5,1.8,0.0,15.0,0.0,
10,1,0.1,1001,bicycle,79.32890980047262,-10.388487746681962,11.599279999159803,-0.011454040602297433,1.8,0.6,0.0,15.0,0.0,
10,1,0.1,1002,car,16.533839264353382,-6.197327832757893,17.375948457127855,-0.015236059049621326,4.5,1.8,0.0,15.0,0.0,
10,2,0.2,1000,car,15.339806705755125,3.474342057886015,2.140286191618618,-0.05596265653521523,4.5,1.8,0.0,15.0,0.0,
10,2,0.2,1001,bicycle,80.44640081395383,-10.327519092403566,11.6506293416309,0.0012000306482740117,1.8,0.6,0.0,15.0,0.0,
10,2,0.2,1002,car,18.277333589131487,-6.233427339934421,17.35082637202996,-0.045978651494115126,4.5,1.8,0.0,15.0,0.0,
10,3,0.30000000000000004,1000,car,15.398170379493092,3.4040973904753615,2.1854888349856436,-0.021220847134858858,4.5,1.8,0.0,15.0,0.0,
10,3,0.30000000000000004,1001,bicycle,81.57686187974751,-10.364067612375031,11.712864724922536,-0.04641912852656688,1.8,0.6,0.0,15.0,0.0,
10,3,0.30000000000000004,1002,car,20.040121560173482,-6.240273953291437,17.3542227132847,0.01221752035582252,4.5,1.8,0.0,15.0,0.0,
10,4,0.4,1000,car,15.622435757018463,3.4833995791404533,2.184025968587497,0.08721881967128488,4.5,1.8,0.0,15.0,0.0,
10,4,0.4,1001,bicycle,82.75259634613646,-10.534414300635058,11.744780242829723,0.019604840262989094,1.8,0.6,0.0,15.0,0.0,
10,4,0.4,1002,car,21.778798334678147,-6.266231084853551,17.24849175996171,-0.09734220311328377,4.5,1.8,0.0,15.0,0.0,
10,5,0.5,1000,car,16.005590275926963,3.4248493188305145,2.2323069899651076,-0.08015166366202309,4.5,1.8,0.0,15.0,0.0,
10,5,0.5,1001,bicycle,83.82238854088261,-10.466550205946886,11.739655191044791,0.02688335859946895,1.8,0.6,0.0,15.0,0.0,
10,5,0.5,1002,car,23.502284254081335,-6.2869982812542125,17.214489568552963,-0.05970013279650004,4.5,1.8,0.0,15.0,0.0,
10,6,0.6000000000000001,1000,car,16.36909110389672,3.5815802294435026,2.180371842227898,-0.05520395510034742,4.5,1.8,0.0,15.0,0.0,
10,6,0.6000000000000001,1001,bicycle,84.96157674574489,-10.43250670446057,11.730564280646957,0.024976003262386068,1.8,0.6,0.0,15.0,0.0,
10,6,0.6000000000000001,1002,car,25.218808316175497,-6.298461395399136,17.335143505391457,-0.026260162579765347,4.5,1.8,0.0,15.0,0.0,
10,7,0.7000000000000001,1000,car,16.751122977401966,3.726266536211589,2.2055765175571307,-0.09630659182247628,4.5,1.8,0.0,15.0,0.0,
10,7,0.7000000000000001,1001,bicycle,86.13773892284588,-10.483976180200125,11.731568815218981,-0.053148339619394115,1.8,0.6,0.0,15.0,0.0,
10,7,0.7000000000000001,1002,car,27.027948461619648,-6.1999628926880295,17.393644720494805,-0.019108935819226704,4.5,1.8,0.0,15.0,0.0,
10,8,0.8,1000,car,16.865738118953,3.761434677858668,2.2933802336645677,0.0034694817306766892,4.5,1.8,0.0,15.0,0.0,
10,8,0.8,1001,bicycle,87.356125512979,-10.507468524788324,11.706395304924193,0.03291379693022494,1.8,0.6,0.0,15.0,0.0,
10,8,0.8,1002,car,28.756706256935242,-6.159610601535096,17.419020063358655,0.01737584195694541,4.5,1.8,0.0,15.0,0.0,
10,9,0.9,1000,car,17.15086167425823,3.6761341045826588,2.247678765847226,-0.002131080330362819,4.5,1.8,0.0,15.0,0.0,
10,9,0.9,1001,bicycle,88.52490891144531,-10.559700807460286,11.718445319744927,0.04541087154170199,1.8,0.6,0.0,15.0,0.0,
10,9,0.9,1002,car,30.617359450686457,-6.018384414270381,17.353279980205794,-0.05814992868542127,4.5,1.8,0.0,15.0,0.0,
10,10,1.0,1000,car,17.346665011498786,3.6841627586833963,2.2357578656543766,-0.027631966509127477,4.5,1.8,0.0,15.0,0.0,
10,10,1.0,1001,bicycle,89.66631161940006,-10.511369425217037,11.651964197405325,0.11716785862935514,1.8,0.6,0.0,15.0,0.0,
10,10,1.0,1002,car,32.354786803045464,-5.913299674847508,17.32427973545757,0.028717479626238426,4.5,1.8,0.0,15.0,0.0,
10,11,1.1,1000,car,17.58024990534708,3.7698435980722254,2.225825519763189,0.07757817835448391,4.5,1.8,0.0,15.0,0.0,
10,11,1.1,1001,bicycle,90.6823024543919,-10.416432042197235,11.657900185181978,-0.05091633491864718,1.8,0.6,0.0,15.0,0.0,
10,11,1.1,1002,car,34.28242136359593,-5.72842990219075,17.220586198216395,0.008839219367291234,4.5,1.8,0.0,15.0,0.0,
10,12,1.2000000000000002,1000,car,17.873398712796476,3.8140140789040067,2.3016020001771107,0.06538163537573073,4.5,1.8,0.0,15.0,0.0,
10,12,1.2000000000000002,1001,bicycle,91.87461120854181,-10.188721680956071,11.704742511317356,-0.017570724758896122,1.8,0.6,0.0,15.0,0.0,
10,12,1.2000000000000002,1002,car,35.94924522393473,-5.604095751893389,17.180938486889872,-0.020486913972923862,4.5,1.8,0.0,15.0,0.0,
10,13,1.3,1000,car,18.079601723668702,3.8495794182316216,2.2919290820290317,-0.06584854482400693,4.5,1.8,0.0,15.0,0.0,
10,13,1.3,1001,bicycle,93.16129343347262,-10.229161545834582,11.80573927475733,0.01519950036299197,1.8,0.6,0.0,15.0,0.0,
10,13,1.3,1002,car,37.79405982106393,-5.54100960047531,17.246691300462704,0.028516949813221604,4.5,1.8,0.0,15.0,0.0,
10,14,1.4000000000000001,1000,car,18.33231151527079,3.9589028274172735,2.416227687758634,-0.013489846930243765,4.5,1.8,0.0,15.0,0.0,
10,14,1.4000000000000001,1001,bicycle,94.42136005972085,-10.229686038085598,11.831042225781982,0.0021079278788266945,1.8,0.6,0.0,15.0,0.0,
10,14,1.4000000000000001,1002,car,39.302954662539165,-5.5610282722491275,17.29666905410313,-0.03826033116342853,4.5,1.8,0.0,15.0,0.0,
10,15,1.5,1000,car,18.666028928353803,3.977263743856308,2.4066531612159237,0.04529076926416839,4.5,1.8,0.0,15.0,0.0,
10,15,1.5,1001,bicycle,95.67256743665547,-10.187631330965795,11.881837235921003,0.010154915979429035,1.8,0.6,0.0,15.0,0.0,
10,15,1.5,1002,car,40.86815496465057,-5.5988403595623595,17.206448932964136,0.032868241310431694,4.5,1.8,0.0,15.0,0.0,
10,16,1.6,1000,car,18.996314228404692,4.071433968069612,2.431107896177414,0.04839625646946494,4.5,1.8,0.0,15.0,0.0,
10,16,1.6,1001,bicycle,96.70309082642083,-10.198388023145224,11.811091436480591,-0.017916480640294455,1.8,0.6,0.0,15.0,0.0,
10,16,1.6,1002,car,42.75042503154027,-5.48951664132689,17.239563203287858,-0.009081011430032157,4.5,1.8,0.0,15.0,0.0,
10,17,1.7000000000000002,1000,car,19.140065539577876,4.090136736448055,2.4866416877685293,0.02049357446296171,4.5,1.8,0.0,15.0,0.0,
10,17,1.7000000000000002,1001,bicycle,97.72563089115043,-10.18792693343364,11.715425026877273,0.040209191655300375,1.8,0.6,0.0,15.0,0.0,
10,17,1.7000000000000002,1002,car,44.405080577062385,-5.611828781312184,17.28045973642447,0.02796889185919932,4.5,1.8,0.0,15.0,0.0,
10,18,1.8,1000,car,19.41196960459615,4.30930753116316,2.518391679581327,-0.03224784649636835,4.5,1.8,0.0,15.0,0.0,
10,18,1.8,1001,bicycle,98.94909378058665,-10.216534667773285,11.778762967972124,0.014048860341521408,1.8,0.6,0.0,15.0,0.0,
10,18,1.8,1002,car,46.17111887938488,-5.756065622331714,17.283527317399617,-0.0028132927132629606,4.5,1.8,0.0,15.0,0.0,
10,19,1.9000000000000001,1000,car,19.561387427033225,4.287157382524276,2.540179301760531,-0.00021747996720066,4.5,1.8,0.0,15.0,0.0,
10,19,1.9000000000000001,1001,bicycle,99.98576010822545,-10.24385635109298,11.75536172852013,0.009675676151559141,1.8,0.6,0.0,15.0,0.0,
10,19,1.9000000000000001,1002,car,47.90802486731428,-5.797226928542899,17.260994145228448,0.0033611293992249895,4.5,1.8,0.0,15.0,0.0,
10,20,2.0,1000,car,19.911703032707937,4.315021434795095,2.6113327680250666,0.05665954894209453,4.5,1.8,0.0,15.0,0.0,
10,20,2.0,1001,bicycle,101.31096453069839,-10.106993585912674,11.833509204357167,-0.057657140523561703,1.8,0.6,0.0,15.0,0.0,
10,20,2.0,1002,car,49.69886690962817,-5.675394873256509,17.33094551132128,-0.03853594065069763,4.5,1.8,0.0,15.0,0.0,
10,21,2.1,1000,car,20.23857436200359,4.322541741290137,2.7036857796754474,-0.06936458121972254,4.5,1.8,0.0,15.0,0.0,
10,21,2.1,1001,bicycle,102.41738649299181,-10.288056968408908,11.840740018708821,0.11319201346348258,1.8,0.6,0.0,15.0,0.0,
10,21,2.1,1002,car,51.427527298906966,-5.665291541004083,17.358457449852438,-0.005814524250364542,4.5,1.8,0.0,15.0,0.0,
10,22,2.2,1000,car,20.54554554188554,4.361762908222919,2.661407947070771,-0.004702335577483417,4.5,1.8,0.0,15.0,0.0,
10,22,2.2,1001,bicycle,103.67565378751172,-10.195199356752598,11.905665101518535,0.0167718033391397,1.8,0.6,0.0,15.0,0.0,
10,22,2.2,1002,car,53.198951615016654,-5.590273054482621,17.32871893917387,-0.03178895259945811,4.5,1.8,0.0,15.0,0.0,
10,23,2.3000000000000003,1000,car,20.79920655082718,4.234261138267509,2.6817529856557667,0.052454101808413194,4.5,1.8,0.0,15.0,0.0,
10,23,2.3000000000000003,1001,bicycle,104.79521593317973,-10.151684437764072,11.874208548971435,-0.05082877509974631,1.8,0.6,0.0,15.0,0.0,
10,23,2.3000000000000003,1002,car,55.13737961331,-5.690496368084345,17.26475297326948,0.01073576985276564,4.5,1.8,0.0,15.0,0.0,
10,24,2.4000000000000004,1000,car,21.094233997238835,4.300984352386503,2.781814388331262,-0.03885649075973152,4.5,1.8,0.0,15.0,0.0,
10,24,2.4000000000000004,1001,bicycle,105.92479310427949,-9.990803888033385,11.921164737246723,0.04000406688808661,1.8,0.6,0.0,15.0,0.0,
10,24,2.4000000000000004,1002,car,56.80486804108622,-5.57790754604312,17.304912114278533,0.009476863405968282,4.5,1.8,0.0,15.0,0.0,
10,25,2.5,1000,car,21.31392265504861,4.311653907825347,2.8642387327554255,-0.054698387630184024,4.5,1.8,0.0,15.0,0.0,
10,25,2.5,1001,bicycle,107.03692967119781,-10.053584131540452,11.900623679446236,-0.000786834326051351,1.8,0.6,0.0,15.0,0.0,
10,25,2.5,1002,car,58.63121635533427,-5.531766134601374,17.307954166803704,0.01384967375401727,4.5,1.8,0.0,15.0,0.0,
10,26,2.6,1000,car,21.662745624360472,4.143483313202387,2.9178179423431554,-0.04132064714432012,4.5,1.8,0.0,15.0,0.0,
10,26,2.6,1001,bicycle,108.18264100202468,-10.019540599370094,11.89685338804604,0.024346522054666975,1.8,0.6,0.0,15.0,0.0,
10,26,2.6,1002,car,60.37619456386028,-5.560699363307536,17.38439207527252,0.03540327660050675,4.5,1.8,0.0,15.0,0.0,
10,27,2.7,1000,car,21.984739151108347,4.212735297288324,2.882551467707781,0.10873858709083423,4.5,1.8,0.0,15.0,0.0,
10,27,2.7,1001,bicycle,109.26356262072098,-10.008223733540754,11.882532074115153,-0.016220718771352418,1.8,0.6,0.0,15.0,0.0,
10,27,2.7,1002,car,62.06920809575605,-5.6378703634073855,17.443809185512926,-0.06023513972914421,4.5,1.8,0.0,15.0,0.0,
10,28,2.8000000000000003,1000,car,22.371350687747505,4.277589070760422,2.8635069111238134,0.026630364189692654,4.5,1.8,0.0,15.0,0.0,
10,28,2.8000000000000003,1001,bicycle,110.43602592636284,-10.11832436739169,11.828010391381607,0.03277207582348454,1.8,0.6,0.0,15.0,0.0,
10,28,2.8000000000000003,1002,car,63.87394604667585,-5.613669221975464,17.4242333585459,-0.009521576681551071,4.5,1.8,0.0,15.0,0.0,
10,29,2.9000000000000004,1000,car,22.625146063143486,4.102894657242736,2.8665695736366272,0.026122743060475052,4.5,1.8,0.0,15.0,0.0,
10,29,2.9000000000000004,1001,bicycle,111.62558784537882,-9.94140945018977,11.777782284140107,-0.03305518584468602,1.8,0.6,0.0,15.0,0.0,
10,29,2.9000000000000004,1002,car,65.6296712820988,-5.589292540956221,17.32917292729459,0.030134899993780134,4.5,1.8,0.0,15.0,0.0,
10,30,3.0,1000,car,22.93663470446271,3.890955362859427,2.8607341101923813,-0.040427076096933384,4.5,1.8,0.0,15.0,0.0,
10,30,3.0,1001,bicycle,112.75803374736145,-10.075219528657556,11.798591718073785,0.0880888190285113,1.8,0.6,0.0,15.0,0.0,
10,30,3.0,1002,car,67.38909093224528,-5.805230951132585,17.34345272916123,-0.00973193960995176,4.5,1.8,0.0,15.0,0.0,
10,31,3.1,1000,car,23.112606862006537,3.9263177459985297,2.9047223465987493,-0.03342467409465688,4.5,1.8,0.0,15.0,0.0,
10,31,3.1,1001,bicycle,113.77351963808765,-10.276386752611842,11.76530746339452,-0.00777517346299048,1.8,0.6,0.0,15.0,0.0,
10,31,3.1,1002,car,69.07183564879765,-5.873559160398823,17.371847705517634,0.023141302307296215,4.5,1.8,0.0,15.0,0.0,
10,32,3.2,1000,car,23.42303843694243,3.9816465453844363,2.8719069789589833,-0.31792775223796754,4.5,1.8,0.0,15.0,0.0,
10,32,3.2,1001,bicycle,114.89781701700436,-10.361837008828523,11.662742990592168,-0.2904782224623877,1.8,0.6,0.0,15.0,0.0,
10,32,3.2,1002,car,70.91950547486763,-5.81979379638554,17.398106898365437,-0.2566188883231902,4.5,1.8,0.0,15.0,0.0,
10,33,3.3000000000000003,1000,car,23.85511898745253,3.8234048795930207,2.82366562286084,-0.4660339993617688,4.5,1.8,0.0,15.0,0.0,
10,33,3.3000000000000003,1001,bicycle,116.06685180574743,-10.48117971583756,11.69033922192999,-0.5441721111305947,1.8,0.6,0.0,15.0,0.0,
10,33,3.3000000000000003,1002,car,72.57556361515691,-5.958553853976869,17.414184366416738,-0.5119579882146623,4.5,1.8,0.0,15.0,0.0,
10,34,3.4000000000000004,1000,car,24.28916022640421,3.717089798869088,2.8083081504209444,-0.7010798841114784,4.5,1.8,0.0,15.0,0.0,
10,34,3.4000000000000004,1001,bicycle,117.33445040726819,-10.54399604152507,11.612288585800925,-0.8136542997519858,1.8,0.6,0.0,15.0,0.0,
10,34,3.4000000000000004,1002,car,74.21157257205982,-6.032214832350714,17.38876731068966,-0.6929163159957091,4.5,1.8,0.0,15.0,0.0,
10,35,3.5,1000,car,24.412847320068902,3.499787555616456,2.820539589664937,-0.9856109131253945,4.5,1.8,0.0,15.0,0.0,
10,35,3.5,1001,bicycle,118.23696564275869,-10.818705329002954,11.599108401143894,-0.9438805340393547,1.8,0.6,0.0,15.0,0.0,
10,35,3.5,1002,car,76.13922539165048,-6.174832852928377,17.380234961818637,-1.053526003477835,4.5,1.8,0.0,15.0,0.0,
10,36,3.6,1000,car,24.758221919024006,3.5292056110844294,2.8833406265339394,-1.2357990604469642,4.5,1.8,0.0,15.0,0.0,
10,36,3.6,1001,bicycle,119.31302331235956,-10.94132053155339,11.668147736365572,-1.2543748847315244,1.8,0.6,0.0,15.0,0.0,
10,36,3.6,1002,car,77.69570598489757,-6.334268681241543,17.36628367414422,-1.3254139378776684,4.5,1.8,0.0,15.0,0.0,
10,37,3.7,1000,car,25.069759714877232,3.4360511851649447,2.976335257274855,-1.504167770292402,4.5,1.8,0.0,15.0,0.0,
10,37,3.7,1001,bicycle,120.552890229125,-10.988391808680827,11.694128782912339,-1.4878890040924524,1.8,0.6,0.0,15.0,0.0,
10,37,3.7,1002,car,79.32584168423774,-6.468303898258187,17.370792557136536,-1.4655206136816816,4.5,1.8,0.0,15.0,0.0,
10,38,3.8000000000000003,1000,car,25.49655694195804,3.234168245932823,2.881650220068903,-1.6292806355543994,4.5,1.8,0.0,15.0,0.0,
10,38,3.8000000000000003,1001,bicycle,121.7703304422408,-11.116003474457639,11.710839912269336,-1.5433783591113237,1.8,0.6,0.0,15.0,0.0,
10,38,3.8000000000000003,1002,car,80.95144188278118,-6.6724825140761705,17.448045259037055,-1.7164453041773717,4.5,1.8,0.0,15.0,0.0,
10,39,3.9000000000000004,1000,car,25.779352519244654,3.179751493101103,2.942351032615606,-1.740082824911914,4.5,1.8,0.0,15.0,0.0,
10,39,3.9000000000000004,1001,bicycle,123.00995836364392,-11.397414651118575,11.779498766465794,-1.8330917291185214,1.8,0.6,0.0,15.0,0.0,
10,39,3.9000000000000004,1002,car,82.58220510674755,-6.811003965315219,17.423394534251194,-1.7627538086022438,4.5,1.8,0.0,15.0,0.0,
10,40,4.0,1000,car,26.116664330434237,3.167548786020794,2.964037261893927,-1.9310635253865642,4.5,1.8,0.0,15.0,0.0,
10,40,4.0,1001,bicycle,124.25555703610911,-11.670603752144652,11.825156542684596,-1.8969054142001787,1.8,0.6,0.0,15.0,0.0,
10,40,4.0,1002,car,84.36459894178836,-7.179083044044551,17.31085725449212,-1.9752080217993129,4.5,1.8,0.0,15.0,0.0,
10,41,4.1000000000000005,1000,car,26.587645142193477,2.8530114353141025,3.0006527519933734,-2.0293140741653577,4.5,1.8,0.0,15.0,0.0,
10,41,4.1000000000000005,1001,bicycle,125.41406968045564,-11.87479764607356,11.90734546407517,-1.967993407680251,1.8,0.6,0.0,15.0,0.0,
10,41,4.1000000000000005,1002,car,86.13418798126962,-7.249135069255415,17.27919741130404,-1.9438015353722506,4.5,1.8,0.0,15.0,0.0,
10,42,4.2,1000,car,26.977840676908688,2.735721048985431,2.992901916847798,-2.0846689713191178,4.5,1.8,0.0,15.0,0.0,
10,42,4.2,1001,bicycle,126.51782186234621,-12.161796205223238,11.861494806522247,-2.0444608384389427,1.8,0.6,0.0,15.0,0.0,
10,42,4.2,1002,car,87.83927409107302,-7.412275372140438,17.30359151228668,-2.115791029244663,4.5,1.8,0.0,15.0,0.0,
10,43,4.3,1000,car,27.168154015382544,2.503269397698163,2.954145880667109,-2.139876736675684,4.5,1.8,0.0,15.0,0.0,
10,43,4.3,1001,bicycle,127.87354004390592,-12.524717295380917,11.962648027886146,-2.0814123105314155,1.8,0.6,0.0,15.0,0.0,
10,43,4.3,1002,car,89.66825707060349,-7.535027703377351,17.33443947114998,-2.0127645397422107,4.5,1.8,0.0,15.0,0.0,
10,44,4.4,1000,car,27.355326934601575,2.278045946950385,2.9115035350420717,-2.180660106250989,4.5,1.8,0.0,15.0,0.0,
10,44,4.4,1001,bicycle,129.0036807348387,-12.547048130528472,11.95397469301526,-1.996680344032692,1.8,0.6,0.0,15.0,0.0,
10,44,4.4,1002,car,91.6102837340628,-7.44510027997768,17.429714122104897,-1.9779495364326796,4.5,1.8,0.0,15.0,0.0,
10,45,4.5,1000,car,27.678994042211354,2.0945984476660273,2.926245503102839,-2.062800116299728,4.5,1.8,0.0,15.0,0.0,
10,45,4.5,1001,bicycle,130.214044517657,-12.678110196666154,11.930683800250433,-2.1316844384206814,1.8,0.6,0.0,15.0,0.0,
10,45,4.5,1002,car,93.38961702603055,-7.720661086063187,17.40025044723133,-2.0699408880459544,4.5,1.8,0.0,15.0,0.0,
10,46,4.6000000000000005,1000,car,27.934404270568248,2.0058808284957146,2.917908426126672,-1.9391962023259866,4.5,1.8,0.0,15.0,0.0,"[{""type"": ""near_miss"", ""scenario_type"": ""cut_in"", ""time"": 5.0}]"
10,46,4.6000000000000005,1001,bicycle,131.42771452257625,-12.886684965281702,11.938594824564772,-2.061800177420859,1.8,0.6,0.0,15.0,0.0,"[{""type"": ""near_miss"", ""scenario_type"": ""cut_in"", ""time"": 5.0}]"
10,46,4.6000000000000005,1002,car,95.16344978970075,-7.835464024853673,17.44979296857364,-2.064827388488716,4.5,1.8,0.0,15.0,0.0,"[{""type"": ""near_miss"", ""scenario_type"": ""cut_in"", ""time"": 5.0}]"
10,47,4.7,1000,car,28.074297092956616,1.762185294969767,2.987141544026316,-1.8890880404996284,4.5,1.8,0.0,15.0,0.0,"[{""type"": ""near_miss"", ""scenario_type"": ""cut_in"", ""time"": 5.0}]"
10,47,4.7,1001,bicycle,132.5441044810579,-13.221992592992605,11.904395359342091,-1.9377143666042946,1.8,0.6,0.0,15.0,0.0,"[{""type"": ""near_miss"", ""scenario_type"": ""cut_in"", ""time"": 5.0}]"
10,47,4.7,1002,car,97.00199085842264,-7.924223280932833,17.397297874964092,-1.8624785070995606,4.5,1.8,0.0,15.0,0.0,"[{""type"": ""near_miss"", ""scenario_type"": ""cut_in"", ""time"": 5.0}]"
10,48,4.800000000000001,1000,car,28.43808693722679,1.4669083491380506,2.982950609084921,-1.7560476441463606,4.5,1.8,0.0,15.0,0.0,"[{""type"": ""near_miss"", ""scenario_type"": ""cut_in"", ""time"": 5.0}]"
10,48,4.800000000000001,1001,bicycle,133.75086755886386,-13.570355565028883,11.910954482067922,-1.7412753989826477,1.8,0.6,0.0,15.0,0.0,"[{""type"": ""near_miss"", ""scenario_type"": ""cut_in"", ""time"": 5.0}]"
10,48,4.800000000000001,1002,car,98.89968006280581,-8.168411265302971,17.37002521713765,-1.7835319818478619,4.5,1.8,0.0,15.0,0.0,"[{""type"": ""near_miss"", ""scenario_type"": ""cut_in"", ""time"": 5.0}]"
10,49,4.9,1000,car,28.76550359026697,1.3148023449174204,3.0131660084832754,-1.6743371369399134,4.5,1.8,0.0,15.0,0.0,"[{""type"": ""near_miss"", ""scenario_type"": ""cut_in"", ""time"": 5.0}]"
10,49,4.9,1001,bicycle,134.98164837600032,-13.806384884034363,11.903787786965143,-1.5326771284663459,1.8,0.6,0.0,15.0,0.0,"[{""type"": ""near_miss"", ""scenario_type"": ""cut_in"", ""time"": 5.0}]"
10,49,4.9,1002,car,100.49685830364298,-8.358165793129825,17.30629292852212,-1.6104244111015675,4.5,1.8,0.0,15.0,0.0,"[{""type"": ""near_miss"", ""scenario_type"": ""cut_in"", ""time"": 5.0}]"
10,50,5.0,1000,car,29.1716434826543,1.1880129645568227,3.0073302158164923,-1.3711288059976434,4.5,1.8,0.0,15.0,0.0,"[{""type"": ""near_miss"", ""scenario_type"": ""cut_in"", ""time"": 5.0}]"
10,50,5.0,1001,bicycle,136.20507739817407,-13.868183170648207,11.9395506563074,-1.5813609426580841,1.8,0.6,0.0,15.0,0.0,"[{""type"": ""near_miss"", ""scenario_type"": ""cut_in"", ""time"": 5.0}]"
10,50,5.0,1002,car,102.2198207159331,-8.609728132262983,17.264827083814275,-1.3638196170839814,4.5,1.8,0.0,15.0,0.0,"[{""type"": ""near_miss"", ""scenario_type"": ""cut_in"", ""time"": 5.0}]"
10,51,5.1000000000000005,1000,car,29.43489594970369,1.253834881156004,2.9369457948029494,-1.288532568828062,4.5,1.8,0.0,15.0,0.0,"[{""type"": ""near_miss"", ""scenario_type"": ""cut_in"", ""time"": 5.0}]"
10,51,5.1000000000000005,1001,bicycle,137.4752675299,-14.025755225605476,11.954917023137453,-1.239964371132681,1.8,0.6,0.0,15.0,0.0,"[{""type"": ""near_miss"", ""scenario_type"": ""cut_in"", ""time"": 5.0}]"
10,51,5.1000000000000005,1002,car,103.93204580051793,-8.76358664211761,17.27380175183466,-1.2022671154377986,4.5,1.8,0.0,15.0,0.0,"[{""type"": ""near_miss"", ""scenario_type"": ""cut_in"", ""time"": 5.0}]"
10,52,5.2,1000,car,29.890032744281235,1.1324153560603623,2.9172638800211557,-1.0378057934365577,4.5,1.8,0.0,15.0,0.0,"[{""type"": ""near_miss"", ""scenario_type"": ""cut_in"", ""time"": 5.0}]"
10,52,5.2,1001,bicycle,138.817737617717,-14.057891007455453,11.859965351815545,-1.10883875075342,1.8,0.6,0.0,15.0,0.0,"[{""type"": ""near_miss"", ""scenario_type"": ""cut_in"", ""time"": 5.0}]"
10,52,5.2,1002,car,105.57642018775158,-8.841740369273532,17.272128244873727,-0.985943788021417,4.5,1.8,0.0,15.0,0.0,"[{""type"": ""near_miss"", ""scenario_type"": ""cut_in"", ""time"": 5.0}]"
10,53,5.300000000000001,1000,car,30.16421478806502,1.1948510771344742,2.9558694489598563,-0.769182730282039,4.5,1.8,0.0,15.0,0.0,"[{""type"": ""near_miss"", ""scenario_type"": ""cut_in"", ""time"": 5.0}]"
10,53,5.300000000000001,1001,bicycle,140.11826809595195,-14.300087785950758,11.855711616182283,-0.766185945331424,1.8,0.6,0.0,15.0,0.0,"[{""type"": ""near_miss"", ""scenario_type"": ""cut_in"", ""time"": 5.0}]"
10,53,5.300000000000001,1002,car,107.36383666223419,-9.090563125620177,17.259107899530004,-0.7530385208202696,4.5,1.8,0.0,15.0,0.0,"[{""type"": ""near_miss"", ""scenario_type"": ""cut_in"", ""time"": 5.0}]"
10,54,5.4,1000,car,30.507517945600743,1.261239184975275,2.9939447155801937,-0.5252910655147953,4.5,1.8,0.0,15.0,0.0,"[{""type"": ""near_miss"", ""scenario_type"": ""cut_in"", ""time"": 5.0}]"
10,54,5.4,1001,bicycle,141.37133663246507,-14.372449025810841,11.863050313820425,-0.48250864553882516,1.8,0.6,0.0,15.0,0.0,"[{""type"": ""near_miss"", ""scenario_type"": ""cut_in"", ""time"": 5.0}]"
10,54,5.4,1002,car,109.0852173728684,-9.106589033971613,17.307173337995856,-0.48664052000924063,4.5,1.8,0.0,15.0,0.0,"[{""type"": ""near_miss"", ""scenario_type"": ""cut_in"", ""time"": 5.0}]"
10,55,5.5,1000,car,30.9302596027469,1.4677640357220625,3.029091104248041,-0.2862644180552754,4.5,1.8,0.0,15.0,0.0,
10,55,5.5,1001,bicycle,142.60882396862908,-14.351887163210304,11.893725848495944,-0.18844897812316908,1.8,0.6,0.0,15.0,0.0,
10,55,5.5,1002,car,110.64752355576958,-8.981525213887142,17.39969418139876,-0.23479625732152692,4.5,1.8,0.0,15.0,0.0,
10,56,5.6000000000000005,1000,car,31.292382221294016,1.4435995549961127,3.0294073037388762,0.0348976079574076,4.5,1.8,0.0,15.0,0.0,
10,56,5.6000000000000005,1001,bicycle,143.8615517927557,-14.279816190209965,11.925059277076107,0.0449194987071185,1.8,0.6,0.0,15.0,0.0,
10,56,5.6000000000000005,1002,car,112.46615784090802,-9.083960080413155,17.441307583574154,0.09292933082081137,4.5,1.8,0.0,15.0,0.0,
10,57,5.7,1000,car,31.592660276472362,1.5935475497943605,2.9835425387432966,-0.0014881309805217565,4.5,1.8,0.0,15.0,0.0,
10,57,5.7,1001,bicycle,144.9899419052823,-14.141894064967586,12.00708310479655,-0.00495980600437811,1.8,0.6,0.0,15.0,0.0,
10,57,5.7,1002,car,114.32739475153163,-8.918897417622821,17.43966164067607,0.00648758058984918,4.5,1.8,0.0,15.0,0.0,
10,58,5.800000000000001,1000,car,31.964376067309388,1.5092937516423321,2.9890474185040246,0.10713935531009691,4.5,1.8,0.0,15.0,0.0,
10,58,5.800000000000001,1001,bicycle,146.14064886373694,-14.056511440896934,12.0332733271034,-0.008188295435147609,1.8,0.6,0.0,15.0,0.0,
10,58,5.800000000000001,1002,car,116.09352642489017,-8.743635425168879,17.467341498005037,0.03549093116306314,4.5,1.8,0.0,15.0,0.0,
10,59,5.9,1000,car,32.42336703878497,1.4803527079425154,2.9367016730121325,0.08841736957951396,4.5,1.8,0.0,15.0,0.0,
10,59,5.9,1001,bicycle,147.35762837470912,-13.967151355882033,11.995156867822432,0.019426315262308248,1.8,0.6,0.0,15.0,0.0,
10,59,5.9,1002,car,117.73056729620448,-8.73726144119607,17.43494533874612,-0.043882716745627576,4.5,1.8,0.0,15.0,0.0,
10,60,6.0,1000,car,32.68672493914959,1.2510136436456947,2.8787065511232557,0.03912070781301641,4.5,1.8,0.0,15.0,0.0,
10,60,6.0,1001,bicycle,148.59191070044614,-14.074570050578293,12.022550546295685,-0.04391065360759426,1.8,0.6,0.0,15.0,0.0,
10,60,6.0,1002,car,119.54625821712044,-8.748825348542253,17.418689181226505,-0.004553181186372732,4.5,1.8,0.0,15.0,0.0,
10,61,6.1000000000000005,1000,car,33.23054843992849,1.1751334916934595,2.8900344844365744,0.03906843547461855,4.5,1.8,0.0,15.0,0.0,
10,61,6.1000000000000005,1001,bicycle,149.6979244701668,-14.233995834318886,11.992495639147576,0.0379731600554434,1.8,0.6,0.0,15.0,0.0,
10,61,6.1000000000000005,1002,car,121.25392679007025,-8.771935941678356,17.46422766379111,-0.040317153974742975,4.5,1.8,0.0,15.0,0.0,
10,62,6.2,1000,car,33.51067635725754,1.0237493875617776,2.9060704374728643,0.011475353728420509,4.5,1.8,0.0,15.0,0.0,
10,62,6.2,1001,bicycle,150.9767276638983,-14.348521447486025,11.982901260108955,-0.06392351802290934,1.8,0.6,0.0,15.0,0.0,
10,62,6.2,1002,car,122.97573888783378,-8.623757134134234,17.44819002599241,-0.06829599121224517,4.5,1.8,0.0,15.0,0.0,
10,63,6.300000000000001,1000,car,33.733295474507344,0.8626542042200565,2.841281793532503,0.03354934737477,4.5,1.8,0.0,15.0,0.0,
10,63,6.300000000000001,1001,bicycle,152.03038946617298,-14.317288588450538,11.984188393903084,-0.02657641245466671,1.8,0.6,0.0,15.0,0.0,
10,63,6.300000000000001,1002,car,124.7432928884388,-8.717523285068959,17.490232246033763,-0.03491701492861656,4.5,1.8,0.0,15.0,0.0,
10,64,6.4,1000,car,33.978786964999905,0.8121191036803458,2.8757554717528917,0.02722219567544497,4.5,1.8,0.0,15.0,0.0,
10,64,6.4,1001,bicycle,152.9666381889709,-14.29186429482272,11.896958752311805,-0.017066085609458156,1.8,0.6,0.0,15.0,0.0,
10,64,6.4,1002,car,126.48149871086751,-8.752729108022143,17.51527320713871,0.03600382830397661,4.5,1.8,0.0,15.0,0.0,
10,65,6.5,1000,car,34.18901593289326,0.7311394034306137,2.873956994070266,-0.0771866040283078,4.5,1.8,0.0,15.0,0.0,
10,65,6.5,1001,bicycle,154.10863626668333,-14.157056511483983,11.82164372405127,-0.017005867965670402,1.8,0.6,0.0,15.0,0.0,
10,65,6.5,1002,car,128.17379595028837,-8.552202319883367,17.488380146805227,-0.023990544267924796,4.5,1.8,0.0,15.0,0.0,
10,66,6.6000000000000005,1000,car,34.373335139520115,0.7320715837873388,2.8874653468214504,-0.04429099238097971,4.5,1.8,0.0,15.0,0.0,
10,66,6.6000000000000005,1001,bicycle,155.38967291916066,-14.129950153055132,11.864238687489529,-0.016406776391995965,1.8,0.6,0.0,15.0,0.0,
10,66,6.6000000000000005,1002,car,129.94695239805802,-8.573511969370776,17.561264224279785,0.005813206868553106,4.5,1.8,0.0,15.0,0.0,
10,67,6.7,1000,car,34.662957069033766,0.6862473838852474,2.8616671652978423,0.011886103741191352,4.5,1.8,0.0,15.0,0.0,
10,67,6.7,1001,bicycle,156.6580555338469,-14.198405962846142,11.870567651348335,0.009208474550955746,1.8,0.6,0.0,15.0,0.0,
10,67,6.7,1002,car,131.73891517212354,-8.744261609556848,17.515027589294235,-0.06829222600609504,4.5,1.8,0.0,15.0,0.0,
10,68,6.800000000000001,1000,car,34.952412228228724,0.5961500468962163,2.836855109376505,-0.05971402619554231,4.5,1.8,0.0,15.0,0.0,
10,68,6.800000000000001,1001,bicycle,157.80478864526495,-14.31081632296802,11.908463073449981,0.023961398489778893,1.8,0.6,0.0,15.0,0.0,
10,68,6.800000000000001,1002,car,133.5054408592004,-8.774455802524905,17.413143250979097,-0.02291033127474229,4.5,1.8,0.0,15.0,0.0,
10,69,6.9,1000,car,35.15995208479764,0.6208774686227685,2.8678404678167237,0.016231633124654327,4.5,1.8,0.0,15.0,0.0,
10,69,6.9,1001,bicycle,159.1219387835226,-14.367647746406528,11.877974279383949,0.05189391144512885,1.8,0.6,0.0,15.0,0.0,
10,69,6.9,1002,car,135.2633768237521,-8.799155676579126,17.505469308223837,0.02888652736913413,4.5,1.8,0.0,15.0,0.0,
10,70,7.0,1000,car,35.4276817141859,0.5522829872580385,2.9341661013959173,0.010349851044483455,4.5,1.8,0.0,15.0,0.0,
10,70,7.0,1001,bicycle,160.31218790341484,-14.30002010366102,11.921978672226647,0.02749349922454484,1.8,0.6,0.0,15.0,0.0,
10,70,7.0,1002,car,137.1023213121377,-8.754018240688858,17.533213837395348,-0.03658189274217175,4.5,1.8,0.0,15.0,0.0,
10,71,7.1000000000000005,1000,car,35.90213371248725,0.4289153213589682,2.949634982120791,-0.06683835290893039,4.5,1.8,0.0,15.0,0.0,
10,71,7.1000000000000005,1001,bicycle,161.4945728967539,-14.357149467447828,11.928766465793846,0.017087884067882256,1.8,0.6,0.0,15.0,0.0,
10,71,7.1000000000000005,1002,car,138.76000932557778,-8.756959686184015,17.60289754851816,-0.06561325487507304,4.5,1.8,0.0,15.0,0.0,
10,72,7.2,1000,car,36.11169183378312,0.5149907861505016,2.953512722783112,0.007557746491228222,4.5,1.8,0.0,15.0,0.0,
10,72,7.2,1001,bicycle,162.78967977820253,-14.436556337627657,11.902799704288967,-0.03213209332334193,1.8,0.6,0.0,15.0,0.0,
10,72,7.2,1002,car,140.48547877569604,-8.623007477689248,17.517843543741936,-0.05971094054550366,4.5,1.8,0.0,15.0,0.0,
10,73,7.300000000000001,1000,car,36.27047479933211,0.6551601812190985,2.9227927260481237,-0.016333682304249933,4.5,1.8,0.0,15.0,0.0,
10,73,7.300000000000001,1001,bicycle,163.8184963308393,-14.46279494124425,11.946125790331065,0.012647852413648157,1.8,0.6,0.0,15.0,0.0,
10,73,7.300000000000001,1002,car,142.22647672494037,-8.779496030234421,17.501445939376538,0.007345738196294098,4.5,1.8,0.0,15.0,0.0,
10,74,7.4,1000,car,36.4635715862336,0.7206492970168866,2.967046153380377,-0.026432435432704765,4.5,1.8,0.0,15.0,0.0,
10,74,7.4,1001,bicycle,165.0856921292496,-14.473768900992653,12.003482689410006,0.10170753300290403,1.8,0.6,0.0,15.0,0.0,
10,74,7.4,1002,car,143.8672547706847,-8.702547589879755,17.566694167684673,-0.04853401701759162,4.5,1.8,0.0,15.0,0.0,
10,75,7.5,1000,car,36.70276413474977,0.6620115871939662,2.960407091453571,-0.017818275311031077,4.5,1.8,0.0,15.0,0.0,
10,75,7.5,1001,bicycle,166.2662119393851,-14.389970068164835,11.9086921033157,-0.0486946710820688,1.8,0.6,0.0,15.0,0.0,
10,75,7.5,1002,car,145.69091699507413,-8.647269975017668,17.513767057983003,0.027985097515183466,4.5,1.8,0.0,15.0,0.0,
10,76,7.6000000000000005,1000,car,37.131491539577105,0.6571089357474152,2.9100090403503764,0.04374771281571237,4.5,1.8,0.0,15.0,0.0,
10,76,7.6000000000000005,1001,bicycle,167.62938569281374,-14.478584098508792,11.910654707013201,0.05450778174435103,1.8,0.6,0.0,15.0,0.0,
10,76,7.6000000000000005,1002,car,147.45382957236873,-8.821999608318476,17.535937943922292,-0.04894043181614496,4.5,1.8,0.0,15.0,0.0,
10,77,7.7,1000,car,37.29542018371274,0.48433413664883573,2.9695294050086605,-0.041735565950871314,4.5,1.8,0.0,15.0,0.0,
10,77,7.7,1001,bicycle,168.85378478153984,-14.420688655450851,11.918745656503962,0.01482853899869858,1.8,0.6,0.0,15.0,0.0,
10,77,7.7,1002,car,149.2455281755009,-8.808189839653936,17.497929968206492,-0.04246685810757947,4.5,1.8,0.0,15.0,0.0,
10,78,7.800000000000001,1000,car,37.58187496979602,0.47171773184393406,2.990995391629989,0.055082503358257984,4.5,1.8,0.0,15.0,0.0,
10,78,7.800000000000001,1001,bicycle,170.0800498832472,-14.501777027362568,11.809687865767431,-0.03844686029396619,1.8,0.6,0.0,15.0,0.0,
10,78,7.800000000000001,1002,car,150.8608721361689,-8.881227059890016,17.510043817649752,0.004219525391933801,4.5,1.8,0.0,15.0,0.0,
10,79,7.9,1000,car,38.06679227065284,0.5200258870521527,3.0864537557957243,0.035756970199496335,4.5,1.8,0.0,15.0,0.0,
10,79,7.9,1001,bicycle,171.36958934415446,-14.537667254524663,11.755962401600966,-0.02244799454004398,1.8,0.6,0.0,15.0,0.0,
10,79,7.9,1002,car,152.61068956486608,-8.944042948290518,17.45998669642621,0.02084188462103798,4.5,1.8,0.0,15.0,0.0,
10,80,8.0,1000,car,38.274897929612685,0.36667669224029964,3.0303494501008448,-0.011717774413162416,4.5,1.8,0.0,15.0,0.0,
10,80,8.0,1001,bicycle,172.44609367353812,-14.560476244856515,11.785984616864926,0.02872215234316754,1.8,0.6,0.0,15.0,0.0,
10,80,8.0,1002,car,154.29060564359978,-9.074437106994413,17.43120552316875,0.032782240489177515,4.5,1.8,0.0,15.0,0.0,
10,81,8.1,1000,car,38.66685249752722,0.40196568434363494,3.0904212526506156,0.08646010598096865,4.5,1.8,0.0,15.0,0.0,
10,81,8.1,1001,bicycle,173.57636934241168,-14.411819919457866,11.772957140825339,0.0509924348630032,1.8,0.6,0.0,15.0,0.0,
10,81,8.1,1002,car,156.1045834427839,-9.272142948919676,17.38289416642241,-0.061064395815517904,4.5,1.8,0.0,15.0,0.0,
10,82,8.200000000000001,1000,car,38.79768991962969,0.48989718268320054,3.1938598454066187,-0.012883625234952662,4.5,1.8,0.0,15.0,0.0,
10,82,8.200000000000001,1001,bicycle,174.83908072303086,-14.263357387688792,11.783373725834476,-0.001265653245751988,1.8,0.6,0.0,15.0,0.0,
10,82,8.200000000000001,1002,car,157.81830406665193,-9.218387060699179,17.42662886892404,0.023090245301959033,4.5,1.8,0.0,15.0,0.0,
10,83,8.3,1000,car,39.15982221175204,0.484776892562405,3.1142121191529797,0.04488581943782985,4.5,1.8,0.0,15.0,0.0,
10,83,8.3,1001,bicycle,175.88895558365283,-14.20141882348021,11.821160558334125,-0.05702160522453632,1.8,0.6,0.0,15.0,0.0,
10,83,8.3,1002,car,159.5001868744838,-9.006239605560204,17.42265475703057,-0.06101068377172594,4.5,1.8,0.0,15.0,0.0,
10,84,8.4,1000,car,39.55133134763864,0.4075093720050869,3.018185918030275,0.025988477402323348,4.5,1.8,0.0,15.0,0.0,
10,84,8.4,1001,bicycle,176.9794098579079,-14.169299989257967,11.780526056429006,0.03536020971348424,1.8,0.6,0.0,15.0,0.0,
10,84,8.4,1002,car,161.26080218264744,-9.265160464456102,17.4417553840658,-0.014486566421519506,4.5,1.8,0.0,15.0,0.0,
10,85,8.5,1000,car,39.99482170366075,0.447030156906672,3.0559938102179256,-0.03552704005104625,4.5,1.8,0.0,15.0,0.0,
10,85,8.5,1001,bicycle,178.078455688469,-14.171864922364023,11.762495250089312,0.06690045261050408,1.8,0.6,0.0,15.0,0.0,
10,85,8.5,1002,car,162.9896458151817,-9.387642639454475,17.400376338381367,0.04825255423070023,4.5,1.8,0.0,15.0,0.0,
10,86,8.6,1000,car,40.283695350256245,0.4249589801116959,3.109003188678815,-0.04573815944327709,4.5,1.8,0.0,15.0,0.0,
10,86,8.6,1001,bicycle,179.0311875836352,-14.257151586999687,11.77459970451663,-0.012475576016904476,1.8,0.6,0.0,15.0,0.0,
10,86,8.6,1002,car,164.57364048701137,-9.286036686319319,17.40855118568559,0.019450734735674602,4.5,1.8,0.0,15.0,0.0,
10,87,8.700000000000001,1000,car,40.63655669510246,0.2951065555267064,3.12414713450029,0.045372689160100316,4.5,1.8,0.0,15.0,0.0,
10,87,8.700000000000001,1001,bicycle,180.3226785771239,-14.185025254498392,11.800256187446232,-0.08687106323852072,1.8,0.6,0.0,15.0,0.0,
10,87,8.700000000000001,1002,car,166.3130021403022,-9.381694121262964,17.472659579782906,0.056518974618852504,4.5,1.8,0.0,15.0,0.0,
10,88,8.8,1000,car,40.853918527480474,0.29050873715610487,3.136572606675645,0.04503956287445169,4.5,1.8,0.0,15.0,0.0,
10,88,8.8,1001,bicycle,181.33514237088178,-14.405987485882155,11.802163612988274,-0.12657084111877154,1.8,0.6,0.0,15.0,0.0,
10,88,8.8,1002,car,168.0761253392617,-9.32247334390469,17.534463575199293,-0.031128412562799634,4.5,1.8,0.0,15.0,0.0,
10,89,8.9,1000,car,41.18369395276155,0.3556597211221373,3.0777866062549273,0.04576738988757992,4.5,1.8,0.0,15.0,0.0,
10,89,8.9,1001,bicycle,182.54279296470335,-14.466532118952736,11.809232641599554,-0.006966724258986968,1.8,0.6,0.0,15.0,0.0,
10,89,8.9,1002,car,169.9075790918064,-9.358519352919384,17.545818099868235,-0.031046580907665634,4.5,1.8,0.0,15.0,0.0,
10,90,9.0,1000,car,41.39768832951787,0.37281300031312214,3.032948222903999,0.04002901457244116,4.5,1.8,0.0,15.0,0.0,
10,90,9.0,1001,bicycle,183.78293948208102,-14.543043564587125,11.819921663193213,-0.03848499501670083,1.8,0.6,0.0,15.0,0.0,
10,90,9.0,1002,car,171.5017296212131,-9.418241869664087,17.543302258404598,0.026070436245676676,4.5,1.8,0.0,15.0,0.0,
10,91,9.1,1000,car,41.7159311448553,0.46358046181594503,2.9838899143331705,-0.018834919395607993,4.5,1.8,0.0,15.0,0.0,
10,91,9.1,1001,bicycle,185.12936831857698,-14.736151569882207,11.797323947896913,-0.05357469738813243,1.8,0.6,0.0,15.0,0.0,
10,91,9.1,1002,car,173.23652000662813,-9.461686618407699,17.573410030309102,0.012776032970475243,4.5,1.8,0.0,15.0,0.0,
10,92,9.200000000000001,1000,car,41.88375837909759,0.4047642544980363,2.983884061876886,0.036969044201950706,4.5,1.8,0.0,15.0,0.0,
10,92,9.200000000000001,1001,bicycle,186.55239634183465,-14.665871990986664,11.746698951869439,-0.004692262769959833,1.8,0.6,0.0,15.0,0.0,
10,92,9.200000000000001,1002,car,175.01195862916242,-9.51362570544205,17.596922920605827,-0.11356885442002435,4.5,1.8,0.0,15.0,0.0,
10,93,9.3,1000,car,42.23746174741808,0.35712551225498906,2.97839880029211,0.073286146951325,4.5,1.8,0.0,15.0,0.0,
10,93,9.3,1001,bicycle,187.6009145194607,-14.638600063126281,11.786395030819762,0.008516822914315039,1.8,0.6,0.0,15.0,0.0,
10,93,9.3,1002,car,176.610231690671,-9.378586042711918,17.586355218085508,-0.026377042503901424,4.5,1.8,0.0,15.0,0.0,
10,94,9.4,1000,car,42.504253339228,0.31891087315443073,2.918889816654621,0.008247529303865919,4.5,1.8,0.0,15.0,0.0,
10,94,9.4,1001,bicycle,188.71983072175126,-14.571511235911299,11.81227480550052,0.0812834705881905,1.8,0.6,0.0,15.0,0.0,
10,94,9.4,1002,car,178.34770389814227,-9.4589110178164,17.51286810132787,0.10966716930374065,4.5,1.8,0.0,15.0,0.0,
10,95,9.5,1000,car,42.86235312054508,0.24966888103645163,3.0035475711179775,0.06780811919430162,4.5,1.8,0.0,15.0,0.0,
10,95,9.5,1001,bicycle,189.7659304520558,-14.646858723419696,11.8056585632425,-0.05350425480009811,1.8,0.6,0.0,15.0,0.0,
10,95,9.5,1002,car,180.08933276198397,-9.38771482317242,17.444205058411757,0.014650027398696853,4.5,1.8,0.0,15.0,0.0,
10,96,9.600000000000001,1000,car,43.279557675200145,0.28969090496350386,2.999766753378973,-0.0334050879788128,4.5,1.8,0.0,15.0,0.0,
10,96,9.600000000000001,1001,bicycle,191.02958049559,-14.7645507346245,11.817798153797257,0.0012757866526657692,1.8,0.6,0.0,15.0,0.0,
10,96,9.600000000000001,1002,car,181.9463143704461,-9.445989699279309,17.4193182678171,-0.06209324353157117,4.5,1.8,0.0,15.0,0.0,
10,97,9.700000000000001,1000,car,43.62326277799808,0.247309320660279,2.9566630545154804,-0.0383408133338641,4.5,1.8,0.0,15.0,0.0,
10,97,9.700000000000001,1001,bicycle,192.26507086061602,-14.874846784596807,11.767089855548273,0.044818071275869155,1.8,0.6,0.0,15.0,0.0,
10,97,9.700000000000001,1002,car,183.67163413964485,-9.350445190680878,17.401350477051643,-5.629496983160025e-05,4.5,1.8,0.0,15.0,0.0,
10,98,9.8,1000,car,43.93455901064325,0.38603794737496133,3.021956695825994,0.05766185190961677,4.5,1.8,0.0,15.0,0.0,
10,98,9.8,1001,bicycle,193.3788979591773,-14.97352974153513,11.805129428701317,0.06883798511504084,1.8,0.6,0.0,15.0,0.0,
10,98,9.8,1002,car,185.5280510605619,-9.349140264947536,17.43774090429535,0.03726938265425646,4.5,1.8,0.0,15.0,0.0,
10,99,9.9,1000,car,44.25164895936379,0.4052753098486613,3.0268664626661343,-0.03940482666394512,4.5,1.8,0.0,15.0,0.0,
10,99,9.9,1001,bicycle,194.49080565829183,-15.043678777686093,11.725167589862192,0.0071429963674205,1.8,0.6,0.0,15.0,0.0,
10,99,9.9,1002,car,187.26776781370765,-9.272943851379166,17.500776768444304,0.06621471824232647,4.5,1.8,0.0,15.0,0.0,
11,0,0.0,1100,car,25.0,-0.31754750220380634,-2.0,0.0,4.5,1.8,0.0,15.0,0.0,
11,0,0.0,1101,car,38.37843142603344,-9.848705867154127,0.8955407680569971,-0.2695587163686633,4.5,1.8,0.0,15.0,0.0,
11,0,0.0,1102,car,54.560407274345856,3.2355566398949693,-7.41807985361898,-0.22866653702103662,4.5,1.8,0.0,15.0,0.0,
11,1,0.1,1100,car,24.72171443617199,-0.27227044084742713,-2.06461199017209,0.0240124097041794,4.5,1.8,0.0,15.0,0.0,
11,1,0.1,1101,car,38.24421546762067,-9.666132120997924,0.8884873917171046,-0.4092837525886137,4.5,1.8,0.0,15.0,0.0,
11,1,0.1,1102,car,53.746824341427974,3.125123762884279,-7.450870760212295,-0.24689860681097875,4.5,1.8,0.0,15.0,0.0,
11,2,0.2,1100,car,24.448991521822222,-0.35151040758383045,-2.122546137772032,0.06510188090083376,4.5,1.8,0.0,15.0,0.0,
11,2,0.2,1101,car,38.453177768316,-9.732517878580413,0.8876055592154908,-0.4656002955982426,4.5,1.8,0.0,15.0,0.0,
11,2,0.2,1102,car,53.00883933524039,3.1234302784185632,-7.461840690697986,-0.22709485792250633,4.5,1.8,0.0,15.0,0.0,
11,3,0.30000000000000004,1100,car,24.26760778625012,-0.4504141584028051,-2.062893762085584,0.05471956790935499,4.5,1.8,0.0,15.0,0.0,
11,3,0.30000000000000004,1101,car,38.70949548442925,-9.737035849198316,0.9861522157340824,-0.4068368371329203,4.5,1.8,0.0,15.0,0.0,
11,3,0.30000000000000004,1102,car,52.28537422898468,3.0284101059643502,-7.496919064436461,-0.20044314367338026,4.5,1.8,0.0,15.0,0.0,
11,4,0.4,1100,car,24.075631018420655,-0.5038448252109782,-2.0212407647050816,0.05665813442715661,4.5,1.8,0.0,15.0,0.0,
11,4,0.4,1101,car,38.89201168753273,-9.875266539581764,1.0361257991344908,-0.3817870586655563,4.5,1.8,0.0,15.0,0.0,
11,4,0.4,1102,car,51.655439288987225,3.106108841668646,-7.501166734471856,-0.20871187070554603,4.5,1.8,0.0,15.0,0.0,
11,5,0.5,1100,car,24.05181004120924,-0.5272358587064584,-1.9838190797631894,0.03758878481766951,4.5,1.8,0.0,15.0,0.0,
11,5,0.5,1101,car,38.80943595943242,-10.036179155228915,1.05642184337759,-0.3467304736853011,4.5,1.8,0.0,15.0,0.0,
11,5,0.5,1102,car,50.946243956462055,3.1998326047374417,-7.48160372671015,-0.24747360602225027,4.5,1.8,0.0,15.0,0.0,
11,6,0.6000000000000001,1100,car,23.912858351380297,-0.5065161841316952,-2.0125969800106662,0.06121474989101257,4.5,1.8,0.0,15.0,0.0,
11,6,0.6000000000000001,1101,car,38.923015160371925,-10.13135225768618,1.047528554699441,-0.27605211690819403,4.5,1.8,0.0,15.0,0.0,
11,6,0.6000000000000001,1102,car,50.336172365398006,3.193899658062271,-7.478740368815785,-0.31912590538544233,4.5,1.8,0.0,15.0,0.0,
11,7,0.7000000000000001,1100,car,23.88353516471586,-0.3967605204057973,-1.97499940147545,-0.052521785963519405,4.5,1.8,0.0,15.0,0.0,
11,7,0.7000000000000001,1101,car,39.03186028090745,-10.171670340208907,1.081669326614471,-0.29860365758548385,4.5,1.8,0.0,15.0,0.0,
11,7,0.7000000000000001,1102,car,49.56512730687108,3.2239283614191967,-7.5174192871702195,-0.34782803955590835,4.5,1.8,0.0,15.0,0.0,
11,8,0.8,1100,car,23.705367888544412,-0.26816412866719186,-1.9345759146142827,0.0012484174831054948,4.5,1.8,0.0,15.0,0.0,
11,8,0.8,1101,car,39.14635889419043,-10.052022903589158,0.9946102053894056,-0.19749169666541647,4.5,1.8,0.0,15.0,0.0,
11,8,0.8,1102,car,49.028561275672054,3.234807192417295,-7.475806155298444,-0.34972803275617226,4.5,1.8,0.0,15.0,0.0,
11,9,0.9,1100,car,23.49095346077565,-0.32912632445531503,-1.937026515427504,0.029045091263390676,4.5,1.8,0.0,15.0,0.0,
11,9,0.9,1101,car,39.28780829944571,-9.873111766086575,0.9996239326795332,-0.271933124732668,4.5,1.8,0.0,15.0,0.0,
11,9,0.9,1102,car,48.44541172226455,3.077738961315701,-7.503775701573715,-0.3361408756886271,4.5,1.8,0.0,15.0,0.0,
11,10,1.0,1100,car,23.338968317459223,-0.4707656472220312,-1.974350127246185,-0.04499403180023606,4.5,1.8,0.0,15.0,0.0,
11,10,1.0,1101,car,39.44994199904591,-9.781967090089553,0.9385320304672075,-0.22215012708027473,4.5,1.8,0.0,15.0,0.0,
11,10,1.0,1102,car,47.78811202653965,2.978217794755688,-7.602904653367106,-0.3897036766483636,4.5,1.8,0.0,15.0,0.0,
11,11,1.1,1100,car,23.082007546043727,-0.3210979657211354,-1.980265255996996,-0.09533543059975125,4.5,1.8,0.0,15.0,0.0,
11,11,1.1,1101,car,39.558580057587825,-9.933716869884138,0.964249032977525,-0.27103333004386293,4.5,1.8,0.0,15.0,0.0,
11,11,1.1,1102,car,46.94456918718388,2.976796631934041,-7.515392969226995,-0.27981429863656876,4.5,1.8,0.0,15.0,0.0,
11,12,1.2000000000000002,1100,car,22.77999446986607,-0.39029214145264246,-1.9544886417451282,-0.03689596318431598,4.5,1.8,0.0,15.0,0.0,
11,12,1.2000000000000002,1101,car,39.4385965919268,-9.952086520997895,0.9398918841493302,-0.3672343899953785,4.5,1.8,0.0,15.0,0.0,
11,12,1.2000000000000002,1102,car,46.05931311226194,2.8920377561062893,-7.512452218227872,-0.22940915562336153,4.5,1.8,0.0,15.0,0.0,
11,13,1.3,1100,car,22.619980417199766,-0.29922779405430877,-1.953152424952765,-0.0721432605311659,4.5,1.8,0.0,15.0,0.0,
11,13,1.3,1101,car,39.51421078495468,-9.91925822525051,0.9915199926156694,-0.37462812421757086,4.5,1.8,0.0,15.0,0.0,
11,13,1.3,1102,car,45.21515636420085,2.9026626564926765,-7.488553170035761,-0.16777320132070564,4.5,1.8,0.0,15.0,0.0,
11,14,1.4000000000000001,1100,car,22.35678888740853,-0.37322184553399407,-1.9153444150757861,-0.09251493908162135,4.5,1.8,0.0,15.0,0.0,
11,14,1.4000000000000001,1101,car,39.56839436594833,-9.831307050658243,0.9229697123016107,-0.2718179672287953,4.5,1.8,0.0,15.0,0.0,
11,14,1.4000000000000001,1102,car,44.4050375058865,2.9725581766406775,-7.493993153132029,-0.15420508707709885,4.5,1.8,0.0,15.0,0.0,
11,15,1.5,1100,car,22.138975795924775,-0.29681567423885885,-1.9327106087767645,-0.12116226267387642,4.5,1.8,0.0,15.0,0.0,
11,15,1.5,1101,car,39.84202551976549,-9.855550577679754,0.8891849342506337,-0.34633229672439025,4.5,1.8,0.0,15.0,0.0,
11,15,1.5,1102,car,43.84219599367689,2.901945130287442,-7.390901241206972,-0.13426236950645473,4.5,1.8,0.0,15.0,0.0,
11,16,1.6,1100,car,21.959993255077343,-0.2919475192734467,-1.8219130618129298,-0.2307731911449195,4.5,1.8,0.0,15.0,0.0,
11,16,1.6,1101,car,39.952378165141305,-9.916704168105198,0.8785302649964806,-0.3388667041172951,4.5,1.8,0.0,15.0,0.0,
11,16,1.6,1102,car,43.076480454606575,2.9073319600556276,-7.392080114314725,-0.19994027841568718,4.5,1.8,0.0,15.0,0.0,
11,17,1.7000000000000002,1100,car,21.81593855267714,-0.24341939321798056,-1.849016342688334,-0.13737838723371598,4.5,1.8,0.0,15.0,0.0,
11,17,1.7000000000000002,1101,car,40.17378836620737,-9.86619560859981,0.9201213021978812,-0.33736185648680067,4.5,1.8,0.0,15.0,0.0,
11,17,1.7000000000000002,1102,car,42.45140965364855,3.0444133934202693,-7.351678913674127,-0.22845444550630545,4.5,1.8,0.0,15.0,0.0,
11,18,1.8,1100,car,21.627068774579644,-0.19979022864374318,-1.8071290974860268,-0.14125224796089353,4.5,1.8,0.0,15.0,0.0,
11,18,1.8,1101,car,40.20911964171645,-9.741511095510706,0.8665053164719334,-0.3844284442684466,4.5,1.8,0.0,15.0,0.0,
11,18,1.8,1102,car,41.58352898133099,2.927212866907206,-7.289311669818177,-0.16441280768064528,4.5,1.8,0.0,15.0,0.0,
11,19,1.9000000000000001,1100,car,21.438951311384525,-0.16428401388415448,-1.8076543263672227,-0.20085108925854128,4.5,1.8,0.0,15.0,0.0,
11,19,1.9000000000000001,1101,car,40.517580874131085,-9.642479943430553,0.8842262867384189,-0.4272229403880601,4.5,1.8,0.0,15.0,0.0,
11,19,1.9000000000000001,1102,car,40.8321043766322,2.8415290309971444,-7.284432557771753,-0.14891664895067785,4.5,1.8,0.0,15.0,0.0,
11,20,2.0,1100,car,21.224073329366767,-0.32981039810070883,-1.7010513770814284,-0.18897475191697374,4.5,1.8,0.0,15.0,0.0,
11,20,2.0,1101,car,40.65166270282437,-9.727443176076857,0.8061257309719582,-0.4313879669329519,4.5,1.8,0.0,15.0,0.0,
11,20,2.0,1102,car,40.07133891995634,2.897590804174034,-7.2391286791029446,-0.11066517496520932,4.5,1.8,0.0,15.0,0.0,
11,21,2.1,1100,car,21.152795425250343,-0.16834129254474636,-1.6815587901046507,-0.134013960876482,4.5,1.8,0.0,15.0,0.0,
11,21,2.1,1101,car,40.78166133330514,-9.960585512767944,0.7983997168375727,-0.47477354227814106,4.5,1.8,0.0,15.0,0.0,
11,21,2.1,1102,car,39.37056938511648,2.8074232707461495,-7.208844634601427,-0.06161377005822957,4.5,1.8,0.0,15.0,0.0,
11,22,2.2,1100,car,21.104996550841893,-0.019816532479967813,-1.7653599943081955,-0.19396396262382293,4.5,1.8,0.0,15.0,0.0,
11,22,2.2,1101,car,41.15428282361221,-9.907110495009803,0.8096221153899233,-0.4731716667625463,4.5,1.8,0.0,15.0,0.0,
11,22,2.2,1102,car,38.64399890694685,2.6078872379867843,-7.247461089832602,-0.06720614978346251,4.5,1.8,0.0,15.0,0.0,
11,23,2.3000000000000003,1100,car,20.856874563865034,-0.0977265277972916,-1.6374234232091645,-0.20654661470214297,4.5,1.8,0.0,15.0,0.0,
11,23,2.3000000000000003,1101,car,41.26305703597788,-9.930174033185686,0.8390950903210775,-0.4970358050560514,4.5,1.8,0.0,15.0,0.0,
11,23,2.3000000000000003,1102,car,38.04395092276746,2.645522842369112,-7.311819308518835,-0.07258134974494394,4.5,1.8,0.0,15.0,0.0,
11,24,2.4000000000000004,1100,car,20.67591738947694,-0.14019773480056819,-1.6119585830980103,-0.17481035524318195,4.5,1.8,0.0,15.0,0.0,
11,24,2.4000000000000004,1101,car,41.39863185329139,-9.945986077883536,0.8433769757038863,-0.6045961552616668,4.5,1.8,0.0,15.0,0.0,
11,24,2.4000000000000004,1102,car,37.39055825480939,2.687100116905265,-7.3610573723523975,-0.058552235825111876,4.5,1.8,0.0,15.0,0.0,
11,25,2.5,1100,car,20.57951537927516,-0.040554063802380275,-1.586443510939316,-0.15873026490236358,4.5,1.8,0.0,15.0,0.0,
11,25,2.5,1101,car,41.57764678261186,-10.037099695429115,0.8639771366836388,-0.635651814971858,4.5,1.8,0.0,15.0,0.0,
11,25,2.5,1102,car,36.76548218833628,2.5202737818970866,-7.320220513644881,-0.05766678773271152,4.5,1.8,0.0,15.0,0.0,
11,26,2.6,1100,car,20.51740976125386,-0.13448152733174643,-1.5819443319985012,-0.15569876041579966,4.5,1.8,0.0,15.0,0.0,
11,26,2.6,1101,car,41.707432852285265,-10.205421071991099,0.8957878910878565,-0.7279465213754758,4.5,1.8,0.0,15.0,0.0,
11,26,2.6,1102,car,35.966675931260056,2.358234102409895,-7.2788095436606,-0.037660248857259715,4.5,1.8,0.0,15.0,0.0,
11,27,2.7,1100,car,20.404819192743883,-0.002732463748470443,-1.5977414154565912,-0.12521947634516664,4.5,1.8,0.0,15.0,0.0,
11,27,2.7,1101,car,41.8036138761117,-10.286839179595507,0.9611191826918013,-0.6238525532053737,4.5,1.8,0.0,15.0,0.0,
11,27,2.7,1102,car,35.19564831060766,2.4378400366761572,-7.262853698028259,-0.021104627734737622,4.5,1.8,0.0,15.0,0.0,
11,28,2.8000000000000003,1100,car,20.269762824101573,-0.048562210529102916,-1.7769904435026764,-0.04847901011524221,4.5,1.8,0.0,15.0,0.0,
11,28,2.8000000000000003,1101,car,41.83025253561364,-10.373380149411105,0.9501045376908969,-0.6630427228680426,4.5,1.8,0.0,15.0,0.0,
11,28,2.8000000000000003,1102,car,34.4933869550044,2.431298330360475,-7.298680496969736,-0.013639526902169869,4.5,1.8,0.0,15.0,0.0,
11,29,2.9000000000000004,1100,car,20.08875911045547,0.03937374558818309,-1.844009582886763,-0.08874847615983136,4.5,1.8,0.0,15.0,0.0,
11,29,2.9000000000000004,1101,car,41.99779275046647,-10.50365871604273,0.9049344245636427,-0.6925572699184731,4.5,1.8,0.0,15.0,0.0,
11,29,2.9000000000000004,1102,car,33.75342103363848,2.4202164840635536,-7.309178418774852,-0.06506778432460236,4.5,1.8,0.0,15.0,0.0,
11,30,3.0,1100,car,19.981674044892145,0.1631208741979677,-1.9395310172060996,-0.16642550703100767,4.5,1.8,0.0,15.0,0.0,
11,30,3.0,1101,car,42.18857189040033,-10.415934808972004,0.7984754759784058,-0.6517854448545314,4.5,1.8,0.0,15.0,0.0,
11,30,3.0,1102,car,33.186291180405874,2.327468479047812,-7.230195027430192,-0.07396749836860265,4.5,1.8,0.0,15.0,0.0,
11,31,3.1,1100,car,19.81918465222885,0.07455499204015803,-1.8894795909050301,-0.12470290115023433,4.5,1.8,0.0,15.0,0.0,
11,31,3.1,1101,car,42.44089037357116,-10.337052616546435,0.7980179737675441,-0.49636651409543653,4.5,1.8,0.0,15.0,0.0,
11,31,3.1,1102,car,32.59835094251022,2.374123332715518,-7.280052747312872,-0.15046913482998442,4.5,1.8,0.0,15.0,0.0,
11,32,3.2,1100,car,19.48573390743068,-0.031281846767319973,-1.8206144581105188,-0.10034845548335816,4.5,1.8,0.0,15.0,0.0,
11,32,3.2,1101,car,42.459354852611064,-10.40027616904565,0.7851306536211499,-0.45636398056925337,4.5,1.8,0.0,15.0,0.0,
11,32,3.2,1102,car,31.782465891535352,2.3940450578441435,-7.265048458515538,-0.19291253533763,4.5,1.8,0.0,15.0,0.0,
11,33,3.3000000000000003,1100,car,19.462473064540664,-0.07087381296796863,-1.8702519643383306,-0.057704456507348505,4.5,1.8,0.0,15.0,0.0,
11,33,3.3000000000000003,1101,car,42.543317475688646,-10.40506973583667,0.7258966636115729,-0.41574316798715477,4.5,1.8,0.0,15.0,0.0,
11,33,3.3000000000000003,1102,car,31.273203882136254,2.2484704313319344,-7.247338018216062,-0.23217802010513064,4.5,1.8,0.0,15.0,0.0,
11,34,3.4000000000000004,1100,car,19.54440847406658,0.047318989196321534,-1.856146597186832,-0.11909783030081954,4.5,1.8,0.0,15.0,0.0,
11,34,3.4000000000000004,1101,car,42.517301534572184,-10.372016602067207,0.6577720537256984,-0.48229886022425816,4.5,1.8,0.0,15.0,0.0,
11,34,3.4000000000000004,1102,car,30.549353206831434,2.238594296275779,-7.228336447856347,-0.25415428499598636,4.5,1.8,0.0,15.0,0.0,
11,35,3.5,1100,car,19.450808468961004,-0.05077226513140311,-1.82481437950901,-0.10839179636741327,4.5,1.8,0.0,15.0,0.0,
11,35,3.5,1101,car,42.6431436485076,-10.30204668289708,0.6350054364704543,-0.5153527368152296,4.5,1.8,0.0,15.0,0.0,
11,35,3.5,1102,car,29.657680186430643,2.0112786581838966,-7.237135155759821,-0.25953042903946705,4.5,1.8,0.0,15.0,0.0,
11,36,3.6,1100,car,19.159718718615718,-0.14872141475498862,-1.7486416866442136,-0.06459980735227261,4.5,1.8,0.0,15.0,0.0,
11,36,3.6,1101,car,42.58048350468248,-10.397816761690494,0.6553055710532745,-0.5466752880332567,4.5,1.8,0.0,15.0,0.0,
11,36,3.6,1102,car,28.853097139314116,1.9515010369016967,-7.182602111493198,-0.2004603639135301,4.5,1.8,0.0,15.0,0.0,
11,37,3.7,1100,car,18.91130986817207,-0.10912628602678477,-1.748962274288101,-0.11501158197657514,4.5,1.8,0.0,15.0,0.0,
11,37,3.7,1101,car,42.61630661046281,-10.578907709293583,0.7134583329109293,-0.46905168590049157,4.5,1.8,0.0,15.0,0.0,
11,37,3.7,1102,car,28.093779620007385,1.8665470692559123,-7.129872389610769,-0.1396529168645292,4.5,1.8,0.0,15.0,0.0,
11,38,3.8000000000000003,1100,car,18.624972500554005,-0.13543191109970731,-1.7519091936816626,-0.1535503956593211,4.5,1.8,0.0,15.0,0.0,
11,38,3.8000000000000003,1101,car,42.72625061316264,-10.695807411392027,0.6864452956431105,-0.4741188223922436,4.5,1.8,0.0,15.0,0.0,
11,38,3.8000000000000003,1102,car,27.231886152823773,1.646936450571795,-7.083958771278853,-0.17666907132012155,4.5,1.8,0.0,15.0,0.0,
11,39,3.9000000000000004,1100,car,18.663267989488343,0.04639684184272663,-1.7772331247676154,-0.03659774588018977,4.5,1.8,0.0,15.0,0.0,
11,39,3.9000000000000004,1101,car,42.88865259566571,-10.807750673925558,0.5573533086524968,-0.4397110655122273,4.5,1.8,0.0,15.0,0.0,
11,39,3.9000000000000004,1102,car,26.526619863184003,1.6724057020141527,-7.095400580104076,-0.23386191785006477,4.5,1.8,0.0,15.0,0.0,
11,40,4.0,1100,car,18.442842010569464,0.11340079584921162,-1.794951893136326,-0.05461863874732014,4.5,1.8,0.0,15.0,0.0,
11,40,4.0,1101,car,42.79244921772519,-10.842601732298952,0.5017567115781203,-0.3937847555273216,4.5,1.8,0.0,15.0,0.0,
11,40,4.0,1102,car,25.743669715150578,1.6194491011795706,-6.987201401816857,-0.24919062898509417,4.5,1.8,0.0,15.0,0.0,
11,41,4.1000000000000005,1100,car,18.219289339642522,0.16650113056437268,-1.8842149832476087,0.007921827341606145,4.5,1.8,0.0,15.0,0.0,
11,41,4.1000000000000005,1101,car,42.942018893228564,-10.829535033364213,0.3329018369043048,-0.40675534045111045,4.5,1.8,0.0,15.0,0.0,
11,41,4.1000000000000005,1102,car,24.91766295236836,1.7069407166770152,-6.934573347454056,-0.2297901344935555,4.5,1.8,0.0,15.0,0.0,
11,42,4.2,1100,car,17.91055672160376,0.3167227343510264,-1.897328040198583,0.09819038068663444,4.5,1.8,0.0,15.0,0.0,
11,42,4.2,1101,car,43.001847783605264,-10.81952976551766,0.3098866176761783,-0.33640756156202,4.5,1.8,0.0,15.0,0.0,
11,42,4.2,1102,car,24.285049006052315,1.8282508724791218,-6.925696287526704,-0.2321420674563455,4.5,1.8,0.0,15.0,0.0,
11,43,4.3,1100,car,17.780336933873784,0.47079582332881065,-1.8464913248366244,0.10510157104434807,4.5,1.8,0.0,15.0,0.0,
11,43,4.3,1101,car,42.84711459461009,-10.77213191773673,0.23795137780347872,-0.3346572737544031,4.5,1.8,0.0,15.0,0.0,
11,43,4.3,1102,car,23.580902758562587,1.663259817426926,-6.907071133033012,-0.12442618044598164,4.5,1.8,0.0,15.0,0.0,
11,44,4.4,1100,car,17.56442724827213,0.5578939466745585,-1.728706832899519,0.14823223199479174,4.5,1.8,0.0,15.0,0.0,
11,44,4.4,1101,car,42.806425401624665,-10.781896165499894,0.2619903869589445,-0.26296661709070496,4.5,1.8,0.0,15.0,0.0,
11,44,4.4,1102,car,23.011600679323095,1.373828837533871,-6.949881360642821,-0.1279275165766617,4.5,1.8,0.0,15.0,0.0,
11,45,4.5,1100,car,17.290027858728408,0.20270801396497345,-1.764987757287053,0.14805170162040865,4.5,1.8,0.0,15.0,0.0,
11,45,4.5,1101,car,42.78009597203941,-10.907887152716599,0.26406361819818597,-0.24581220832809844,4.5,1.8,0.0,15.0,0.0,
11,45,4.5,1102,car,22.269752831862267,1.498210468123572,-6.946995639848847,-0.17150320005840572,4.5,1.8,0.0,15.0,0.0,
11,46,4.6000000000000005,1100,car,17.00107535076472,0.19621620380114813,-1.7093167246101801,0.10686726616325196,4.5,1.8,0.0,15.0,0.0,
11,46,4.6000000000000005,1101,car,42.866090282258895,-10.923012682547977,0.3637252666734198,-0.22629963514506996,4.5,1.8,0.0,15.0,0.0,
11,46,4.6000000000000005,1102,car,21.505230643934798,1.5546971009942,-6.908494540304049,-0.19135375067319646,4.5,1.8,0.0,15.0,0.0,
11,47,4.7,1100,car,16.7137441078707,0.2605064495401304,-1.70614096577193,0.031039761576374267,4.5,1.8,0.0,15.0,0.0,
11,47,4.7,1101,car,42.9279149088253,-11.009341935864605,0.28794516458029573,-0.24390545231448504,4.5,1.8,0.0,15.0,0.0,
11,47,4.7,1102,car,20.942673063325078,1.6563678759356864,-6.86115693520368,-0.1778921061685903,4.5,1.8,0.0,15.0,0.0,
11,48,4.800000000000001,1100,car,16.602709731629016,0.273474883845568,-1.7613935070826534,-0.014235333366247466,4.5,1.8,0.0,15.0,0.0,
11,48,4.800000000000001,1101,car,42.89599133272756,-10.89359657343242,0.34177970113631795,-0.2978993304808263,4.5,1.8,0.0,15.0,0.0,
11,48,4.800000000000001,1102,car,20.26189648134633,1.5983179510435546,-6.868911962168714,-0.20469424711620166,4.5,1.8,0.0,15.0,0.0,
11,49,4.9,1100,car,16.567139543201378,0.2701606968215797,-1.7505856668525897,-0.00302242305958131,4.5,1.8,0.0,15.0,0.0,
11,49,4.9,1101,car,42.82739228534509,-10.91253113669645,0.39489554222566003,-0.224264781206791,4.5,1.8,0.0,15.0,0.0,
11,49,4.9,1102,car,19.460223788357514,1.4259884025930616,-6.865805233166638,-0.14923486832944996,4.5,1.8,0.0,15.0,0.0,
11,50,5.0,1100,car,16.42804062194449,0.3378880621236021,-1.8185981178979158,-0.03162179727308104,4.5,1.8,0.0,15.0,0.0,
11,50,5.0,1101,car,42.647270608988364,-10.949206419741724,0.28668457018349647,-0.15763169611476713,4.5,1.8,0.0,15.0,0.0,
11,50,5.0,1102,car,18.929125411831745,1.425129264966293,-6.9414338885505344,-0.13044923563379113,4.5,1.8,0.0,15.0,0.0,
11,51,5.1000000000000005,1100,car,16.432094066000793,0.38229943236498676,-1.7593489183733697,-0.05588006285789203,4.5,1.8,0.0,15.0,0.0,
11,51,5.1000000000000005,1101,car,42.58881806122337,-10.972055790269465,0.19034930243645998,-0.04442726804906988,4.5,1.8,0.0,15.0,0.0,
11,51,5.1000000000000005,1102,car,18.24894702762474,1.4987616368396146,-6.9645093149703445,-0.2076035541267055,4.5,1.8,0.0,15.0,0.0,
11,52,5.2,1100,car,16.398740657231546,0.26430139795153434,-1.7419069801949076,-0.033725822291919394,4.5,1.8,0.0,15.0,0.0,
11,52,5.2,1101,car,42.61524812183491,-11.054956940692591,0.18286769058514843,-0.0919298093511889,4.5,1.8,0.0,15.0,0.0,
11,52,5.2,1102,car,17.633413865383602,1.5351559741767655,-6.965579436625239,-0.23602112771145703,4.5,1.8,0.0,15.0,0.0,
11,53,5.300000000000001,1100,car,16.435281749190256,0.13072241710700877,-1.8191376350379498,-0.03782612132332055,4.5,1.8,0.0,15.0,0.0,
11,53,5.300000000000001,1101,car,42.60773015823633,-10.954391676152271,0.21517351333248205,-0.09045353000208692,4.5,1.8,0.0,15.0,0.0,
11,53,5.300000000000001,1102,car,16.986889700003026,1.5597704362305858,-6.860401600616141,-0.2233529581866853,4.5,1.8,0.0,15.0,0.0,
11,54,5.4,1100,car,16.185260272418514,0.1467899149574978,-1.9500716057014618,-0.03945849839433866,4.5,1.8,0.0,15.0,0.0,
11,54,5.4,1101,car,42.73854575668018,-10.903218617265438,0.2301013155147658,-0.05799157222356221,4.5,1.8,0.0,15.0,0.0,
11,54,5.4,1102,car,16.41117519442918,1.679958481141736,-6.8380288056016685,-0.23915852991231987,4.5,1.8,0.0,15.0,0.0,
11,55,5.5,1100,car,15.75890091279239,0.24066140781883685,-1.9243114800212666,-0.03182552401854862,4.5,1.8,0.0,15.0,0.0,
11,55,5.5,1101,car,42.692750738712235,-10.812502574153738,0.2172394942233592,-0.05971267777586141,4.5,1.8,0.0,15.0,0.0,
11,55,5.5,1102,car,15.721773454952189,1.7010277999670538,-6.895460406153175,-0.21103093681695256,4.5,1.8,0.0,15.0,0.0,
11,56,5.6000000000000005,1100,car,15.49438092910946,0.16889848472706642,-1.8800494776433792,-0.08157694707332716,4.5,1.8,0.0,15.0,0.0,
11,56,5.6000000000000005,1101,car,42.80281892823562,-10.808337169460433,0.13482565677985558,0.008511114806463577,4.5,1.8,0.0,15.0,0.0,
11,56,5.6000000000000005,1102,car,15.06325278706322,1.7193372928743456,-6.8450982906239375,-0.13606989958888766,4.5,1.8,0.0,15.0,0.0,
11,57,5.7,1100,car,15.326478670966734,0.22246952226934052,-1.8614901811125077,-0.09872033240841115,4.5,1.8,0.0,15.0,0.0,
11,57,5.7,1101,car,42.657957863624084,-10.785993852069366,0.2037725483120834,0.03767776297434641,4.5,1.8,0.0,15.0,0.0,
11,57,5.7,1102,car,14.272000638903181,1.8154824534799472,-6.860571783216755,-0.2406711932136379,4.5,1.8,0.0,15.0,0.0,
11,58,5.800000000000001,1100,car,15.242120034373736,0.11805942661918811,-1.7724537624566123,-0.04133166237854023,4.5,1.8,0.0,15.0,0.0,
11,58,5.800000000000001,1101,car,42.65555519108898,-10.736290091196484,0.32496847659483863,0.08767811486619567,4.5,1.8,0.0,15.0,0.0,
11,58,5.800000000000001,1102,car,13.609763463059965,2.0803307335792103,-6.85469273266893,-0.21158045226969607,4.5,1.8,0.0,15.0,0.0,
11,59,5.9,1100,car,14.971253339222148,-0.05354562617815488,-1.78684387705403,-0.0394112581601143,4.5,1.8,0.0,15.0,0.0,
11,59,5.9,1101,car,42.72097839718945,-10.86949938438729,0.358002192700736,0.046158838664011825,4.5,1.8,0.0,15.0,0.0,
11,59,5.9,1102,car,12.985167625732513,2.152665336636606,-6.874468187171561,-0.25977139888307604,4.5,1.8,0.0,15.0,0.0,
11,60,6.0,1100,car,14.946933883255108,0.029804457435753273,-1.7792450603616596,0.03401013002387836,4.5,1.8,0.0,15.0,0.0,
11,60,6.0,1101,car,42.76510478885707,-10.926934221540353,0.307917089482098,0.04076888189632968,4.5,1.8,0.0,15.0,0.0,
11,60,6.0,1102,car,12.374892854813517,2.26566411825908,-6.873292676369838,-0.19911515248629216,4.5,1.8,0.0,15.0,0.0,
11,61,6.1000000000000005,1100,car,14.747582434068738,-0.044954331427444316,-1.844560722051679,0.00869813190678504,4.5,1.8,0.0,15.0,0.0,
11,61,6.1000000000000005,1101,car,42.66903075506031,-10.7219061702317,0.3298819107975653,0.03598813943811409,4.5,1.8,0.0,15.0,0.0,
11,61,6.1000000000000005,1102,car,11.859763763411092,2.1155258661133005,-6.880149818164625,-0.09913146288119909,4.5,1.8,0.0,15.0,0.0,
11,62,6.2,1100,car,14.548722311191105,0.20059685960368695,-1.805280480079602,0.0739944273383967,4.5,1.8,0.0,15.0,0.0,
11,62,6.2,1101,car,42.83550842848556,-10.718147110263084,0.30547132756778644,0.030216123444093426,4.5,1.8,0.0,15.0,0.0,
11,62,6.2,1102,car,11.073055531263266,2.0990164315022013,-6.880370120626873,-0.014669713115238889,4.5,1.8,0.0,15.0,0.0,
11,63,6.300000000000001,1100,car,14.427521834255892,0.4442580581162139,-1.9132576849617995,0.01314224233689957,4.5,1.8,0.0,15.0,0.0,
11,63,6.300000000000001,1101,car,42.83052102847581,-10.565876051517254,0.2999924675536191,-0.04317521833846914,4.5,1.8,0.0,15.0,0.0,
11,63,6.300000000000001,1102,car,10.360506075585683,1.977789634415186,-6.950051409034363,0.0852716777674561,4.5,1.8,0.0,15.0,0.0,
11,64,6.4,1100,car,14.201035179091647,0.4628875686301552,-1.9179055023202038,0.0005674611064771587,4.5,1.8,0.0,15.0,0.0,
11,64,6.4,1101,car,42.7764541720024,-10.601257033768267,0.31685424147982644,0.027756547264728537,4.5,1.8,0.0,15.0,0.0,
11,64,6.4,1102,car,9.760244498337654,1.8644101124464232,-6.900624788122533,0.10904357834382455,4.5,1.8,0.0,15.0,0.0,
11,65,6.5,1100,car,13.946772528798277,0.48115402435945975,-1.8892911431377089,0.0029201084976209365,4.5,1.8,0.0,15.0,0.0,
11,65,6.5,1101,car,42.85616392956606,-10.684776480734174,0.4164958436921521,-0.06870768918418274,4.5,1.8,0.0,15.0,0.0,
11,65,6.5,1102,car,9.127967141858216,1.9119908165818378,-6.868477618449948,0.07362506076141144,4.5,1.8,0.0,15.0,0.0,
11,66,6.6000000000000005,1100,car,13.874763117317812,0.4706479670413906,-1.9486018900912057,-0.05182041091617688,4.5,1.8,0.0,15.0,0.0,
11,66,6.6000000000000005,1101,car,42.910284020819034,-10.851299401998741,0.5065211428642732,-0.01626162515705093,4.5,1.8,0.0,15.0,0.0,
11,66,6.6000000000000005,1102,car,8.623803812098322,2.091495671568869,-6.886072941690028,0.030158587628902604,4.5,1.8,0.0,15.0,0.0,
11,67,6.7,1100,car,13.412125660092274,0.4248425134604764,-1.8603192472994081,-0.09321294379103712,4.5,1.8,0.0,15.0,0.0,
11,67,6.7,1101,car,42.939944035619085,-10.908382589422734,0.525270900544659,0.048042609053664614,4.5,1.8,0.0,15.0,0.0,
11,67,6.7,1102,car,7.781275456177867,1.9597339321687,-6.81174193972631,0.06681193135149309,4.5,1.8,0.0,15.0,0.0,
11,68,6.800000000000001,1100,car,13.200155679227487,0.5862294952740137,-1.9285706916189034,-0.046652269231485466,4.5,1.8,0.0,15.0,0.0,
11,68,6.800000000000001,1101,car,42.98564731478715,-10.842923944916079,0.4059132949383953,0.03500744105894715,4.5,1.8,0.0,15.0,0.0,
11,68,6.800000000000001,1102,car,7.173780933808873,1.9600821034643665,-6.748977051086267,0.1279021817085324,4.5,1.8,0.0,15.0,0.0,
11,69,6.9,1100,car,12.911442247543537,0.6639635334842332,-1.9782038244803153,-0.04395149717374765,4.5,1.8,0.0,15.0,0.0,
11,69,6.9,1101,car,43.091851469211754,-10.922951493936242,0.4452596042166144,0.009739653751351999,4.5,1.8,0.0,15.0,0.0,
11,69,6.9,1102,car,6.440813475959011,2.043537419989191,-6.790775698270438,0.08356040824037765,4.5,1.8,0.0,15.0,0.0,
11,70,7.0,1100,car,12.817737469098514,0.6704240989593518,-2.05090979924548,-0.001169428254337114,4.5,1.8,0.0,15.0,0.0,
11,70,7.0,1101,car,43.09571730640907,-11.062278862517255,0.3198938536585324,0.05491036860297244,4.5,1.8,0.0,15.0,0.0,
11,70,7.0,1102,car,5.67574409952081,1.927508983683379,-6.758805556751138,0.12384998805582034,4.5,1.8,0.0,15.0,0.0,
11,71,7.1000000000000005,1100,car,12.533936189314502,0.7615712220945159,-1.9481651531898234,0.06616373529421773,4.5,1.8,0.0,15.0,0.0,
11,71,7.1000000000000005,1101,car,43.24681240129462,-11.025374913443704,0.2977079433820863,0.05211606595813464,4.5,1.8,0.0,15.0,0.0,
11,71,7.1000000000000005,1102,car,5.043937704211972,1.814142786623471,-6.7972746521314615,0.05246248090669112,4.5,1.8,0.0,15.0,0.0,
11,72,7.2,1100,car,12.362638336224663,0.7764929878634914,-1.980800586463254,0.10718869556320479,4.5,1.8,0.0,15.0,0.0,
11,72,7.2,1101,car,43.17212315904,-11.089146780865615,0.3367342676277116,0.09855685496444153,4.5,1.8,0.0,15.0,0.0,
11,72,7.2,1102,car,4.284637618727942,1.8425932951884643,-6.836215014170413,0.0425955042278259,4.5,1.8,0.0,15.0,0.0,
11,73,7.300000000000001,1100,car,12.178942016993494,0.8432484773014054,-1.9649226357885987,0.12084681259021693,4.5,1.8,0.0,15.0,0.0,
11,73,7.300000000000001,1101,car,43.097946752092064,-11.040463431438422,0.36428753518752655,0.13300358146879815,4.5,1.8,0.0,15.0,0.0,
11,73,7.300000000000001,1102,car,3.529064099363812,1.9384114072696077,-6.9020767572592545,0.021054596525623456,4.5,1.8,0.0,15.0,0.0,
11,74,7.4,1100,car,11.954897845185219,0.7290922523100972,-1.979458186363839,0.13192085830745698,4.5,1.8,0.0,15.0,0.0,
11,74,7.4,1101,car,42.951798287427486,-11.066631911668626,0.27686748857436033,0.23508052068464536,4.5,1.8,0.0,15.0,0.0,
11,74,7.4,1102,car,2.860105545331285,1.9530997953052707,-6.890473086676297,0.05128062805566507,4.5,1.8,0.0,15.0,0.0,
11,75,7.5,1100,car,11.854767511532287,0.5859289452593766,-1.913949306492501,0.1942121230083197,4.5,1.8,0.0,15.0,0.0,
11,75,7.5,1101,car,42.972850375199165,-11.054996728668481,0.12172944874315667,0.17288096257456592,4.5,1.8,0.0,15.0,0.0,
11,75,7.5,1102,car,2.222943164289971,2.0782896047418262,-6.854031240570458,0.0474948747667506,4.5,1.8,0.0,15.0,0.0,
11,76,7.6000000000000005,1100,car,11.85595985093988,0.7058677131969224,-1.9336406274297464,0.3033176556059904,4.5,1.8,0.0,15.0,0.0,
11,76,7.6000000000000005,1101,car,42.87540659660282,-11.18489265446477,0.10067417938696052,0.13494895367353665,4.5,1.8,0.0,15.0,0.0,
11,76,7.6000000000000005,1102,car,1.501046878784235,2.1628481618586126,-6.855730219150692,0.04708003638576134,4.5,1.8,0.0,15.0,0.0,
11,77,7.7,1100,car,11.668477269817798,0.5049669294600427,-2.00940365282565,0.2840520923345193,4.5,1.8,0.0,15.0,0.0,
11,77,7.7,1101,car,42.80118113440674,-11.194576507812029,0.17088059836736502,0.13122647880387678,4.5,1.8,0.0,15.0,0.0,
11,77,7.7,1102,car,0.6832570350968673,2.0882461867707214,-6.770201423701079,0.12370473495871209,4.5,1.8,0.0,15.0,0.0,
11,78,7.800000000000001,1100,car,11.527124648100122,0.3771238316239616,-1.9940634060704423,0.30323694729205436,4.5,1.8,0.0,15.0,0.0,
11,78,7.800000000000001,1101,car,42.8208232150825,-11.238454965492576,0.1527490461738778,0.09924073344452317,4.5,1.8,0.0,15.0,0.0,
11,78,7.800000000000001,1102,car,-0.10827050310914299,2.237215443813417,-6.726085733949594,0.10945826282954658,4.5,1.8,0.0,15.0,0.0,
11,79,7.9,1100,car,11.362936138329854,0.4464176153922206,-1.8769192281666391,0.3468653813378396,4.5,1.8,0.0,15.0,0.0,
11,79,7.9,1101,car,42.919575081572695,-11.22473279084119,0.13102784825336902,0.16837624607760393,4.5,1.8,0.0,15.0,0.0,
11,79,7.9,1102,car,-0.7156518647474839,2.1652070746909318,-6.703392406232602,0.1513275672505872,4.5,1.8,0.0,15.0,0.0,
11,80,8.0,1100,car,10.965661119883904,0.3888654742675378,-1.8587809868646439,0.2506423161464018,4.5,1.8,0.0,15.0,0.0,
11,80,8.0,1101,car,42.756064749809504,-11.234941340272856,0.15560506120811615,0.19526543142265984,4.5,1.8,0.0,15.0,0.0,
11,80,8.0,1102,car,-1.227751150101598,2.1885662202049403,-6.722025048905628,0.0859595879428248,4.5,1.8,0.0,15.0,0.0,
11,81,8.1,1100,car,10.741320259554737,0.48468263668185074,-1.821144876690288,0.26387326648282644,4.5,1.8,0.0,15.0,0.0,
11,81,8.1,1101,car,42.82633674945979,-11.08777644122313,0.15936865336411407,0.2636313733101716,4.5,1.8,0.0,15.0,0.0,
11,81,8.1,1102,car,-1.9726183389220955,2.1898330745451737,-6.746066710398649,0.1255948445297752,4.5,1.8,0.0,15.0,0.0,
11,82,8.200000000000001,1100,car,10.457757327226563,0.47889341577978434,-1.9141287012314208,0.2935920707613195,4.5,1.8,0.0,15.0,0.0,
11,82,8.200000000000001,1101,car,42.96695264236875,-10.970342508762103,0.20000003403760297,0.305601393109169,4.5,1.8,0.0,15.0,0.0,
11,82,8.200000000000001,1102,car,-2.57725562711831,2.2638321212487593,-6.712121037517218,0.09281073803439727,4.5,1.8,0.0,15.0,0.0,
11,83,8.3,1100,car,10.246325112751437,0.5152769489267676,-1.9309139581663965,0.2152765889595775,4.5,1.8,0.0,15.0,0.0,
11,83,8.3,1101,car,42.86345174708312,-10.91678475794884,0.24528882947369887,0.30606848856715435,4.5,1.8,0.0,15.0,0.0,
11,83,8.3,1102,car,-2.971985544684612,2.181136952036672,-6.689873930413933,0.15737086856686935,4.5,1.8,0.0,15.0,0.0,
11,84,8.4,1100,car,10.159801429051356,0.6023112940001871,-1.877401259474291,0.2180463063424625,4.5,1.8,0.0,15.0,0.0,
11,84,8.4,1101,car,43.054268804512546,-10.757861998456699,0.20267744943817154,0.3221468854488737,4.5,1.8,0.0,15.0,0.0,
11,84,8.4,1102,car,-3.7957026006786907,2.34905293621693,-6.678662358362346,0.22480951077022,4.5,1.8,0.0,15.0,0.0,
11,85,8.5,1100,car,9.961125552627145,0.4384891747579022,-1.7455328824207914,0.22460073370182448,4.5,1.8,0.0,15.0,0.0,
11,85,8.5,1101,car,42.97451568711618,-10.611071081072723,0.30447031350038634,0.31202497672602303,4.5,1.8,0.0,15.0,0.0,
11,85,8.5,1102,car,-4.473493077587623,2.39533851076511,-6.734210889939951,0.1902761382911515,4.5,1.8,0.0,15.0,0.0,
11,86,8.6,1100,car,9.964764850821568,0.4477286043381332,-1.787410731322052,0.20199863888366074,4.5,1.8,0.0,15.0,0.0,
11,86,8.6,1101,car,43.11224508719923,-10.777458271912614,0.3172028083680788,0.4351359139781461,4.5,1.8,0.0,15.0,0.0,
11,86,8.6,1102,car,-4.943807903852716,2.471686402676092,-6.668388759437752,0.25561745253096524,4.5,1.8,0.0,15.0,0.0,
11,87,8.700000000000001,1100,car,9.773438577340453,0.56040784856293,-1.697981580382684,0.1388105267274542,4.5,1.8,0.0,15.0,0.0,
11,87,8.700000000000001,1101,car,43.2016304557842,-10.697797135705944,0.32236103261678933,0.4358675792614151,4.5,1.8,0.0,15.0,0.0,
11,87,8.700000000000001,1102,car,-5.587479782543449,2.528805367714137,-6.612457994794593,0.27944318569232424,4.5,1.8,0.0,15.0,0.0,
11,88,8.8,1100,car,9.585852759834546,0.49029675548657253,-1.721603706274036,0.15186883187140574,4.5,1.8,0.0,15.0,0.0,
11,88,8.8,1101,car,43.16325948525765,-10.559622668908341,0.3438637896504321,0.4930439502642656,4.5,1.8,0.0,15.0,0.0,
11,88,8.8,1102,car,-6.312607504119611,2.473642919818545,-6.55565513348121,0.28594088352570196,4.5,1.8,0.0,15.0,0.0,
11,89,8.9,1100,car,9.393440676316953,0.5753496882389528,-1.6885312443417495,0.08908064503474113,4.5,1.8,0.0,15.0,0.0,
11,89,8.9,1101,car,43.3361103765313,-10.551358968223452,0.4288646920375273,0.42636651958608246,4.5,1.8,0.0,15.0,0.0,
11,89,8.9,1102,car,-6.936433129219701,2.4836748880772674,-6.654416867302919,0.31885128242828514,4.5,1.8,0.0,15.0,0.0,
11,90,9.0,1100,car,9.032193849208277,0.5550910666457244,-1.6333174704559401,0.06257884616998918,4.5,1.8,0.0,15.0,0.0,
11,90,9.0,1101,car,43.2886234305835,-10.428686669208643,0.41638878951105734,0.40611353485159135,4.5,1.8,0.0,15.0,0.0,
11,90,9.0,1102,car,-7.47437556823306,2.398832142804638,-6.67739723007644,0.3621736329817737,4.5,1.8,0.0,15.0,0.0,
11,91,9.1,1100,car,8.74566736661173,0.7388836672363427,-1.6441598447092787,0.10630521524060743,4.5,1.8,0.0,15.0,0.0,
11,91,9.1,1101,car,43.41750582733686,-10.403304108119727,0.3924381839187294,0.40396530675388154,4.5,1.8,0.0,15.0,0.0,
11,91,9.1,1102,car,-8.070846866491665,2.3364070217067296,-6.737560159512995,0.43638376906945486,4.5,1.8,0.0,15.0,0.0,
11,92,9.200000000000001,1100,car,8.507765875097514,0.7849225769632437,-1.6542700551542338,0.09841193467943682,4.5,1.8,0.0,15.0,0.0,
11,92,9.200000000000001,1101,car,43.599788617867496,-10.371424496220092,0.37459687750783555,0.3904795249401369,4.5,1.8,0.0,15.0,0.0,
11,92,9.200000000000001,1102,car,-8.794948724350716,2.3130363293511707,-6.7625325026587895,0.5195442747138856,4.5,1.8,0.0,15.0,0.0,
11,93,9.3,1100,car,8.413487752288132,0.7602441155452202,-1.6051872734232926,0.019052244610068297,4.5,1.8,0.0,15.0,0.0,
11,93,9.3,1101,car,43.774816140789845,-10.202860966743385,0.4864135782090176,0.44105709689406974,4.5,1.8,0.0,15.0,0.0,
11,93,9.3,1102,car,-9.427478520230077,2.494104795309374,-6.793822974227469,0.49977345012877816,4.5,1.8,0.0,15.0,0.0,
11,94,9.4,1100,car,8.246544543100459,0.8990374930962663,-1.6479811910624043,-0.02905084026841466,4.5,1.8,0.0,15.0,0.0,
11,94,9.4,1101,car,43.84711130643145,-10.08700220734639,0.4512595494120138,0.4745779945326664,4.5,1.8,0.0,15.0,0.0,
11,94,9.4,1102,car,-9.970020883447782,2.6641283096706045,-6.776158335801057,0.4952435626843293,4.5,1.8,0.0,15.0,0.0,
11,95,9.5,1100,car,8.25530878755896,0.89767280851857,-1.600963460081644,0.06886323369086417,4.5,1.8,0.0,15.0,0.0,
11,95,9.5,1101,car,43.975764069335646,-10.139253531183826,0.3893084103465994,0.4596965235295114,4.5,1.8,0.0,15.0,0.0,
11,95,9.5,1102,car,-10.576686804682065,2.7581312526234387,-6.665804232527873,0.5169963770723996,4.5,1.8,0.0,15.0,0.0,
11,96,9.600000000000001,1100,car,8.062468319875732,0.7912249215766675,-1.5419415911867769,0.06856017223045162,4.5,1.8,0.0,15.0,0.0,
11,96,9.600000000000001,1101,car,43.86408093354704,-10.091057818539348,0.33952150479024906,0.4384146480120206,4.5,1.8,0.0,15.0,0.0,
11,96,9.600000000000001,1102,car,-11.242648030290587,2.7193130854971796,-6.690185440975691,0.4797903853667337,4.5,1.8,0.0,15.0,0.0,
11,97,9.700000000000001,1100,car,7.836545241125031,0.6972788870865566,-1.566079819416933,0.023825250141753948,4.5,1.8,0.0,15.0,0.0,
11,97,9.700000000000001,1101,car,43.956691495623645,-10.027136348385117,0.3992572660397885,0.5327498175339007,4.5,1.8,0.0,15.0,0.0,
11,97,9.700000000000001,1102,car,-11.84393407299598,2.8122508264971837,-6.653168577360947,0.5031198262168416,4.5,1.8,0.0,15.0,0.0,
11,98,9.8,1100,car,7.684957193725997,0.6967288314659921,-1.6171633176200346,0.0657712278569959,4.5,1.8,0.0,15.0,0.0,
11,98,9.8,1101,car,43.993487741241786,-9.828909469202664,0.44501406121905435,0.5014522364201018,4.5,1.8,0.0,15.0,0.0,
11,98,9.8,1102,car,-12.384581826042199,2.6064886134685104,-6.556657290113056,0.43619756232935836,4.5,1.8,0.0,15.0,0.0,
11,99,9.9,1100,car,7.57275207988108,0.7460475708664445,-1.5609774745279472,0.0493363874917753,4.5,1.8,0.0,15.0,0.0,
11,99,9.9,1101,car,43.82343730017748,-9.811493036698709,0.43405594609407144,0.39899263558923664,4.5,1.8,0.0,15.0,0.0,
11,99,9.9,1102,car,-13.03571039415743,2.5425232208349917,-6.524203034958383,0.42389357553803264,4.5,1.8,0.0,15.0,0.0,
12,0,0.0,1200,car,20.0,-0.0869606831910823,-5.0,0.0,4.5,1.8,0.0,15.0,0.0,
12,0,0.0,1201,car,55.45605155931539,0.156942482292324,-3.8004098280578447,0.05182919776624606,4.5,1.8,0.0,15.0,0.0,
12,0,0.0,1202,car,25.964927112797305,6.142877234348126,25.601985462608102,-0.15285922032026558,4.5,1.8,0.0,15.0,0.0,
12,0,0.0,1203,bicycle,87.01093361531144,2.2445283966827305,29.2871159049912,-0.15229450656431587,1.8,0.6,0.0,15.0,0.0,
12,1,0.1,1200,car,19.45394974824403,0.11341990635983568,-4.900029847611018,-0.08766149033986027,4.5,1.8,0.0,15.0,0.0,
12,1,0.1,1201,car,55.22271979082378,0.12855156824705632,-3.828808250923748,0.026231906008249314,4.5,1.8,0.0,15.0,0.0,
12,1,0.1,1202,car,28.42433412658264,6.193076943139754,25.554945738493224,0.008853963963090935,4.5,1.8,0.0,15.0,0.0,
12,1,0.1,1203,bicycle,90.07318146371958,2.2831801902259756,29.26912632562714,0.027070555541895996,1.8,0.6,0.0,15.0,0.0,
12,2,0.2,1200,car,18.823298739282436,0.029533827940232252,-4.921543350636369,0.039342512305906296,4.5,1.8,0.0,15.0,0.0,
12,2,0.2,1201,car,54.88041884111355,0.1820682136971905,-3.8301773783692696,-0.03940498230012824,4.5,1.8,0.0,15.0,0.0,
12,2,0.2,1202,car,31.128640394088897,6.123297597692988,25.575897685978514,-0.005605232657687503,4.5,1.8,0.0,15.0,0.0,
12,2,0.2,1203,bicycle,93.05639341298576,2.222631491704282,29.321760183671493,0.06891389579179684,1.8,0.6,0.0,15.0,0.0,
12,3,0.30000000000000004,1200,car,18.430276712468434,0.045296360537597065,-4.943299612941553,0.14110558919297797,4.5,1.8,0.0,15.0,0.0,
12,3,0.30000000000000004,1201,car,54.39823864880043,0.2701911688692038,-3.8135381339654386,-0.0031268721089360713,4.5,1.8,0.0,15.0,0.0,
12,3,0.30000000000000004,1202,car,33.704746456660146,6.072276067356858,25.597250463140778,0.015841224298003383,4.5,1.8,0.0,15.0,0.0,
12,3,0.30000000000000004,1203,bicycle,96.25633475364542,2.329713713212658,29.347554322277812,0.028777946665481304,1.8,0.6,0.0,15.0,0.0,
12,4,0.4,1200,car,18.119900516723852,-0.05174629593643013,-4.952436250129642,-0.09535694138393638,4.5,1.8,0.0,15.0,0.0,
12,4,0.4,1201,car,54.072762219620074,0.3550085439236338,-3.8633181365771803,0.07175400090003518,4.5,1.8,0.0,15.0,0.0,
12,4,0.4,1202,car,36.192583503711745,6.038029256455202,25.60322875892178,0.07970981813799076,4.5,1.8,0.0,15.0,0.0,
12,4,0.4,1203,bicycle,99.10527040406512,2.3588384257492265,29.386296210017434,0.02842350818397428,1.8,0.6,0.0,15.0,0.0,
12,5,0.5,1200,car,17.68519699501756,0.024403726280963982,-4.980172386359898,0.08438898934151624,4.5,1.8,0.0,15.0,0.0,
12,5,0.5,1201,car,53.675315466145115,0.3306237236253933,-3.7959368615114926,-0.03152834334384851,4.5,1.8,0.0,15.0,0.0,
12,5,0.5,1202,car,38.784934198673824,5.965745794055678,25.72919054969403,0.11543272583633941,4.5,1.8,0.0,15.0,0.0,
12,5,0.5,1203,bicycle,102.03287592692321,2.41082414309928,29.386556200269805,-0.01742997442041993,1.8,0.6,0.0,15.0,0.0,
12,6,0.6000000000000001,1200,car,17.199142906292156,0.020343582758718035,-5.056205756731496,0.013151166078279512,4.5,1.8,0.0,15.0,0.0,
12,6,0.6000000000000001,1201,car,53.291492492742705,0.36184376928874695,-3.7998127503997168,-0.018016968173927287,4.5,1.8,0.0,15.0,0.0,
12,6,0.6000000000000001,1202,car,41.4453442596708,6.019059234426519,25.798992914690817,0.024736488223616543,4.5,1.8,0.0,15.0,0.0,
12,6,0.6000000000000001,1203,bicycle,104.95177089176867,2.4725009957177235,29.287525542307858,0.10518399443653931,1.8,0.6,0.0,15.0,0.0,
12,7,0.7000000000000001,1200,car,16.720960344996765,0.23878917217129342,-5.099673009715528,-0.05588226913070321,4.5,1.8,0.0,15.0,0.0,
12,7,0.7000000000000001,1201,car,52.948094546969166,0.3980972435654129,-3.7829005116778696,0.009291310162524031,4.5,1.8,0.0,15.0,0.0,
12,7,0.7000000000000001,1202,car,43.96243183504724,5.870523655018666,25.81315044252335,-0.06412960001491906,4.5,1.8,0.0,15.0,0.0,
12,7,0.7000000000000001,1203,bicycle,107.74282281622558,2.4344378158708997,29.309058491574277,0.09938796186281465,1.8,0.6,0.0,15.0,0.0,
12,8,0.8,1200,car,16.30891897435059,0.3821109308842015,-5.066989925338374,0.018342685947186594,4.5,1.8,0.0,15.0,0.0,
12,8,0.8,1201,car,52.820383527286985,0.26581168217617357,-3.803562027497582,-0.01675898847912059,4.5,1.8,0.0,15.0,0.0,
12,8,0.8,1202,car,46.63310258143541,5.772645979250058,25.85132192290218,0.028982491588470122,4.5,1.8,0.0,15.0,0.0,
12,8,0.8,1203,bicycle,110.75506340887769,2.5139601205554096,29.385974473405906,-0.0024604731468687705,1.8,0.6,0.0,15.0,0.0,
12,9,0.9,1200,car,15.855235772765907,0.3084560023279107,-5.115229675851753,0.0882414392301801,4.5,1.8,0.0,15.0,0.0,
12,9,0.9,1201,car,52.35881544580152,0.3299428898714624,-3.777009887522208,0.05874904471686359,4.5,1.8,0.0,15.0,0.0,
12,9,0.9,1202,car,49.05241470886572,5.861766678504676,25.84842032258142,-0.029995455923120185,4.5,1.8,0.0,15.0,0.0,
12,9,0.9,1203,bicycle,113.66857910504224,2.61763719925951,29.42253649927216,-0.006396172900275037,1.8,0.6,0.0,15.0,0.0,
12,10,1.0,1200,car,15.229802058773803,0.20160154263674673,-5.07757816785552,-0.0638871212827197,4.5,1.8,0.0,15.0,0.0,
12,10,1.0,1201,car,51.969299008224866,0.5980501026094527,-3.754031845603703,0.03711246019975022,4.5,1.8,0.0,15.0,0.0,
12,10,1.0,1202,car,51.53115321393723,5.739036512887432,25.888211424433322,-0.014117599444742897,4.5,1.8,0.0,15.0,0.0,
12,10,1.0,1203,bicycle,116.72819490312583,2.631950523021962,29.600354638549664,-0.02361599076566742,1.8,0.6,0.0,15.0,0.0,
12,11,1.1,1200,car,14.760957394907193,0.12218697637799977,-5.0209741673228985,0.027025619693714295,4.5,1.8,0.0,15.0,0.0,
12,11,1.1,1201,car,51.50777683832306,0.5763216131981099,-3.6804401069286765,0.06758545526862275,4.5,1.8,0.0,15.0,0.0,
12,11,1.1,1202,car,53.988534792454,5.702439548514211,25.98428126224817,-0.0033588900347361326,4.5,1.8,0.0,15.0,0.0,
12,11,1.1,1203,bicycle,119.71657261843572,2.7446437146879696,29.53874655323474,-0.0419848748714699,1.8,0.6,0.0,15.0,0.0,
12,12,1.2000000000000002,1200,car,14.236490069853238,0.25264933836352477,-4.964985899910284,0.04098831835935488,4.5,1.8,0.0,15.0,0.0,
12,12,1.2000000000000002,1201,car,51.13581683276311,0.6992785869660794,-3.683072368470592,0.033898400618620386,4.5,1.8,0.0,15.0,0.0,
12,12,1.2000000000000002,1202,car,56.68816681621828,5.882121555265275,25.98646503301908,-0.01313051104732087,4.5,1.8,0.0,15.0,0.0,
12,12,1.2000000000000002,1203,bicycle,122.80995481003804,2.8918289725562207,29.516577828615226,-0.05025168659321325,1.8,0.6,0.0,15.0,0.0,
12,13,1.3,1200,car,13.87189492647882,0.09847660100398731,-5.044625971337366,-0.008414755740435495,4.5,1.8,0.0,15.0,0.0,
12,13,1.3,1201,car,50.777753567488965,0.5932833703383594,-3.671979151551733,0.01332350443182401,4.5,1.8,0.0,15.0,0.0,
12,13,1.3,1202,car,59.23877453011476,6.085467973182061,26.007953093519443,0.05642445182608923,4.5,1.8,0.0,15.0,0.0,
12,13,1.3,1203,bicycle,125.61599129403263,2.745344791311166,29.539580959147674,0.09274288447101366,1.8,0.6,0.0,15.0,0.0,
12,14,1.4000000000000001,1200,car,13.266438751447845,0.11281426565411551,-5.106380783572182,-0.035931129960732645,4.5,1.8,0.0,15.0,0.0,
12,14,1.4000000000000001,1201,car,50.42986678421461,0.5440222490020832,-3.7372553467102168,-0.06639588453072928,4.5,1.8,0.0,15.0,0.0,
12,14,1.4000000000000001,1202,car,61.65096902952028,6.13312635350352,26.037832144791,0.029627671827369296,4.5,1.8,0.0,15.0,0.0,
12,14,1.4000000000000001,1203,bicycle,128.47903181016088,2.8459399203685845,29.574919892523216,0.0003647203322498999,1.8,0.6,0.0,15.0,0.0,
12,15,1.5,1200,car,12.740117798764702,0.04790271875051853,-5.096772691875746,0.0808623902658999,4.5,1.8,0.0,15.0,0.0,
12,15,1.5,1201,car,50.169926911105236,0.5184012066391754,-3.7103242736214987,-0.0550715024760879,4.5,1.8,0.0,15.0,0.0,
12,15,1.5,1202,car,64.3277589617399,6.050040639236983,26.072344922854885,0.1484536095237201,4.5,1.8,0.0,15.0,0.0,
12,15,1.5,1203,bicycle,131.3795225561805,3.1382202512923874,29.599451666912366,-0.03748128166309752,1.8,0.6,0.0,15.0,0.0,
12,16,1.6,1200,car,12.150894912903686,0.2843982795353576,-5.072123257640591,-0.028307642808291927,4.5,1.8,0.0,15.0,0.0,
12,16,1.6,1201,car,49.77854842263879,0.5614787844100707,-3.7107603073821505,0.017294957313708476,4.5,1.8,0.0,15.0,0.0,
12,16,1.6,1202,car,67.11235454369081,5.937243572780716,26.10457643924308,-0.003644880234106552,4.5,1.8,0.0,15.0,0.0,
12,16,1.6,1203,bicycle,134.28956318826584,3.2454376680713817,29.52638038517813,-0.11832166790741334,1.8,0.6,0.0,15.0,0.0,
12,17,1.7000000000000002,1200,car,11.666135888615843,0.270580305548068,-5.139765620164589,-0.08552762480925169,4.5,1.8,0.0,15.0,0.0,
12,17,1.7000000000000002,1201,car,49.600535729667456,0.6077802692060387,-3.7097780212285616,0.10976224544797203,4.5,1.8,0.0,15.0,0.0,
12,17,1.7000000000000002,1202,car,69.82501843692168,6.114171249834737,26.045578742837254,-0.06086962950623423,4.5,1.8,0.0,15.0,0.0,
12,17,1.7000000000000002,1203,bicycle,137.30390875029528,3.2868875898809606,29.588863486961124,-0.08153944376563299,1.8,0.6,0.0,15.0,0.0,
12,18,1.8,1200,car,11.222519068196547,0.36950716889009744,-5.09295701682402,-0.02033471906037612,4.5,1.8,0.0,15.0,0.0,
12,18,1.8,1201,car,49.281419444704206,0.5302145600095034,-3.7244253253209183,-0.05214681696489668,4.5,1.8,0.0,15.0,0.0,
12,18,1.8,1202,car,72.35370973827153,6.090075016996825,26.02103190545536,-0.037939572152782014,4.5,1.8,0.0,15.0,0.0,
12,18,1.8,1203,bicycle,140.13283539377358,3.482997168726862,29.563835339799912,0.01649827867656147,1.8,0.6,0.0,15.0,0.0,
12,19,1.9000000000000001,1200,car,10.53732617088971,0.5052720821810391,-5.084598984299677,-0.022193727146256365,4.5,1.8,0.0,15.0,0.0,
12,19,1.9000000000000001,1201,car,48.86546280510572,0.6171555457861089,-3.872080096758158,-0.04120966693545382,4.5,1.8,0.0,15.0,0.0,
12,19,1.9000000000000001,1202,car,74.94390454505695,6.077013908873698,26.14629750363928,-0.016879673522406595,4.5,1.8,0.0,15.0,0.0,
12,19,1.9000000000000001,1203,bicycle,143.18824162695972,3.6641628873804573,29.597366044089334,-0.03369080356406692,1.8,0.6,0.0,15.0,0.0,
12,20,2.0,1200,car,9.900417513861049,0.5798141104524596,-5.002347723116855,0.02729815477645601,4.5,1.8,0.0,15.0,0.0,
12,20,2.0,1201,car,48.60159961082352,0.8763502505599176,-3.830211382538627,-0.05503164328969589,4.5,1.8,0.0,15.0,0.0,
12,20,2.0,1202,car,77.56364037197133,6.214035428225813,26.133858514091877,0.07528527974064793,4.5,1.8,0.0,15.0,0.0,
12,20,2.0,1203,bicycle,146.1412845415698,3.697597629475141,29.57982899207214,0.007976817016053742,1.8,0.6,0.0,15.0,0.0,
12,21,2.1,1200,car,9.421427484326317,0.4189599178107878,-5.0244273877459085,-0.061660404342672004,4.5,1.8,0.0,15.0,0.0,
12,21,2.1,1201,car,48.17786761183083,0.7968338735933976,-3.779620323726848,0.05116999685427556,4.5,1.8,0.0,15.0,0.0,
12,21,2.1,1202,car,80.23305563881387,6.087270505104329,26.1289517752312,-0.06735961558900626,4.5,1.8,0.0,15.0,0.0,
12,21,2.1,1203,bicycle,149.0845381021819,3.762339746198068,29.629434208217898,0.023642238992952175,1.8,0.6,0.0,15.0,0.0,
12,22,2.2,1200,car,9.044831901953131,0.4859996035775943,-5.036105401346424,0.454323496215577,4.5,1.8,0.0,15.0,0.0,
12,22,2.2,1201,car,47.89055318947581,0.7854807508340869,-3.7606712107983444,0.395924802013775,4.5,1.8,0.0,15.0,0.0,
12,22,2.2,1202,car,82.64509133611693,6.172345201388722,26.064225666141674,0.4270516811972944,4.5,1.8,0.0,15.0,0.0,
12,22,2.2,1203,bicycle,151.8939508927876,3.7314370855690546,29.607754268131114,0.47072670924617366,1.8,0.6,0.0,15.0,0.0,
12,23,2.3000000000000003,1200,car,8.487869855819895,0.4596194692401474,-5.017888147246744,0.8003209307975448,4.5,1.8,0.0,15.0,0.0,
12,23,2.3000000000000003,1201,car,47.59354212446091,0.7654097169410572,-3.7501285166913556,0.934647950070597,4.5,1.8,0.0,15.0,0.0,
12,23,2.3000000000000003,1202,car,85.22758600682766,6.272135203382208,25.981173653239793,0.76852064583463,4.5,1.8,0.0,15.0,0.0,
12,23,2.3000000000000003,1203,bicycle,154.90069838980497,3.7795642723422564,29.638475916161152,0.8324165445240672,1.8,0.6,0.0,15.0,0.0,
12,24,2.4000000000000004,1200,car,7.854278097507444,0.6803226036842602,-5.080022394417864,1.15347896652594,4.5,1.8,0.0,15.0,0.0,
12,24,2.4000000000000004,1201,car,47.2414777643452,1.0412845239233461,-3.80032233429773,1.199109284487289,4.5,1.8,0.0,15.0,0.0,
12,24,2.4000000000000004,1202,car,87.84130541903468,6.457043707341084,26.040375180723746,1.1715212986162142,4.5,1.8,0.0,15.0,0.0,
12,24,2.4000000000000004,1203,bicycle,157.9657309055474,4.0317689504065255,29.72767387510473,1.2168212268023924,1.8,0.6,0.0,15.0,0.0,
12,25,2.5,1200,car,7.36201954910092,0.7871577850495476,-5.152971731025344,1.5290386106348184,4.5,1.8,0.0,15.0,0.0,
12,25,2.5,1201,car,46.872679304538075,1.1846289224068296,-3.7704364346569883,1.470227623547417,4.5,1.8,0.0,15.0,0.0,
12,25,2.5,1202,car,90.42714551007808,6.810814286980889,26.090155118698856,1.5737457937283792,4.5,1.8,0.0,15.0,0.0,
12,25,2.5,1203,bicycle,160.97756653056013,4.149519393393433,29.639970362516895,1.5657927167883432,1.8,0.6,0.0,15.0,0.0,
12,26,2.6,1200,car,6.601879544369419,0.9402177288497386,-5.153154690500461,1.8337957788443364,4.5,1.8,0.0,15.0,0.0,
12,26,2.6,1201,car,46.7127739670859,1.5526787309783046,-3.71879584797315,1.8098889623110683,4.5,1.8,0.0,15.0,0.0,
12,26,2.6,1202,car,93.2283025546445,7.058326730924728,26.043056135711204,1.8577911461794994,4.5,1.8,0.0,15.0,0.0,
12,26,2.6,1203,bicycle,164.03742105216563,4.275247039390671,29.646996990250535,1.871979119473695,1.8,0.6,0.0,15.0,0.0,
12,27,2.7,1200,car,5.976478655165373,1.1255754050973723,-5.20442781925262,2.167103011019573,4.5,1.8,0.0,15.0,0.0,
12,27,2.7,1201,car,46.250088839730864,1.7942260624148674,-3.7883036388928297,2.0669977660771712,4.5,1.8,0.0,15.0,0.0,
12,27,2.7,1202,car,95.71442004729855,7.241736176560144,26.052075216709728,2.1419073749938184,4.5,1.8,0.0,15.0,0.0,
12,27,2.7,1203,bicycle,166.82489723801964,4.4707500620111285,29.60946838476503,2.15037853487275,1.8,0.6,0.0,15.0,0.0,
12,28,2.8000000000000003,1200,car,5.4292722401321845,1.3513815171349703,-5.241675266177773,2.425124511473991,4.5,1.8,0.0,15.0,0.0,
12,28,2.8000000000000003,1201,car,45.74290053351826,1.9881418759754246,-3.782923716229181,2.3263241028837043,4.5,1.8,0.0,15.0,0.0,
12,28,2.8000000000000003,1202,car,98.24323397069884,7.29445703551845,26.01749976916514,2.2909228839194062,4.5,1.8,0.0,15.0,0.0,
12,28,2.8000000000000003,1203,bicycle,169.95376653576744,4.931108867470381,29.60692880086525,2.2686542989795098,1.8,0.6,0.0,15.0,0.0,
12,29,2.9000000000000004,1200,car,4.978909124085645,1.5029262035306583,-5.269133818857506,2.465080877215614,4.5,1.8,0.0,15.0,0.0,
12,29,2.9000000000000004,1201,car,45.314557595874945,2.202322186353827,-3.848598813695644,2.4614226721917905,4.5,1.8,0.0,15.0,0.0,
12,29,2.9000000000000004,1202,car,100.94697837240169,7.540753677008513,26.02376546123958,2.3849109487572133,4.5,1.8,0.0,15.0,0.0,
12,29,2.9000000000000004,1203,bicycle,173.00923778170636,5.112209213981547,29.663127228583637,2.504237095484663,1.8,0.6,0.0,15.0,0.0,
12,30,3.0,1200,car,4.395790399295361,1.594415433381764,-5.160391520986103,2.6328442577146056,4.5,1.8,0.0,15.0,0.0,
12,30,3.0,1201,car,45.01600515447428,2.6434731463053134,-3.837394463084201,2.6603018966313243,4.5,1.8,0.0,15.0,0.0,
12,30,3.0,1202,car,103.50149739275096,7.8737797196980575,25.992260625868344,2.5674889542880206,4.5,1.8,0.0,15.0,0.0,
12,30,3.0,1203,bicycle,175.98525056211014,5.244737512391798,29.67959843970237,2.577083983568523,1.8,0.6,0.0,15.0,0.0,
12,31,3.1,1200,car,3.680995183917983,1.8111492448058715,-5.177644256143773,2.667641823241912,4.5,1.8,0.0,15.0,0.0,
12,31,3.1,1201,car,44.66078550341524,3.0507203830076284,-3.8113889833029595,2.597301946488286,4.5,1.8,0.0,15.0,0.0,
12,31,3.1,1202,car,106.09488751929014,8.101474916006904,26.016659268674,2.627991107373161,4.5,1.8,0.0,15.0,0.0,
12,31,3.1,1203,bicycle,178.8903544426845,5.50809755949805,29.70265747298011,2.574678923084911,1.8,0.6,0.0,15.0,0.0,
12,32,3.2,1200,car,3.1949316344680763,1.9125491245969126,-5.122365688986692,2.619040934600835,4.5,1.8,0.0,15.0,0.0,
12,32,3.2,1201,car,44.442574908647124,3.1983289284363092,-3.7547163968621367,2.639470897240643,4.5,1.8,0.0,15.0,0.0,
12,32,3.2,1202,car,108.67833024143675,8.323078770107637,25.962401965849498,2.525391409176112,4.5,1.8,0.0,15.0,0.0,
12,32,3.2,1203,bicycle,181.7854967580352,5.641788184663978,29.78244359715964,2.517579297898789,1.8,0.6,0.0,15.0,0.0,
12,33,3.3000000000000003,1200,car,2.6975846133800165,2.2057719728129013,-5.104490727389295,2.5187877857947267,4.5,1.8,0.0,15.0,0.0,
12,33,3.3000000000000003,1201,car,44.16174330070588,3.40338904772012,-3.750338864577626,2.481845279626491,4.5,1.8,0.0,15.0,0.0,
12,33,3.3000000000000003,1202,car,111.40482299714671,8.782717697982601,25.90270527784143,2.394968313144562,4.5,1.8,0.0,15.0,0.0,
12,33,3.3000000000000003,1203,bicycle,184.8206542746531,5.998477808615028,29.880292462822066,2.5334178728356105,1.8,0.6,0.0,15.0,0.0,
12,34,3.4000000000000004,1200,car,2.326713636509808,2.6056672586999787,-5.031251838807751,2.3829501515026226,4.5,1.8,0.0,15.0,0.0,
12,34,3.4000000000000004,1201,car,43.658488457953766,3.636442074735731,-3.7353369336246676,2.333901644334784,4.5,1.8,0.0,15.0,0.0,
12,34,3.4000000000000004,1202,car,113.99128292914597,9.173329716950839,25.864863693657014,2.3788447441377976,4.5,1.8,0.0,15.0,0.0,
12,34,3.4000000000000004,1203,bicycle,187.84032768342323,6.146613782290641,29.826462387909388,2.253826372320457,1.8,0.6,0.0,15.0,0.0,
12,35,3.5,1200,car,1.8721461556239096,2.8117097383832985,-5.0725407103065905,2.0298643540124335,4.5,1.8,0.0,15.0,0.0,
12,35,3.5,1201,car,43.328225854776186,3.8314363063991235,-3.7710216072172016,2.0754676140016945,4.5,1.8,0.0,15.0,0.0,
12,35,3.5,1202,car,116.55391178216934,9.43269632654819,25.848364544435945,2.064243293869412,4.5,1.8,0.0,15.0,0.0,
12,35,3.5,1203,bicycle,190.8171614267106,6.463535490039326,29.8284757674716,2.1270907873489504,1.8,0.6,0.0,15.0,0.0,
12,36,3.6,1200,car,1.332325188915433,2.908358887388307,-5.118685581124276,1.7730625972770917,4.5,1.8,0.0,15.0,0.0,"[{""type"": ""near_miss"", ""scenario_type"": ""cut_out"", ""time"": 4.0}]"
12,36,3.6,1201,car,43.06924627769318,4.063297254065377,-3.7668972652545567,1.8709344389535572,4.5,1.8,0.0,15.0,0.0,"[{""type"": ""near_miss"", ""scenario_type"": ""cut_out"", ""time"": 4.0}]"
12,36,3.6,1202,car,119.17270117623542,9.544857227584165,25.83210142797128,1.8324448667455568,4.5,1.8,0.0,15.0,0.0,"[{""type"": ""near_miss"", ""scenario_type"": ""cut_out"", ""time"": 4.0}]"
12,36,3.6,1203,bicycle,194.05115140514528,6.751171224246403,29.836869881712868,1.9244545143711718,1.8,0.6,0.0,15.0,0.0,"[{""type"": ""near_miss"", ""scenario_type"": ""cut_out"", ""time"": 4.0}]"
12,37,3.7,1200,car,0.9444254552538471,2.924600085358581,-5.1298282451780235,1.5421200674273128,4.5,1.8,0.0,15.0,0.0,"[{""type"": ""near_miss"", ""scenario_type"": ""cut_out"", ""time"": 4.0}]"
12,37,3.7,1201,car,42.75370934606593,4.195191608262909,-3.7718238210089505,1.519868845903175,4.5,1.8,0.0,15.0,0.0,"[{""type"": ""near_miss"", ""scenario_type"": ""cut_out"", ""time"": 4.0}]"
12,37,3.7,1202,car,121.86080483529106,9.554816812038135,25.810733689392915,1.450752487547937,4.5,1.8,0.0,15.0,0.0,"[{""type"": ""near_miss"", ""scenario_type"": ""cut_out"", ""time"": 4.0}]"
12,37,3.7,1203,bicycle,196.93187444900173,6.937182599610367,29.8536775962109,1.5272767026657093,1.8,0.6,0.0,15.0,0.0,"[{""type"": ""near_miss"", ""scenario_type"": ""cut_out"", ""time"": 4.0}]"
12,38,3.8000000000000003,1200,car,0.5438411453498225,3.179176880270141,-5.133289611942022,1.20424670463602,4.5,1.8,0.0,15.0,0.0,"[{""type"": ""near_miss"", ""scenario_type"": ""cut_out"", ""time"": 4.0}]"
12,38,3.8000000000000003,1201,car,42.3312725197427,4.377052886589692,-3.831526845010183,1.281516802285273,4.5,1.8,0.0,15.0,0.0,"[{""type"": ""near_miss"", ""scenario_type"": ""cut_out"", ""time"": 4.0}]"
12,38,3.8000000000000003,1202,car,124.55587673050317,9.554096682825655,25.77128276561788,1.2127875000185506,4.5,1.8,0.0,15.0,0.0,"[{""type"": ""near_miss"", ""scenario_type"": ""cut_out"", ""time"": 4.0}]"
12,38,3.8000000000000003,1203,bicycle,199.88341709825445,7.110815060664162,29.835707778860094,1.2679656497223122,1.8,0.6,0.0,15.0,0.0,"[{""type"": ""near_miss"", ""scenario_type"": ""cut_out"", ""time"": 4.0}]"
12,39,3.9000000000000004,1200,car,0.03134288342575065,3.5023493543944393,-5.103155847086381,0.7436993933218294,4.5,1.8,0.0,15.0,0.0,"[{""type"": ""near_miss"", ""scenario_type"": ""cut_out"", ""time"": 4.0}]"
12,39,3.9000000000000004,1201,car,42.156769493589,4.5680377431001675,-3.812519463756134,0.8435012830441576,4.5,1.8,0.0,15.0,0.0,"[{""type"": ""near_miss"", ""scenario_type"": ""cut_out"", ""time"": 4.0}]"
12,39,3.9000000000000004,1202,car,127.01410033060324,9.454776032815452,25.769195280242812,0.8801081271916946,4.5,1.8,0.0,15.0,0.0,"[{""type"": ""near_miss"", ""scenario_type"": ""cut_out"", ""time"": 4.0}]"
12,39,3.9000000000000004,1203,bicycle,202.9065587604673,7.3628491714285,29.901768818019704,0.8122000455735088,1.8,0.6,0.0,15.0,0.0,"[{""type"": ""near_miss"", ""scenario_type"": ""cut_out"", ""time"": 4.0}]"
12,40,4.0,1200,car,-0.36059700915016496,3.695672940052973,-5.107164945640524,0.39995169270336406,4.5,1.8,0.0,15.0,0.0,"[{""type"": ""near_miss"", ""scenario_type"": ""cut_out"", ""time"": 4.0}]"
12,40,4.0,1201,car,41.78956259594671,4.367911007400696,-3.798497868677342,0.44666236988484587,4.5,1.8,0.0,15.0,0.0,"[{""type"": ""near_miss"", ""scenario_type"": ""cut_out"", ""time"": 4.0}]"
12,40,4.0,1202,car,129.6054709677691,9.53030752192465,25.767021461462836,0.3107893762328898,4.5,1.8,0.0,15.0,0.0,"[{""type"": ""near_miss"", ""scenario_type"": ""cut_out"", ""time"": 4.0}]"
12,40,4.0,1203,bicycle,206.06299511835962,7.367130333761389,29.870880311643194,0.47853960965319653,1.8,0.6,0.0,15.0,0.0,"[{""type"": ""near_miss"", ""scenario_type"": ""cut_out"", ""time"": 4.0}]"
12,41,4.1000000000000005,1200,car,-0.773443456868096,3.7229795256505507,-5.068696459485545,-0.057749416784524124,4.5,1.8,0.0,15.0,0.0,"[{""type"": ""near_miss"", ""scenario_type"": ""cut_out"", ""time"": 4.0}]"
12,41,4.1000000000000005,1201,car,41.40162337167702,4.497389418346422,-3.83235495963385,-0.04991666524968757,4.5,1.8,0.0,15.0,0.0,"[{""type"": ""near_miss"", ""scenario_type"": ""cut_out"", ""time"": 4.0}]"
12,41,4.1000000000000005,1202,car,132.19003350919905,9.540513223034429,25.799400066454837,-0.06890762186198222,4.5,1.8,0.0,15.0,0.0,"[{""type"": ""near_miss"", ""scenario_type"": ""cut_out"", ""time"": 4.0}]"
12,41,4.1000000000000005,1203,bicycle,208.79514547248388,7.459253526505275,29.81673121298296,-0.030499518059059427,1.8,0.6,0.0,15.0,0.0,"[{""type"": ""near_miss"", ""scenario_type"": ""cut_out"", ""time"": 4.0}]"
12,42,4.2,1200,car,-1.4986366510120461,3.8252707938531065,-5.051179548281918,0.015509727202547414,4.5,1.8,0.0,15.0,0.0,"[{""type"": ""near_miss"", ""scenario_type"": ""cut_out"", ""time"": 4.0}]"
12,42,4.2,1201,car,41.04873338413259,4.291373202943273,-3.8816132590542454,-0.02258635552230978,4.5,1.8,0.0,15.0,0.0,"[{""type"": ""near_miss"", ""scenario_type"": ""cut_out"", ""time"": 4.0}]"
12,42,4.2,1202,car,134.6950992387309,9.513362068069808,25.811710051588776,0.050321915812759556,4.5,1.8,0.0,15.0,0.0,"[{""type"": ""near_miss"", ""scenario_type"": ""cut_out"", ""time"": 4.0}]"
12,42,4.2,1203,bicycle,211.6287981910781,7.458369987825428,29.852308396929146,-0.04620415849859098,1.8,0.6,0.0,15.0,0.0,"[{""type"": ""near_miss"", ""scenario_type"": ""cut_out"", ""time"": 4.0}]"
12,43,4.3,1200,car,-2.0230378832170257,3.8719260054018414,-5.050619105307942,0.03370988802830317,4.5,1.8,0.0,15.0,0.0,"[{""type"": ""near_miss"", ""scenario_type"": ""cut_out"", ""time"": 4.0}]"
12,43,4.3,1201,car,40.670041872932124,4.260186948976848,-3.940248746797439,0.012358427820683176,4.5,1.8,0.0,15.0,0.0,"[{""type"": ""near_miss"", ""scenario_type"": ""cut_out"", ""time"": 4.0}]"
12,43,4.3,1202,car,137.28626752163902,9.414078865289248,25.84081284283104,0.06339617531700101,4.5,1.8,0.0,15.0,0.0,"[{""type"": ""near_miss"", ""scenario_type"": ""cut_out"", ""time"": 4.0}]"
12,43,4.3,1203,bicycle,214.54801972397462,7.385606773397632,29.814100969083082,-0.08393307760936297,1.8,0.6,0.0,15.0,0.0,"[{""type"": ""near_miss"", ""scenario_type"": ""cut_out"", ""time"": 4.0}]"
12,44,4.4,1200,car,-2.3276516250603105,3.8270374673502645,-5.093541814178654,-0.05633875234946713,4.5,1.8,0.0,15.0,0.0,"[{""type"": ""near_miss"", ""scenario_type"": ""cut_out"", ""time"": 4.0}]"
12,44,4.4,1201,car,40.23722025161298,4.190666012310516,-3.8683450874594114,-0.06243689080319026,4.5,1.8,0.0,15.0,0.0,"[{""type"": ""near_miss"", ""scenario_type"": ""cut_out"", ""time"": 4.0}]"
12,44,4.4,1202,car,139.7164953827933,9.46925727351799,25.835452518015572,-0.011147241813955778,4.5,1.8,0.0,15.0,0.0,"[{""type"": ""near_miss"", ""scenario_type"": ""cut_out"", ""time"": 4.0}]"
12,44,4.4,1203,bicycle,217.58539344551338,7.399277937127086,29.81176008974007,-0.07028230509618202,1.8,0.6,0.0,15.0,0.0,"[{""type"": ""near_miss"", ""scenario_type"": ""cut_out"", ""time"": 4.0}]"
12,45,4.5,1200,car,-3.003815321445359,3.75699462922121,-5.147760061223601,0.013460289926159351,4.5,1.8,0.0,15.0,0.0,
12,45,4.5,1201,car,39.670514251796064,4.145950003016993,-3.8769988303760003,-0.00198276397658098,4.5,1.8,0.0,15.0,0.0,
12,45,4.5,1202,car,142.33993706086582,9.436603254168894,25.80207791781755,0.06222400752248957,4.5,1.8,0.0,15.0,0.0,
12,45,4.5,1203,bicycle,220.5345661856328,7.541190973882516,29.795503727267853,-0.000813483163489876,1.8,0.6,0.0,15.0,0.0,
12,46,4.6000000000000005,1200,car,-3.532466062317892,3.7801164900844424,-5.168752470968399,0.0048067486872874566,4.5,1.8,0.0,15.0,0.0,
12,46,4.6000000000000005,1201,car,39.435895771418025,4.250835181989449,-3.8242119131950236,-0.06709652859137501,4.5,1.8,0.0,15.0,0.0,
12,46,4.6000000000000005,1202,car,144.80213285847748,9.458378346444594,25.840614814090344,-0.025956777622072536,4.5,1.8,0.0,15.0,0.0,
12,46,4.6000000000000005,1203,bicycle,223.44435807198394,7.680575274149812,29.829797560605535,0.05289933403647532,1.8,0.6,0.0,15.0,0.0,
12,47,4.7,1200,car,-4.093486315258055,3.728114431352858,-5.121307940735241,-0.013136293012794934,4.5,1.8,0.0,15.0,0.0,
12,47,4.7,1201,car,38.99238887715932,4.159515538350927,-3.8497766701770026,0.043754177572933824,4.5,1.8,0.0,15.0,0.0,
12,47,4.7,1202,car,147.23522785421372,9.521283593278985,25.805203876153037,-0.010515019739347195,4.5,1.8,0.0,15.0,0.0,
12,47,4.7,1203,bicycle,226.41271326998276,7.658500786986081,29.81544117910976,-0.022217796692059866,1.8,0.6,0.0,15.0,0.0,
12,48,4.800000000000001,1200,car,-4.66275962672572,3.8600917860494053,-5.120055474931744,-0.006297414661247386,4.5,1.8,0.0,15.0,0.0,
12,48,4.800000000000001,1201,car,38.54294593790641,4.118721156237859,-3.881835230595071,0.03826720859572505,4.5,1.8,0.0,15.0,0.0,
12,48,4.800000000000001,1202,car,149.74038833318193,9.296659006114163,25.808119278026282,-0.01396954137851046,4.5,1.8,0.0,15.0,0.0,
12,48,4.800000000000001,1203,bicycle,229.335678566213,7.749656398980851,29.678765198957354,0.07881220324849453,1.8,0.6,0.0,15.0,0.0,
12,49,4.9,1200,car,-5.069297398174145,3.7972864597299236,-5.142594688515895,0.025219347573134456,4.5,1.8,0.0,15.0,0.0,
12,49,4.9,1201,car,38.207884013831,4.055332970480703,-3.962674068288284,0.10568463606010021,4.5,1.8,0.0,15.0,0.0,
12,49,4.9,1202,car,152.41681266597809,9.312344308943599,25.816908040488286,0.031065851424826065,4.5,1.8,0.0,15.0,0.0,
12,49,4.9,1203,bicycle,232.37766141471323,7.541019731232054,29.661221599989087,-0.02274149781021627,1.8,0.6,0.0,15.0,0.0,
12,50,5.0,1200,car,-5.5997003328759325,3.874365854044105,-5.232098698388761,-0.06745711927816886,4.5,1.8,0.0,15.0,0.0,
12,50,5.0,1201,car,37.743442103348606,4.070767483127359,-3.9210677876212654,0.08156617097805785,4.5,1.8,0.0,15.0,0.0,
12,50,5.0,1202,car,154.96986805003849,9.395392399906097,25.852416164401575,0.02708345755350651,4.5,1.8,0.0,15.0,0.0,
12,50,5.0,1203,bicycle,235.34135548072834,7.501066537388003,29.607951633458956,-0.05657964330608614,1.8,0.6,0.0,15.0,0.0,
12,51,5.1000000000000005,1200,car,-6.088202020365008,3.8689236030159133,-5.25287406728077,0.03324043131484044,4.5,1.8,0.0,15.0,0.0,
12,51,5.1000000000000005,1201,car,37.3312864078776,3.9794495677488357,-3.9343926910727745,0.04103149236039967,4.5,1.8,0.0,15.0,0.0,
12,51,5.1000000000000005,1202,car,157.45275834126105,9.416320081659851,25.84964487718188,-0.03804049456847271,4.5,1.8,0.0,15.0,0.0,
12,51,5.1000000000000005,1203,bicycle,238.27281542537028,7.343898236510138,29.61343364316682,-0.06823664916986798,1.8,0.6,0.0,15.0,0.0,
12,52,5.2,1200,car,-6.506245705370806,3.8597263607124943,-5.281464750109233,0.058027966402822664,4.5,1.8,0.0,15.0,0.0,
12,52,5.2,1201,car,36.83466225434785,3.904681277165302,-4.025855024174357,0.06547531521663885,4.5,1.8,0.0,15.0,0.0,
12,52,5.2,1202,car,160.22500939863855,9.248960683840645,25.808856255151046,0.003490679075402589,4.5,1.8,0.0,15.0,0.0,
12,52,5.2,1203,bicycle,241.1825893759861,7.340766735895848,29.607553746081308,0.02037759300891523,1.8,0.6,0.0,15.0,0.0,
12,53,5.300000000000001,1200,car,-7.130488729777124,3.8789923257369185,-5.337271121254693,-0.020592895801578668,4.5,1.8,0.0,15.0,0.0,
12,53,5.300000000000001,1201,car,36.25840161917941,3.864226458020145,-4.0544919033197555,0.047178967836933094,4.5,1.8,0.0,15.0,0.0,
12,53,5.300000000000001,1202,car,162.7999690169217,9.261211007151026,25.807733653726185,-0.10645544222029411,4.5,1.8,0.0,15.0,0.0,
12,53,5.300000000000001,1203,bicycle,243.9436501245771,7.308898972557767,29.621481745489998,-0.011743259636005613,1.8,0.6,0.0,15.0,0.0,
12,54,5.4,1200,car,-7.750621739395939,3.8549610138003483,-5.353625397956913,0.03895016244411867,4.5,1.8,0.0,15.0,0.0,
12,54,5.4,1201,car,35.92525442703401,3.808885005255781,-4.056988116012216,0.013809964309620441,4.5,1.8,0.0,15.0,0.0,
12,54,5.4,1202,car,165.42320682183836,9.42647081623007,25.806326272159104,0.058437240210325925,4.5,1.8,0.0,15.0,0.0,
12,54,5.4,1203,bicycle,246.78978999136174,7.245131590102696,29.51469052463943,0.007565327000486774,1.8,0.6,0.0,15.0,0.0,
12,55,5.5,1200,car,-8.221231883705748,3.599422502825705,-5.344211079577371,0.030210517361592245,4.5,1.8,0.0,15.0,0.0,
12,55,5.5,1201,car,35.57427937506664,3.6892988932523165,-4.018332117357604,0.00046522486926993726,4.5,1.8,0.0,15.0,0.0,
12,55,5.5,1202,car,168.06294321094595,9.413885027145367,25.825378140511877,0.055461790002038894,4.5,1.8,0.0,15.0,0.0,
12,55,5.5,1203,bicycle,249.72085683841544,7.2735420709923675,29.57717895940227,-0.006661508240487907,1.8,0.6,0.0,15.0,0.0,
12,56,5.6000000000000005,1200,car,-8.86819260820527,3.6670268152413046,-5.272467199046902,0.06443917564087805,4.5,1.8,0.0,15.0,0.0,
12,56,5.6000000000000005,1201,car,35.24394493996376,3.4548831348431412,-4.050123753707419,-0.02923002438294014,4.5,1.8,0.0,15.0,0.0,
12,56,5.6000000000000005,1202,car,170.64996786417996,9.582711510589434,25.771351058834018,0.11211010442982153,4.5,1.8,0.0,15.0,0.0,
12,56,5.6000000000000005,1203,bicycle,252.64034193802823,7.196851939645023,29.61943919501786,0.04621521334120629,1.8,0.6,0.0,15.0,0.0,
12,57,5.7,1200,car,-9.330444637007586,3.590081268560704,-5.247365792659949,-0.05167788719503289,4.5,1.8,0.0,15.0,0.0,
12,57,5.7,1201,car,34.75920797819499,3.4453961184327153,-4.091121933702475,0.05263741239393163,4.5,1.8,0.0,15.0,0.0,
12,57,5.7,1202,car,173.1692862168724,9.560665888761324,25.727341144750316,0.051880490571083286,4.5,1.8,0.0,15.0,0.0,
12,57,5.7,1203,bicycle,255.53567316009503,7.311053049919498,29.672866374281973,-0.022297047547262444,1.8,0.6,0.0,15.0,0.0,
12,58,5.800000000000001,1200,car,-9.852214435447479,3.542710370903909,-5.2200796928971,-0.009723565566445038,4.5,1.8,0.0,15.0,0.0,
12,58,5.800000000000001,1201,car,34.30834771844747,3.45001403475672,-4.170232721878769,-0.0037924122402539146,4.5,1.8,0.0,15.0,0.0,
12,58,5.800000000000001,1202,car,175.80698152836135,9.57447132678744,25.774923973036557,-0.018864904393038784,4.5,1.8,0.0,15.0,0.0,
12,58,5.800000000000001,1203,bicycle,258.45703072629055,7.199321149521881,29.652579129104538,0.0982946312482185,1.8,0.6,0.0,15.0,0.0,
12,59,5.9,1200,car,-10.346668068218545,3.484156749324087,-5.270386789800453,-0.07992653628829612,4.5,1.8,0.0,15.0,0.0,
12,59,5.9,1201,car,33.808285089318865,3.525933385610584,-4.1915843105408666,-0.04790858740712858,4.5,1.8,0.0,15.0,0.0,
12,59,5.9,1202,car,178.29965554726158,9.639419406781434,25.770860819267476,-0.031360220710505475,4.5,1.8,0.0,15.0,0.0,
12,59,5.9,1203,bicycle,261.3914498022455,7.419909462076625,29.71356028281482,0.0734312664834924,1.8,0.6,0.0,15.0,0.0,
12,60,6.0,1200,car,-11.04891714176156,3.4690465215403927,-5.302626244757997,0.0271920097916923,4.5,1.8,0.0,15.0,0.0,
12,60,6.0,1201,car,33.49510734611,3.5585760069025882,-4.235207812673839,-0.033050666899861775,4.5,1.8,0.0,15.0,0.0,
12,60,6.0,1202,car,180.93879871580162,9.711426724102376,25.777908437889348,0.006489545969478543,4.5,1.8,0.0,15.0,0.0,
12,60,6.0,1203,bicycle,264.3678180841039,7.446819117851348,29.74935833157341,0.031508285361826475,1.8,0.6,0.0,15.0,0.0,
12,61,6.1000000000000005,1200,car,-11.576821222849018,3.464141579807659,-5.306991160211485,-0.0390165322099882,4.5,1.8,0.0,15.0,0.0,
12,61,6.1000000000000005,1201,car,32.99228374990944,3.6129716343828995,-4.270851256993567,0.04069669339565119,4.5,1.8,0.0,15.0,0.0,
12,61,6.1000000000000005,1202,car,183.51145528848699,9.793386249945891,25.80975637806709,0.04214649623860389,4.5,1.8,0.0,15.0,0.0,
12,61,6.1000000000000005,1203,bicycle,267.29511734161105,7.487709062899252,29.78625273105083,-0.07756633496997162,1.8,0.6,0.0,15.0,0.0,
12,62,6.2,1200,car,-11.937350994115281,3.690736884419066,-5.259626745486594,0.040294038106499584,4.5,1.8,0.0,15.0,0.0,
12,62,6.2,1201,car,32.624074483956036,3.5806283002142267,-4.276359767556993,0.04822024476802644,4.5,1.8,0.0,15.0,0.0,
12,62,6.2,1202,car,185.99510920680706,9.687314558632979,25.789889918629964,0.03281265874477542,4.5,1.8,0.0,15.0,0.0,
12,62,6.2,1203,bicycle,270.1871489988887,7.465167456207516,29.78091895084823,-0.05059346193172285,1.8,0.6,0.0,15.0,0.0,
12,63,6.300000000000001,1200,car,-12.707290460342511,3.588085630477186,-5.2465824196207596,0.024307173413873673,4.5,1.8,0.0,15.0,0.0,
12,63,6.300000000000001,1201,car,32.245874805586475,3.6415855396985406,-4.307679512583865,-0.04203045624935937,4.5,1.8,0.0,15.0,0.0,
12,63,6.300000000000001,1202,car,188.61160399915514,9.666139551609284,25.83524384975727,0.019068678216877456,4.5,1.8,0.0,15.0,0.0,
12,63,6.300000000000001,1203,bicycle,273.2936229502568,7.4186138257749565,29.834295663353622,0.10173379485691592,1.8,0.6,0.0,15.0,0.0,
12,64,6.4,1200,car,-13.226574446143823,3.6380162981712627,-5.293108834055684,0.044702826294116926,4.5,1.8,0.0,15.0,0.0,
12,64,6.4,1201,car,31.92801267128052,3.5921402212918796,-4.278371534030123,0.014023636942230248,4.5,1.8,0.0,15.0,0.0,
12,64,6.4,1202,car,191.23420691315846,9.747341525685812,25.861188825207243,-0.006949391308642132,4.5,1.8,0.0,15.0,0.0,
12,64,6.4,1203,bicycle,276.3603821521352,7.529799434727418,29.80658594165262,-8.995635232877757e-05,1.8,0.6,0.0,15.0,0.0,
12,65,6.5,1200,car,-13.932754610071482,3.696376102924384,-5.231952955242471,-0.012864761374463064,4.5,1.8,0.0,15.0,0.0,
12,65,6.5,1201,car,31.513519133660978,3.5701206477974856,-4.297566345223917,0.011608564342329791,4.5,1.8,0.0,15.0,0.0,
12,65,6.5,1202,car,193.74190154177643,9.723813832041468,25.81596127880195,0.02945382929248383,4.5,1.8,0.0,15.0,0.0,
12,65,6.5,1203,bicycle,279.36496455832724,7.486675642988926,29.80843987893374,-0.011036262788817431,1.8,0.6,0.0,15.0,0.0,
12,66,6.6000000000000005,1200,car,-14.341560388538465,3.6522748713900413,-5.200200706970876,-0.03526036426541466,4.5,1.8,0.0,15.0,0.0,
12,66,6.6000000000000005,1201,car,31.165186339176575,3.6738512077978465,-4.243341030594189,0.07355084455693488,4.5,1.8,0.0,15.0,0.0,
12,66,6.6000000000000005,1202,car,196.35274216966454,9.847608502207793,25.89717027641797,-0.0561026181942252,4.5,1.8,0.0,15.0,0.0,
12,66,6.6000000000000005,1203,bicycle,282.28548473204427,7.337105572037214,29.86149708516998,-0.07542661336941714,1.8,0.6,0.0,15.0,0.0,
12,67,6.7,1200,car,-15.039564693283623,3.542535603300525,-5.287116307497098,0.013607901491271593,4.5,1.8,0.0,15.0,0.0,
12,67,6.7,1201,car,30.63239797157856,3.504822916597468,-4.245434696599448,0.0008556014223523429,4.5,1.8,0.0,15.0,0.0,
12,67,6.7,1202,car,198.75548088755772,9.77623838486074,25.89343833881932,-0.01784116367349436,4.5,1.8,0.0,15.0,0.0,
12,67,6.7,1203,bicycle,285.238686117856,7.455034269910826,29.96882432478616,-0.015664924299090107,1.8,0.6,0.0,15.0,0.0,
12,68,6.800000000000001,1200,car,-15.700464477291309,3.5190772934391434,-5.277401652326122,-0.0026639272384921457,4.5,1.8,0.0,15.0,0.0,
12,68,6.800000000000001,1201,car,30.268923613741055,3.7260138416170894,-4.3310907394534635,-0.02535398335169021,4.5,1.8,0.0,15.0,0.0,
12,68,6.800000000000001,1202,car,201.4989390391758,9.724033828834157,25.93291301409804,0.03154503486738294,4.5,1.8,0.0,15.0,0.0,
12,68,6.800000000000001,1203,bicycle,288.359256536016,7.646368244326778,29.985477960141186,-0.08729148927099523,1.8,0.6,0.0,15.0,0.0,
12,69,6.9,1200,car,-16.298245360150332,3.7376825800985047,-5.348111542795371,0.02484032845952866,4.5,1.8,0.0,15.0,0.0,
12,69,6.9,1201,car,29.58436361738889,3.5908911234281384,-4.2867438753834675,0.0017980460164877866,4.5,1.8,0.0,15.0,0.0,
12,69,6.9,1202,car,204.0545861580468,9.642598226398666,25.833085887116287,0.03467029431133189,4.5,1.8,0.0,15.0,0.0,
12,69,6.9,1203,bicycle,291.3294895950644,7.4941817268754125,29.9869874171167,0.029062400770506404,1.8,0.6,0.0,15.0,0.0,
12,70,7.0,1200,car,-16.853123883442407,3.7492818484297468,-5.3462052020209985,-0.0353397404314088,4.5,1.8,0.0,15.0,0.0,
12,70,7.0,1201,car,29.161115191180528,3.6644128165605325,-4.2350116917171885,0.03953646692946717,4.5,1.8,0.0,15.0,0.0,
12,70,7.0,1202,car,206.57038494363482,9.706219481555644,25.856359208483113,-0.035485439622259765,4.5,1.8,0.0,15.0,0.0,
12,70,7.0,1203,bicycle,294.2817570630221,7.562151037140167,30.055832824757022,-0.09058359489902494,1.8,0.6,0.0,15.0,0.0,
12,71,7.1000000000000005,1200,car,-17.223738279807577,3.865697816020564,-5.336249277012697,-0.012035831167899913,4.5,1.8,0.0,15.0,0.0,
12,71,7.1000000000000005,1201,car,28.776657366930724,3.6003562804946356,-4.243896442714522,-0.07375134757194897,4.5,1.8,0.0,15.0,0.0,
12,71,7.1000000000000005,1202,car,208.9818685687763,9.939450145026232,25.85951296940353,0.01018445105011834,4.5,1.8,0.0,15.0,0.0,
12,71,7.1000000000000005,1203,bicycle,297.2842670661867,7.479373635192077,30.04047971926886,0.004559434698417531,1.8,0.6,0.0,15.0,0.0,
12,72,7.2,1200,car,-17.77702703526404,3.790477543251116,-5.312274837351494,0.009418234593407168,4.5,1.8,0.0,15.0,0.0,
12,72,7.2,1201,car,28.39155849983364,3.6708607616966193,-4.252422638329436,-0.008444397014073903,4.5,1.8,0.0,15.0,0.0,
12,72,7.2,1202,car,211.71606512194185,9.84504862413532,25.76583138199231,0.027776935102874014,4.5,1.8,0.0,15.0,0.0,
12,72,7.2,1203,bicycle,300.22538002862615,7.371638539462732,30.08474162012348,-0.007238419187957902,1.8,0.6,0.0,15.0,0.0,
12,73,7.300000000000001,1200,car,-18.434610924762374,3.9839721551520717,-5.392809150571364,-0.004333919616804985,4.5,1.8,0.0,15.0,0.0,
12,73,7.300000000000001,1201,car,27.777388558515977,3.697926585081842,-4.284478073339956,0.040963740766468484,4.5,1.8,0.0,15.0,0.0,
12,73,7.300000000000001,1202,car,214.2909096215104,9.980109402036003,25.744345686122113,-0.08022721780729589,4.5,1.8,0.0,15.0,0.0,
12,73,7.300000000000001,1203,bicycle,303.2576057959412,7.346382791416812,29.993778626054606,-0.05276901380428552,1.8,0.6,0.0,15.0,0.0,
12,74,7.4,1200,car,-19.04760508436716,4.1395104941921455,-5.357436860592865,-0.017386758139636735,4.5,1.8,0.0,15.0,0.0,
12,74,7.4,1201,car,27.396027724169205,3.4939805970958373,-4.312723378897356,0.02004976895041813,4.5,1.8,0.0,15.0,0.0,
12,74,7.4,1202,car,216.88188182076215,9.926173787445643,25.742430279515563,0.016905425235600905,4.5,1.8,0.0,15.0,0.0,
12,74,7.4,1203,bicycle,306.2560479925298,7.43248318710916,30.009713731548988,0.025562023521483956,1.8,0.6,0.0,15.0,0.0,
12,75,7.5,1200,car,-19.411993291603437,4.222261127488652,-5.2703889382738165,-0.033595718311009,4.5,1.8,0.0,15.0,0.0,
12,75,7.5,1201,car,26.805513998994915,3.4799525180247466,-4.324003196981225,0.07297070761946779,4.5,1.8,0.0,15.0,0.0,
12,75,7.5,1202,car,219.34312040544802,9.918285891399648,25.762689247817708,0.005005125199217924,4.5,1.8,0.0,15.0,0.0,
12,75,7.5,1203,bicycle,309.2398664009608,7.468340032429794,30.06366861309459,0.0767872735611331,1.8,0.6,0.0,15.0,0.0,
12,76,7.6000000000000005,1200,car,-19.93575146468521,4.140676552129196,-5.193662233569148,-0.053881672336774517,4.5,1.8,0.0,15.0,0.0,
12,76,7.6000000000000005,1201,car,26.552171563608308,3.6143660545166196,-4.249533257409782,0.03426954279865428,4.5,1.8,0.0,15.0,0.0,
12,76,7.6000000000000005,1202,car,221.708140326216,9.814373808292094,25.77803365885236,-0.03378234992754666,4.5,1.8,0.0,15.0,0.0,
12,76,7.6000000000000005,1203,bicycle,312.2147052744365,7.529620850512387,30.055169898843157,-0.060951030216217,1.8,0.6,0.0,15.0,0.0,
12,77,7.7,1200,car,-20.36655181672827,4.192166829644568,-5.206112030718126,0.03556330920523367,4.5,1.8,0.0,15.0,0.0,
12,77,7.7,1201,car,26.136722944177087,3.747502173758144,-4.241972863131907,0.06619638332903398,4.5,1.8,0.0,15.0,0.0,
12,77,7.7,1202,car,224.09857841396374,9.860295710613277,25.75814056901832,-0.0429525494171752,4.5,1.8,0.0,15.0,0.0,
12,77,7.7,1203,bicycle,315.3360723222613,7.6185295937000195,29.954846064388533,0.03577478176582327,1.8,0.6,0.0,15.0,0.0,
12,78,7.800000000000001,1200,car,-20.827748215159488,4.119859678978803,-5.247877228066284,-0.07952876122992039,4.5,1.8,0.0,15.0,0.0,
12,78,7.800000000000001,1201,car,25.6787724681402,3.7297534199274875,-4.202123024113981,0.013469018225027898,4.5,1.8,0.0,15.0,0.0,
12,78,7.800000000000001,1202,car,226.56840165933514,9.884183143107762,25.745438298048125,-0.04674131068322227,4.5,1.8,0.0,15.0,0.0,
12,78,7.800000000000001,1203,bicycle,318.17260620432296,7.68100992720257,29.977165921862508,0.027838451414045357,1.8,0.6,0.0,15.0,0.0,
12,79,7.9,1200,car,-21.425360381315294,4.13696766518898,-5.316645435419646,-0.04932914059259402,4.5,1.8,0.0,15.0,0.0,
12,79,7.9,1201,car,25.261933385703635,3.7559887229597053,-4.283563918910949,-0.052877235715131914,4.5,1.8,0.0,15.0,0.0,
12,79,7.9,1202,car,229.1064062055316,9.98003501639879,25.704783160404816,0.007028764139753903,4.5,1.8,0.0,15.0,0.0,
12,79,7.9,1203,bicycle,321.19486206057263,7.656040744630223,29.99056692377048,-0.06724584022818735,1.8,0.6,0.0,15.0,0.0,
12,80,8.0,1200,car,-22.022603644713453,4.280403650935869,-5.241407190319766,0.042146037263845165,4.5,1.8,0.0,15.0,0.0,
12,80,8.0,1201,car,24.943616212807903,3.573397637355729,-4.330998713175628,-0.015555078483905596,4.5,1.8,0.0,15.0,0.0,
12,80,8.0,1202,car,231.9184487142135,9.948726618948147,25.742028375385974,0.018918601412742344,4.5,1.8,0.0,15.0,0.0,
12,80,8.0,1203,bicycle,324.2295310990228,7.6536876822765025,29.930565282259174,-0.13505819567427577,1.8,0.6,0.0,15.0,0.0,
12,81,8.1,1200,car,-22.418560115541855,4.218753872310115,-5.334762850068318,0.02189805105014646,4.5,1.8,0.0,15.0,0.0,
12,81,8.1,1201,car,24.552395282397246,3.650186868503866,-4.275212928085709,-0.0459493184639809,4.5,1.8,0.0,15.0,0.0,
12,81,8.1,1202,car,234.40515338108526,9.916856292108399,25.78311038458873,-0.1051319496906193,4.5,1.8,0.0,15.0,0.0,
12,81,8.1,1203,bicycle,327.2354082608578,7.746899864724569,29.97510810461008,0.03542807924186666,1.8,0.6,0.0,15.0,0.0,
12,82,8.200000000000001,1200,car,-22.84573634852413,3.9440356016585456,-5.254089415589704,0.016520247678668738,4.5,1.8,0.0,15.0,0.0,
12,82,8.200000000000001,1201,car,24.258339116756474,3.532723420812528,-4.362904270315142,0.08931888425028199,4.5,1.8,0.0,15.0,0.0,
12,82,8.200000000000001,1202,car,236.89081223608218,9.88577140164509,25.809483116611855,0.03864433301442579,4.5,1.8,0.0,15.0,0.0,
12,82,8.200000000000001,1203,bicycle,330.3407607008052,7.76923848146365,29.922392643457126,0.03533163162521105,1.8,0.6,0.0,15.0,0.0,
12,83,8.3,1200,car,-23.29888968444309,3.762532112539924,-5.1831551735070365,-0.12435378062801437,4.5,1.8,0.0,15.0,0.0,
12,83,8.3,1201,car,23.925490253384343,3.4693124240067457,-4.327628796250965,0.025509710264960125,4.5,1.8,0.0,15.0,0.0,
12,83,8.3,1202,car,239.46804829285279,9.930880065583123,25.805160683841155,0.03569754132850613,4.5,1.8,0.0,15.0,0.0,
12,83,8.3,1203,bicycle,333.55152714136244,7.6351145824001625,29.762985327060218,-0.020783713347295726,1.8,0.6,0.0,15.0,0.0,
12,84,8.4,1200,car,-23.865607791785198,3.7247752950001263,-5.229477121203417,0.04362170846007957,4.5,1.8,0.0,15.0,0.0,
12,84,8.4,1201,car,23.35459442817108,3.5143899345789116,-4.295705515358113,0.015823295352030597,4.5,1.8,0.0,15.0,0.0,
12,84,8.4,1202,car,242.0972786888195,10.025806791155869,25.807838947954,-0.017324830686282638,4.5,1.8,0.0,15.0,0.0,
12,84,8.4,1203,bicycle,336.57646271793095,7.695151206161362,29.807469378121155,-0.08561963799452393,1.8,0.6,0.0,15.0,0.0,
12,85,8.5,1200,car,-24.406908655973997,3.618238466257724,-5.201428879872816,0.036335458566888114,4.5,1.8,0.0,15.0,0.0,
12,85,8.5,1201,car,22.89758260851956,3.441463136383068,-4.265857338611808,-0.006662115849647947,4.5,1.8,0.0,15.0,0.0,
12,85,8.5,1202,car,244.82070924982722,10.203102096570818,25.857874500385744,0.011632870302405176,4.5,1.8,0.0,15.0,0.0,
12,85,8.5,1203,bicycle,339.73976714436134,7.719223235219342,29.783509683600375,-0.03376702182180353,1.8,0.6,0.0,15.0,0.0,
12,86,8.6,1200,car,-24.99740170020639,3.617601491524218,-5.178274539064703,-0.07075784697429591,4.5,1.8,0.0,15.0,0.0,
12,86,8.6,1201,car,22.426104281901612,3.4627482377778076,-4.233676025153764,-0.0012961376039910696,4.5,1.8,0.0,15.0,0.0,
12,86,8.6,1202,car,247.4309475132486,10.079249855871764,25.81228516350187,-0.0030430918642036626,4.5,1.8,0.0,15.0,0.0,
12,86,8.6,1203,bicycle,342.7691732242404,7.742353564437528,29.74106846427227,-0.011828099677409724,1.8,0.6,0.0,15.0,0.0,
12,87,8.700000000000001,1200,car,-25.364045319825177,3.672027314783874,-5.186401191232523,-0.051291838085982346,4.5,1.8,0.0,15.0,0.0,
12,87,8.700000000000001,1201,car,21.931399567672226,3.4634072740012147,-4.219878670223764,0.028278172255077956,4.5,1.8,0.0,15.0,0.0,
12,87,8.700000000000001,1202,car,250.0509745880377,10.042226219644895,25.78672991853224,0.10234944411448338,4.5,1.8,0.0,15.0,0.0,
12,87,8.700000000000001,1203,bicycle,345.6876333384748,7.613183194907738,29.659132590369648,-0.017659444356485594,1.8,0.6,0.0,15.0,0.0,
12,88,8.8,1200,car,-25.788687056881745,3.6144325458497546,-5.11252546413536,-0.0003640772569278229,4.5,1.8,0.0,15.0,0.0,
12,88,8.8,1201,car,21.620367507324524,3.3876351607484585,-4.256989506619754,0.004552285166498642,4.5,1.8,0.0,15.0,0.0,
12,88,8.8,1202,car,252.6779030465254,10.0243304953883,25.80135319106628,0.029424297672511618,4.5,1.8,0.0,15.0,0.0,
12,88,8.8,1203,bicycle,348.51149602953444,7.579089449988825,29.63319846391666,-0.02350610788104343,1.8,0.6,0.0,15.0,0.0,
12,89,8.9,1200,car,-26.259251830443446,3.5639536022915284,-5.212779345945952,-0.011825932591716264,4.5,1.8,0.0,15.0,0.0,
12,89,8.9,1201,car,21.088227953536716,3.4372683588667132,-4.216704657027068,-0.10874144300116835,4.5,1.8,0.0,15.0,0.0,
12,89,8.9,1202,car,255.18061515862797,10.05966779773022,25.730909434306202,0.03913304385901052,4.5,1.8,0.0,15.0,0.0,
12,89,8.9,1203,bicycle,351.5797475294123,7.562887886599501,29.594502883940738,-0.11552838127376563,1.8,0.6,0.0,15.0,0.0,
12,90,9.0,1200,car,-26.69912723556193,3.764207300159164,-5.122996786029194,-0.00974867587452525,4.5,1.8,0.0,15.0,0.0,
12,90,9.0,1201,car,20.55728990606222,3.5210307814995265,-4.2230480958346694,0.02390658618217092,4.5,1.8,0.0,15.0,0.0,
12,90,9.0,1202,car,257.78398127238825,10.0689681441482,25.78233512448033,0.0532834034515309,4.5,1.8,0.0,15.0,0.0,
12,90,9.0,1203,bicycle,354.48692904933523,7.470576639460859,29.46954709196323,-0.017308068004989706,1.8,0.6,0.0,15.0,0.0,
12,91,9.1,1200,car,-27.320759430015983,3.806126992058873,-5.1397901327714655,-0.011371432514864749,4.5,1.8,0.0,15.0,0.0,
12,91,9.1,1201,car,20.21618170605394,3.560756249502901,-4.228882598831502,0.08432128379676296,4.5,1.8,0.0,15.0,0.0,
12,91,9.1,1202,car,260.43602967646956,10.027382058773787,25.76377246118272,0.03941898467520179,4.5,1.8,0.0,15.0,0.0,
12,91,9.1,1203,bicycle,357.4541683283695,7.358460668427461,29.514282733952133,0.06286161000984393,1.8,0.6,0.0,15.0,0.0,
12,92,9.200000000000001,1200,car,-27.716599556492547,3.9604018922103195,-5.036330226293616,0.08649795176614507,4.5,1.8,0.0,15.0,0.0,
12,92,9.200000000000001,1201,car,19.827359624346762,3.5399134619738035,-4.320362683681609,0.0005433922720022337,4.5,1.8,0.0,15.0,0.0,
12,92,9.200000000000001,1202,car,263.064320528479,10.031737349316522,25.6693614112491,-0.014331067437353682,4.5,1.8,0.0,15.0,0.0,
12,92,9.200000000000001,1203,bicycle,360.4701298066504,7.255869164931069,29.522567296213992,0.021581350043962545,1.8,0.6,0.0,15.0,0.0,
12,93,9.3,1200,car,-28.108435815019334,4.131662431489722,-5.055221529424149,0.00918786908953508,4.5,1.8,0.0,15.0,0.0,
12,93,9.3,1201,car,19.416830273234353,3.6048509479126403,-4.2934925293995425,0.07125027801498855,4.5,1.8,0.0,15.0,0.0,
12,93,9.3,1202,car,265.3981269965819,10.073539457138821,25.693731961700312,-0.01176146162649829,4.5,1.8,0.0,15.0,0.0,
12,93,9.3,1203,bicycle,363.19598556202226,7.249769553853706,29.487039258079495,0.08389777049618619,1.8,0.6,0.0,15.0,0.0,
12,94,9.4,1200,car,-28.576428830978962,4.0521139487402955,-5.157853779663907,0.02953088411091876,4.5,1.8,0.0,15.0,0.0,
12,94,9.4,1201,car,19.057095939668763,3.5832732627972863,-4.263308755291762,-0.017413526423165737,4.5,1.8,0.0,15.0,0.0,
12,94,9.4,1202,car,268.0742217202687,10.172807940715874,25.611785693130166,-0.0697595921970556,4.5,1.8,0.0,15.0,0.0,
12,94,9.4,1203,bicycle,366.3478176601345,7.342989188856414,29.42392020782807,-0.07851900192114533,1.8,0.6,0.0,15.0,0.0,
12,95,9.5,1200,car,-29.071437002384343,3.937882409552968,-5.1736891490601495,-0.0023639594800378624,4.5,1.8,0.0,15.0,0.0,
12,95,9.5,1201,car,18.62172122525312,3.6959270909755357,-4.171570943335487,-0.023945892641607944,4.5,1.8,0.0,15.0,0.0,
12,95,9.5,1202,car,270.52233437320143,10.211692556214231,25.6933596988523,-0.0201607578169822,4.5,1.8,0.0,15.0,0.0,
12,95,9.5,1203,bicycle,369.37524557011875,7.259275629603002,29.424983776233073,-0.05809711411500782,1.8,0.6,0.0,15.0,0.0,
12,96,9.600000000000001,1200,car,-29.587722711242435,3.926236911681408,-5.143283004102046,0.08890308043447617,4.5,1.8,0.0,15.0,0.0,
12,96,9.600000000000001,1201,car,18.165674588828633,3.4959541762409665,-4.181676137794466,0.014965881174421457,4.5,1.8,0.0,15.0,0.0,
12,96,9.600000000000001,1202,car,273.11186035191236,10.195950275185705,25.767745445892118,0.00681072699339074,4.5,1.8,0.0,15.0,0.0,
12,96,9.600000000000001,1203,bicycle,372.3072643212301,7.181505016919905,29.337648241866013,0.01646159681589686,1.8,0.6,0.0,15.0,0.0,
12,97,9.700000000000001,1200,car,-30.077509221665906,3.820303858188591,-5.145501622079637,-0.007192571676355685,4.5,1.8,0.0,15.0,0.0,
12,97,9.700000000000001,1201,car,17.68505692260827,3.416623104926043,-4.161422054239223,-0.011290585077517533,4.5,1.8,0.0,15.0,0.0,
12,97,9.700000000000001,1202,car,275.62953553735883,10.109783072612014,25.76124619260399,0.04622417844348847,4.5,1.8,0.0,15.0,0.0,
12,97,9.700000000000001,1203,bicycle,375.26169315283806,7.157792814722441,29.353072763094435,0.06821925073338002,1.8,0.6,0.0,15.0,0.0,
12,98,9.8,1200,car,-30.543017980355856,3.8463239563458766,-5.113575146866642,-0.00790068682611681,4.5,1.8,0.0,15.0,0.0,
12,98,9.8,1201,car,17.287321499261296,3.3677275625381085,-4.238949720306,0.017141792619367203,4.5,1.8,0.0,15.0,0.0,
12,98,9.8,1202,car,278.24032816506275,10.081011776784988,25.813037246034078,-0.03608016604308164,4.5,1.8,0.0,15.0,0.0,
12,98,9.8,1203,bicycle,378.01986198796106,7.088081230136922,29.276025797966835,0.016901817774533756,1.8,0.6,0.0,15.0,0.0,
12,99,9.9,1200,car,-31.129583282013083,3.9447928755954544,-5.06538520673867,-0.0462487046619065,4.5,1.8,0.0,15.0,0.0,
12,99,9.9,1201,car,16.782615840905166,3.421171527806474,-4.1899577312336005,-0.10063103058115641,4.5,1.8,0.0,15.0,0.0,
12,99,9.9,1202,car,280.8497989766691,9.861252717500662,25.78561144053914,0.05468284039481156,4.5,1.8,0.0,15.0,0.0,
12,99,9.9,1203,bicycle,381.24844158109966,7.064198846722025,29.213670004048332,-0.025674608720753323,1.8,0.6,0.0,15.0,0.0,
13,0,0.0,1300,car,40.0,-0.341067617466702,-8.0,0.0,4.5,1.8,0.0,15.0,0.0,
13,0,0.0,1301,car,43.53005785915484,-8.888501258170606,-7.6052821075949195,-0.22910309742243956,4.5,1.8,0.0,15.0,0.0,
13,1,0.1,1300,car,39.125261639895015,-0.32188142536716774,-7.951294104257631,0.002787050637879587,4.5,1.8,0.0,15.0,0.0,
13,1,0.1,1301,car,42.92520506706216,-8.61962648372107,-7.611588194390489,-0.2582295845744828,4.5,1.8,0.0,15.0,0.0,
13,2,0.2,1300,car,38.23119130426718,-0.5429601826129086,-7.8888868516851485,-0.014887639865284503,4.5,1.8,0.0,15.0,0.0,
13,2,0.2,1301,car,42.25158182237012,-8.537804225089637,-7.66563670588704,-0.3047702943117423,4.5,1.8,0.0,15.0,0.0,
13,3,0.30000000000000004,1300,car,37.6167713080437,-0.5514554615787971,-7.921901228541084,-0.06714630461049531,4.5,1.8,0.0,15.0,0.0,
13,3,0.30000000000000004,1301,car,41.4708725737413,-8.417491812422982,-7.631364806798883,-0.2956821769962026,4.5,1.8,0.0,15.0,0.0,
13,4,0.4,1300,car,36.9834332795487,-0.41859257554279605,-7.905195118004958,0.07165967826631142,4.5,1.8,0.0,15.0,0.0,
13,4,0.4,1301,car,40.68299377750206,-8.337257180406683,-7.65101463705099,-0.2505397551752315,4.5,1.8,0.0,15.0,0.0,
13,5,0.5,1300,car,36.168075049391724,-0.3652897761244628,-7.78568832251083,0.11925226833537515,4.5,1.8,0.0,15.0,0.0,
13,5,0.5,1301,car,39.96557642506595,-8.439781435142045,-7.641603201825828,-0.3009398802539574,4.5,1.8,0.0,15.0,0.0,
13,6,0.6000000000000001,1300,car,35.478203851964345,-0.2671767853219412,-7.794670094806509,0.2024288676795606,4.5,1.8,0.0,15.0,0.0,
13,6,0.6000000000000001,1301,car,39.35370571182036,-8.454910763322845,-7.613327645743104,-0.3303627411510125,4.5,1.8,0.0,15.0,0.0,
13,7,0.7000000000000001,1300,car,34.67151878975404,-0.3547346699503424,-7.8185869442925595,0.19720942446677014,4.5,1.8,0.0,15.0,0.0,
13,7,0.7000000000000001,1301,car,38.426336222580545,-8.430265639938334,-7.562221232216791,-0.3307586278964787,4.5,1.8,0.0,15.0,0.0,
13,8,0.8,1300,car,33.619935889480935,-0.3603130039451752,-7.888256254910933,0.16672847283993256,4.5,1.8,0.0,15.0,0.0,
13,8,0.8,1301,car,37.81530772942172,-8.706788811014935,-7.603039358461158,-0.2892801473037341,4.5,1.8,0.0,15.0,0.0,
13,9,0.9,1300,car,32.760917652034976,-0.42148317437837446,-7.7866359464805575,0.18564784251045874,4.5,1.8,0.0,15.0,0.0,
13,9,0.9,1301,car,37.1484340346788,-8.686249853957886,-7.5949544888812195,-0.2260789018051279,4.5,1.8,0.0,15.0,0.0,
13,10,1.0,1300,car,32.17278871783365,-0.5712700825883932,-7.78840181428991,0.18348790509053736,4.5,1.8,0.0,15.0,0.0,
13,10,1.0,1301,car,36.346010862259455,-8.610751681191054,-7.582110104755267,-0.12980525858298897,4.5,1.8,0.0,15.0,0.0,
13,11,1.1,1300,car,31.50397517733427,-0.4164510483004572,-7.848360025289221,0.14318360888968473,4.5,1.8,0.0,15.0,0.0,
13,11,1.1,1301,car,35.51543070629695,-8.49142032682431,-7.630468919061857,-0.17670197604352705,4.5,1.8,0.0,15.0,0.0,
13,12,1.2000000000000002,1300,car,30.60700363306529,-0.12682996552361336,-7.855471620772527,0.16967800971763794,4.5,1.8,0.0,15.0,0.0,
13,12,1.2000000000000002,1301,car,34.63832208259124,-8.413164684436666,-7.719152250323981,-0.22565211330354923,4.5,1.8,0.0,15.0,0.0,
13,13,1.3,1300,car,29.748319081040837,-0.08797501070102216,-7.895125736476887,0.24587791477242132,4.5,1.8,0.0,15.0,0.0,
13,13,1.3,1301,car,33.916729178001475,-8.504690238375447,-7.669271396470556,-0.2453163418672021,4.5,1.8,0.0,15.0,0.0,
13,14,1.4000000000000001,1300,car,28.899762843669137,0.026194345525749396,-8.017766965271298,0.2826187681088568,4.5,1.8,0.0,15.0,0.0,
13,14,1.4000000000000001,1301,car,33.07849255893306,-8.600682602927405,-7.57136454972442,-0.2718769804556926,4.5,1.8,0.0,15.0,0.0,
13,15,1.5,1300,car,28.193577610418245,0.08238069525313742,-7.998617414003819,0.27009165521750267,4.5,1.8,0.0,15.0,0.0,
13,15,1.5,1301,car,32.29108455372633,-8.475071461956786,-7.524841546235008,-0.296861028385745,4.5,1.8,0.0,15.0,0.0,
13,16,1.6,1300,car,27.28912825494892,0.05094248743682117,-7.94954265050128,0.3290262439508231,4.5,1.8,0.0,15.0,0.0,
13,16,1.6,1301,car,31.59409475930442,-8.666434657916202,-7.487152592208572,-0.23168211820559986,4.5,1.8,0.0,15.0,0.0,
13,17,1.7000000000000002,1300,car,26.5115296444666,0.2818254173920702,-8.015591183296724,0.36326661997317183,4.5,1.8,0.0,15.0,0.0,
13,17,1.7000000000000002,1301,car,30.74335736423726,-8.583748678890387,-7.45650954942152,-0.14161432736746343,4.5,1.8,0.0,15.0,0.0,
13,18,1.8,1300,car,25.75994138520775,0.2777514775833463,-8.040144693917776,0.35075775792253383,4.5,1.8,0.0,15.0,0.0,
13,18,1.8,1301,car,29.94663400517252,-8.463199214542405,-7.392727635583435,-0.21644269961458096,4.5,1.8,0.0,15.0,0.0,
13,19,1.9000000000000001,1300,car,24.95976293012424,0.3190764050556143,-8.079209458007808,0.372670257526226,4.5,1.8,0.0,15.0,0.0,
13,19,1.9000000000000001,1301,car,29.353446325396977,-8.395662586108536,-7.325374216136335,-0.25236609199136395,4.5,1.8,0.0,15.0,0.0,
13,20,2.0,1300,car,24.155492761600126,0.2797786628816223,-8.06723795447878,0.3891428029815884,4.5,1.8,0.0,15.0,0.0,
13,20,2.0,1301,car,28.716892704323435,-8.289550009922976,-7.290925357939047,-0.295374585133408,4.5,1.8,0.0,15.0,0.0,
13,21,2.1,1300,car,23.21355169471983,0.3706949462503142,-7.992211899035718,0.3879032091281763,4.5,1.8,0.0,15.0,0.0,
13,21,2.1,1301,car,27.83506081231623,-8.110611872765515,-7.266455130430975,-0.2868175093309516,4.5,1.8,0.0,15.0,0.0,
13,22,2.2,1300,car,22.297533389715618,0.4111068894526771,-7.957867690925941,0.41305424515585365,4.5,1.8,0.0,15.0,0.0,
13,22,2.2,1301,car,27.040426586457887,-8.145000151994362,-7.297255465532813,-0.20360943018613198,4.5,1.8,0.0,15.0,0.0,
13,23,2.3000000000000003,1300,car,21.591234018486634,0.39997882710829835,-8.016291173868693,0.4269449992674167,4.5,1.8,0.0,15.0,0.0,
13,23,2.3000000000000003,1301,car,26.261419300932875,-8.207191761383235,-7.3540161722108355,-0.2541798664122191,4.5,1.8,0.0,15.0,0.0,
13,24,2.4000000000000004,1300,car,20.805871916355816,0.41598548225083776,-7.891465454567658,0.45665767090080733,4.5,1.8,0.0,15.0,0.0,
13,24,2.4000000000000004,1301,car,25.41084816557059,-8.386173372326168,-7.33410760277793,-0.27402322114857,4.5,1.8,0.0,15.0,0.0,
13,25,2.5,1300,car,20.149872865849513,0.4898376331869124,-7.990591470052375,0.40568645597993075,4.5,1.8,0.0,15.0,0.0,
13,25,2.5,1301,car,24.609909199692087,-8.369372000604201,-7.386745224270367,-0.26638234145064116,4.5,1.8,0.0,15.0,0.0,
13,26,2.6,1300,car,19.217198736723034,0.5310248206827509,-7.972090170829964,0.47876197184782876,4.5,1.8,0.0,15.0,0.0,
13,26,2.6,1301,car,23.895792219625566,-8.477683727174345,-7.312094969922459,-0.2755412432610311,4.5,1.8,0.0,15.0,0.0,
13,27,2.7,1300,car,18.497346396450183,0.5176114407505193,-7.967551257835344,0.4386985751189315,4.5,1.8,0.0,15.0,0.0,
13,27,2.7,1301,car,23.196808718168242,-8.424855041984086,-7.336834933698687,-0.3030916392303648,4.5,1.8,0.0,15.0,0.0,
13,28,2.8000000000000003,1300,car,17.736273092513045,0.47897970126443357,-8.043448442202118,0.4563583960389933,4.5,1.8,0.0,15.0,0.0,
13,28,2.8000000000000003,1301,car,22.452355507136378,-8.46805014505118,-7.310781412969625,-0.27005412160884423,4.5,1.8,0.0,15.0,0.0,
13,29,2.9000000000000004,1300,car,16.915828059134114,0.4123486003393376,-8.075377782360675,0.4856065925622628,4.5,1.8,0.0,15.0,0.0,
13,29,2.9000000000000004,1301,car,21.734917632183915,-8.550031493787811,-7.350000737261381,-0.2391629810960479,4.5,1.8,0.0,15.0,0.0,
13,30,3.0,1300,car,16.08612504034184,0.5361809374727775,-8.031410992488746,0.4699646050480036,4.5,1.8,0.0,15.0,0.0,
13,30,3.0,1301,car,21.094882306941386,-8.560106816451222,-7.336612825382179,-0.34860043585164574,4.5,1.8,0.0,15.0,0.0,
13,31,3.1,1300,car,15.185891811260621,0.4915079615898338,-8.047343728608926,0.4756821554306925,4.5,1.8,0.0,15.0,0.0,
13,31,3.1,1301,car,20.376746056907265,-8.56639216535726,-7.370860054945488,-0.3140322876629038,4.5,1.8,0.0,15.0,0.0,
13,32,3.2,1300,car,14.562086282754889,0.5037436883879903,-8.080527136980608,0.4414155642351488,4.5,1.8,0.0,15.0,0.0,
13,32,3.2,1301,car,19.648206834065764,-8.65037170508485,-7.457376475599649,-0.3868698812854874,4.5,1.8,0.0,15.0,0.0,
13,33,3.3000000000000003,1300,car,13.856052583003573,0.6760646488238428,-8.00053265758271,0.45273078617411766,4.5,1.8,0.0,15.0,0.0,
13,33,3.3000000000000003,1301,car,18.803378635710416,-8.732860308129117,-7.531945857348641,-0.4633644807625861,4.5,1.8,0.0,15.0,0.0,
13,34,3.4000000000000004,1300,car,13.081525588301574,0.7752388823819564,-7.9026139797963975,0.44857610736481784,4.5,1.8,0.0,15.0,0.0,
13,34,3.4000000000000004,1301,car,17.914400568894994,-8.791388794580879,-7.546068817304311,-0.4879260646025084,4.5,1.8,0.0,15.0,0.0,
13,35,3.5,1300,car,12.325639147069422,0.6986492402078354,-7.8960779081551,0.4811542706507918,4.5,1.8,0.0,15.0,0.0,
13,35,3.5,1301,car,17.30176746418776,-8.809143816137537,-7.493912794778348,-0.5101208666178132,4.5,1.8,0.0,15.0,0.0,
13,36,3.6,1300,car,11.50560232884599,0.8815493713944788,-7.964657129403291,0.4609972555385121,4.5,1.8,0.0,15.0,0.0,
13,36,3.6,1301,car,16.665220815382522,-8.88126707427457,-7.50819289637191,-0.5233874724461388,4.5,1.8,0.0,15.0,0.0,
13,37,3.7,1300,car,10.720851793390386,1.036257481140254,-7.91844555348713,0.4615701176134602,4.5,1.8,0.0,15.0,0.0,
13,37,3.7,1301,car,16.02364038249441,-8.89942652518621,-7.465236887980868,-0.5748059461507887,4.5,1.8,0.0,15.0,0.0,
13,38,3.8000000000000003,1300,car,10.10286251138498,1.104435798316143,-8.05586102085302,0.544546476286928,4.5,1.8,0.0,15.0,0.0,
13,38,3.8000000000000003,1301,car,15.27762218681739,-8.996456515916428,-7.495521041240228,-0.5528308527240703,4.5,1.8,0.0,15.0,0.0,
13,39,3.9000000000000004,1300,car,9.20843751740595,1.1011997996777627,-8.083504926043606,0.5299341241018162,4.5,1.8,0.0,15.0,0.0,
13,39,3.9000000000000004,1301,car,14.47654925772018,-8.96645818802335,-7.481967926000343,-0.5331790158068561,4.5,1.8,0.0,15.0,0.0,
13,40,4.0,1300,car,8.461147246153319,1.1448837850713742,-8.134520392499796,0.6201927480706603,4.5,1.8,0.0,15.0,0.0,
13,40,4.0,1301,car,13.821105930583087,-8.858493388210476,-7.43024100495227,-0.5561975860001303,4.5,1.8,0.0,15.0,0.0,
13,41,4.1000000000000005,1300,car,7.412897413070452,1.0839934173256658,-8.102694290164385,0.6151053521038352,4.5,1.8,0.0,15.0,0.0,
13,41,4.1000000000000005,1301,car,13.036096844196287,-9.163668496975625,-7.4308973681644845,-0.6102865135127453,4.5,1.8,0.0,15.0,0.0,
13,42,4.2,1300,car,6.530189725977421,1.230514362225763,-8.154151387868586,0.5684208868351757,4.5,1.8,0.0,15.0,0.0,
13,42,4.2,1301,car,12.31156514012085,-9.137460939165567,-7.451032662934824,-0.5369257432615999,4.5,1.8,0.0,15.0,0.0,
13,43,4.3,1300,car,5.586907669398047,1.1419508908484397,-8.231115687782848,0.4858116986146541,4.5,1.8,0.0,15.0,0.0,
13,43,4.3,1301,car,11.60011677034338,-9.288932445430644,-7.521542281127285,-0.5179359085048196,4.5,1.8,0.0,15.0,0.0,
13,44,4.4,1300,car,4.846191025338834,1.295617900401445,-8.18735146454936,0.43990652531252467,4.5,1.8,0.0,15.0,0.0,
13,44,4.4,1301,car,10.875571638675623,-9.291038878541883,-7.54528644338174,-0.5096983033095839,4.5,1.8,0.0,15.0,0.0,
13,45,4.5,1300,car,3.9022940558877295,1.2768485353232775,-8.168762099269957,0.5152836580298844,4.5,1.8,0.0,15.0,0.0,
13,45,4.5,1301,car,10.236186955669632,-9.27592286109941,-7.541301441443001,-0.5134598289583499,4.5,1.8,0.0,15.0,0.0,
13,46,4.6000000000000005,1300,car,2.9406578505719687,1.2448262477373153,-8.208904841999642,0.5440216238069169,4.5,1.8,0.0,15.0,0.0,"[{""type"": ""near_miss"", ""scenario_type"": ""near_miss_rear_end"", ""time"": 5.0}]"
13,46,4.6000000000000005,1301,car,9.576551588673915,-9.253611502042599,-7.482168119539511,-0.5098469513820258,4.5,1.8,0.0,15.0,0.0,"[{""type"": ""near_miss"", ""scenario_type"": ""near_miss_rear_end"", ""time"": 5.0}]"
13,47,4.7,1300,car,2.0214743481126156,1.2942351204830813,-8.245146696521266,0.5769146233947218,4.5,1.8,0.0,15.0,0.0,"[{""type"": ""near_miss"", ""scenario_type"": ""near_miss_rear_end"", ""time"": 5.0}]"
13,47,4.7,1301,car,8.792426036410225,-9.314449358904247,-7.447487008055957,-0.5469016658616042,4.5,1.8,0.0,15.0,0.0,"[{""type"": ""near_miss"", ""scenario_type"": ""near_miss_rear_end"", ""time"": 5.0}]"
13,48,4.800000000000001,1300,car,1.293357337042714,1.217166947626592,-8.229819148124324,0.5723696735285914,4.5,1.8,0.0,15.0,0.0,"[{""type"": ""near_miss"", ""scenario_type"": ""near_miss_rear_end"", ""time"": 5.0}]"
13,48,4.800000000000001,1301,car,8.130411515247026,-9.506576921676805,-7.524026564195518,-0.5093994465685473,4.5,1.8,0.0,15.0,0.0,"[{""type"": ""near_miss"", ""scenario_type"": ""near_miss_rear_end"", ""time"": 5.0}]"
13,49,4.9,1300,car,0.43128320807536286,1.2653237046026307,-8.26280660616978,0.6180101925199533,4.5,1.8,0.0,15.0,0.0,"[{""type"": ""near_miss"", ""scenario_type"": ""near_miss_rear_end"", ""time"": 5.0}]"
13,49,4.9,1301,car,7.407930479868479,-9.533450457527955,-7.582507587604261,-0.4843241689083272,4.5,1.8,0.0,15.0,0.0,"[{""type"": ""near_miss"", ""scenario_type"": ""near_miss_rear_end"", ""time"": 5.0}]"
13,50,5.0,1300,car,-0.49421874441736324,1.2612694210864985,-8.331073989409038,0.6101831187907327,4.5,1.8,0.0,15.0,0.0,"[{""type"": ""near_miss"", ""scenario_type"": ""near_miss_rear_end"", ""time"": 5.0}]"
13,50,5.0,1301,car,6.756127047114783,-9.55921337550247,-7.604598632929086,-0.47886685300326776,4.5,1.8,0.0,15.0,0.0,"[{""type"": ""near_miss"", ""scenario_type"": ""near_miss_rear_end"", ""time"": 5.0}]"
13,51,5.1000000000000005,1300,car,-1.3169647461448455,1.328894601358221,-8.322207267896047,0.5581834010934814,4.5,1.8,0.0,15.0,0.0,"[{""type"": ""near_miss"", ""scenario_type"": ""near_miss_rear_end"", ""time"": 5.0}]"
13,51,5.1000000000000005,1301,car,6.006321019824895,-9.782624897732836,-7.575817452508887,-0.5340043125987868,4.5,1.8,0.0,15.0,0.0,"[{""type"": ""near_miss"", ""scenario_type"": ""near_miss_rear_end"", ""time"": 5.0}]"
13,52,5.2,1300,car,-2.0314256899185588,1.1401893151013889,-8.238486020769711,0.47622236725458567,4.5,1.8,0.0,15.0,0.0,"[{""type"": ""near_miss"", ""scenario_type"": ""near_miss_rear_end"", ""time"": 5.0}]"
13,52,5.2,1301,car,5.128745811660293,-9.806119625198615,-7.544881703287658,-0.5481735839245894,4.5,1.8,0.0,15.0,0.0,"[{""type"": ""near_miss"", ""scenario_type"": ""near_miss_rear_end"", ""time"": 5.0}]"
13,53,5.300000000000001,1300,car,-2.766013686769743,1.1081561265512416,-8.258470618108813,0.4611184701304671,4.5,1.8,0.0,15.0,0.0,"[{""type"": ""near_miss"", ""scenario_type"": ""near_miss_rear_end"", ""time"": 5.0}]"
13,53,5.300000000000001,1301,car,4.320418055513702,-10.054354841030197,-7.546115056613083,-0.5539239416097259,4.5,1.8,0.0,15.0,0.0,"[{""type"": ""near_miss"", ""scenario_type"": ""near_miss_rear_end"", ""time"": 5.0}]"
13,54,5.4,1300,car,-3.48404247220959,1.0256735319938988,-8.290440984312298,0.5212930314066444,4.5,1.8,0.0,15.0,0.0,"[{""type"": ""near_miss"", ""scenario_type"": ""near_miss_rear_end"", ""time"": 5.0}]"
13,54,5.4,1301,car,3.595135435980829,-10.054809266575532,-7.523443375446106,-0.5310303592379982,4.5,1.8,0.0,15.0,0.0,"[{""type"": ""near_miss"", ""scenario_type"": ""near_miss_rear_end"", ""time"": 5.0}]"
13,55,5.5,1300,car,-4.130981571156052,1.086956900932595,-8.341008148154435,0.553232905718039,4.5,1.8,0.0,15.0,0.0,
13,55,5.5,1301,car,2.7861359310135074,-10.11890600014116,-7.504934325358319,-0.572098074998941,4.5,1.8,0.0,15.0,0.0,
13,56,5.6000000000000005,1300,car,-5.0161118607534725,1.1898650486114402,-8.368440396714888,0.6019021715175569,4.5,1.8,0.0,15.0,0.0,
13,56,5.6000000000000005,1301,car,1.9370267386914122,-10.275068245282213,-7.409631532070553,-0.6486093970785887,4.5,1.8,0.0,15.0,0.0,
13,57,5.7,1300,car,-5.85562755332479,1.4352036505194858,-8.369869969109851,0.6692407049707568,4.5,1.8,0.0,15.0,0.0,
13,57,5.7,1301,car,1.2613110719248584,-10.340649373413553,-7.416163795143697,-0.7545752677857258,4.5,1.8,0.0,15.0,0.0,
13,58,5.800000000000001,1300,car,-6.724525716224311,1.525349571599681,-8.358286823625223,0.7925336428284516,4.5,1.8,0.0,15.0,0.0,
13,58,5.800000000000001,1301,car,0.5477904990254392,-10.353092368112742,-7.3579156367732015,-0.7275502022093362,4.5,1.8,0.0,15.0,0.0,
13,59,5.9,1300,car,-7.568959305260502,1.596484200828586,-8.375819547737036,0.8147441942852807,4.5,1.8,0.0,15.0,0.0,
13,59,5.9,1301,car,-0.20503313674986895,-10.363353749280515,-7.408370002289686,-0.720207779288904,4.5,1.8,0.0,15.0,0.0,
13,60,6.0,1300,car,-8.251334527893468,1.6554962705226326,-8.283669466388698,0.8229277666517271,4.5,1.8,0.0,15.0,0.0,
13,60,6.0,1301,car,-0.9515209561934376,-10.42371267697902,-7.423941164497876,-0.8192355828442247,4.5,1.8,0.0,15.0,0.0,
13,61,6.1000000000000005,1300,car,-8.991683988710022,1.9570603635825166,-8.259648002887065,0.84999381471955,4.5,1.8,0.0,15.0,0.0,
13,61,6.1000000000000005,1301,car,-1.712174341199025,-10.38985732538038,-7.425904745420865,-0.8058745779343799,4.5,1.8,0.0,15.0,0.0,
13,62,6.2,1300,car,-9.974170435745153,1.9891255580300267,-8.241280345478003,0.8953544014487496,4.5,1.8,0.0,15.0,0.0,
13,62,6.2,1301,car,-2.361270841528161,-10.628362874705592,-7.499793734183268,-0.7766677228816192,4.5,1.8,0.0,15.0,0.0,
13,63,6.300000000000001,1300,car,-10.872979309093438,2.168120258779079,-8.322788755932104,0.8904339042620771,4.5,1.8,0.0,15.0,0.0,
13,63,6.300000000000001,1301,car,-3.1146738966708,-10.65798293729343,-7.551351733990586,-0.8750059259478901,4.5,1.8,0.0,15.0,0.0,
13,64,6.4,1300,car,-11.68813090853208,2.3098066764598344,-8.272416007800452,0.8725063215928696,4.5,1.8,0.0,15.0,0.0,
13,64,6.4,1301,car,-3.792240905968314,-10.696906152399375,-7.485231480104869,-0.877775321750101,4.5,1.8,0.0,15.0,0.0,
13,65,6.5,1300,car,-12.688362439591534,2.3902913412571967,-8.267993470377316,0.8984160337127942,4.5,1.8,0.0,15.0,0.0,
13,65,6.5,1301,car,-4.694032290612863,-10.815888166055172,-7.441826301526639,-0.8829795943861576,4.5,1.8,0.0,15.0,0.0,
13,66,6.6000000000000005,1300,car,-13.545735224842474,2.6707655844068263,-8.321493679718895,0.9600737692120099,4.5,1.8,0.0,15.0,0.0,
13,66,6.6000000000000005,1301,car,-5.336089947178108,-10.926702771655485,-7.443470829180756,-0.8848025310337658,4.5,1.8,0.0,15.0,0.0,
13,67,6.7,1300,car,-14.359689817180008,2.7073188255842484,-8.342901091040329,0.9423125426671193,4.5,1.8,0.0,15.0,0.0,
13,67,6.7,1301,car,-6.112766800156072,-11.046258647814069,-7.555512068632559,-0.8799200766372932,4.5,1.8,0.0,15.0,0.0,
13,68,6.800000000000001,1300,car,-15.246726704299435,2.61486897118949,-8.360403641785876,0.9232646687667497,4.5,1.8,0.0,15.0,0.0,
13,68,6.800000000000001,1301,car,-6.740793554311081,-11.18817365132074,-7.522122559638885,-0.8107794764680074,4.5,1.8,0.0,15.0,0.0,
13,69,6.9,1300,car,-16.14557393938018,2.7024457170799896,-8.27396905304039,0.934713476524212,4.5,1.8,0.0,15.0,0.0,
13,69,6.9,1301,car,-7.455630826068076,-11.309976991364374,-7.487770018117273,-0.8127616071522866,4.5,1.8,0.0,15.0,0.0,
13,70,7.0,1300,car,-17.156181138472206,2.760393811334129,-8.33312799255138,0.9403255247378393,4.5,1.8,0.0,15.0,0.0,
13,70,7.0,1301,car,-8.29609173758569,-11.343440305510356,-7.485531847070583,-0.8751620573312299,4.5,1.8,0.0,15.0,0.0,
13,71,7.1000000000000005,1300,car,-18.038747749288714,2.9164826339710213,-8.275728340760683,0.8952044631741426,4.5,1.8,0.0,15.0,0.0,
13,71,7.1000000000000005,1301,car,-9.154388971786853,-11.235858017213374,-7.486020244395334,-0.8705886105651313,4.5,1.8,0.0,15.0,0.0,
13,72,7.2,1300,car,-18.940259688874946,3.0275251031424744,-8.189973556933674,0.9079227266169893,4.5,1.8,0.0,15.0,0.0,
13,72,7.2,1301,car,-9.796494671312452,-11.320018492616256,-7.537310403926531,-0.9047504440297809,4.5,1.8,0.0,15.0,0.0,
13,73,7.300000000000001,1300,car,-19.871037262098795,3.1400960341628417,-8.128779117251174,0.9159732737245304,4.5,1.8,0.0,15.0,0.0,
13,73,7.300000000000001,1301,car,-10.581003893568132,-11.489457512247972,-7.519538110784272,-0.9666570466694621,4.5,1.8,0.0,15.0,0.0,
13,74,7.4,1300,car,-20.797325281650217,3.321709688299353,-8.142665870368203,0.9011005640736962,4.5,1.8,0.0,15.0,0.0,
13,74,7.4,1301,car,-11.349864306277835,-11.513536110240326,-7.511262977133054,-1.0038111187527576,4.5,1.8,0.0,15.0,0.0,
13,75,7.5,1300,car,-21.682301090381888,3.392308663622019,-8.127554883233522,0.8993250668988,4.5,1.8,0.0,15.0,0.0,
13,75,7.5,1301,car,-12.11343962260845,-11.609288866209587,-7.513074197387763,-1.0428302638809546,4.5,1.8,0.0,15.0,0.0,
13,76,7.6000000000000005,1300,car,-22.38435148747136,3.4340100247927157,-8.12109385569932,0.7963083045968815,4.5,1.8,0.0,15.0,0.0,
13,76,7.6000000000000005,1301,car,-12.886264471153057,-11.823530808938985,-7.5620252858727275,-0.9217209665326154,4.5,1.8,0.0,15.0,0.0,
13,77,7.7,1300,car,-23.171508282978206,3.6362430730572903,-8.07832867653328,0.8454704486967848,4.5,1.8,0.0,15.0,0.0,
13,77,7.7,1301,car,-13.66237416589964,-11.755062704401093,-7.519690920943903,-0.9196542189425002,4.5,1.8,0.0,15.0,0.0,
13,78,7.800000000000001,1300,car,-23.953012188185774,3.7071168762807187,-8.07571671728996,0.8432904119424476,4.5,1.8,0.0,15.0,0.0,
13,78,7.800000000000001,1301,car,-14.37618989487038,-11.673030746154296,-7.57995162679184,-0.8625364807670599,4.5,1.8,0.0,15.0,0.0,
13,79,7.9,1300,car,-24.797407308285898,3.918412232301444,-8.09238898544067,0.8639280957694603,4.5,1.8,0.0,15.0,0.0,
13,79,7.9,1301,car,-15.150069482429101,-11.932343606568828,-7.493002782977141,-0.9096741614431583,4.5,1.8,0.0,15.0,0.0,
13,80,8.0,1300,car,-25.59825792071433,3.8995628632608823,-8.159239068015042,0.8536811037850037,4.5,1.8,0.0,15.0,0.0,
13,80,8.0,1301,car,-15.958720886933841,-12.140192524843787,-7.4947744137134995,-0.9837694975980498,4.5,1.8,0.0,15.0,0.0,
13,81,8.1,1300,car,-26.401634447674386,3.972198291739635,-8.283259369740106,0.8275256086325116,4.5,1.8,0.0,15.0,0.0,
13,81,8.1,1301,car,-16.661357327282516,-12.344924063099244,-7.469184803991709,-0.9621355371023709,4.5,1.8,0.0,15.0,0.0,
13,82,8.200000000000001,1300,car,-27.33173252734362,4.0537226222722875,-8.242009815572723,0.7837044971094858,4.5,1.8,0.0,15.0,0.0,
13,82,8.200000000000001,1301,car,-17.428856863439815,-12.326113705011368,-7.5120664072296695,-0.9391776228122649,4.5,1.8,0.0,15.0,0.0,
13,83,8.3,1300,car,-28.263852619730116,4.115996881663736,-8.219673479844028,0.6634781576126504,4.5,1.8,0.0,15.0,0.0,
13,83,8.3,1301,car,-18.233495812274644,-12.377098274573957,-7.500774201769749,-0.9652965420441211,4.5,1.8,0.0,15.0,0.0,
13,84,8.4,1300,car,-29.196278168272634,4.245191185644425,-8.235793816720118,0.6907455176941006,4.5,1.8,0.0,15.0,0.0,
13,84,8.4,1301,car,-18.94555091889987,-12.518369757335217,-7.447146114620017,-0.9950104225459291,4.5,1.8,0.0,15.0,0.0,
13,85,8.5,1300,car,-29.900812152529458,4.446394990468589,-8.183288082995608,0.6817174600257857,4.5,1.8,0.0,15.0,0.0,
13,85,8.5,1301,car,-19.43555761592507,-12.602686353680886,-7.435093290677694,-0.9961134898078345,4.5,1.8,0.0,15.0,0.0,
13,86,8.6,1300,car,-30.832117608534652,4.644074060209643,-8.211908254478805,0.7276980113276513,4.5,1.8,0.0,15.0,0.0,
13,86,8.6,1301,car,-20.063111634160986,-12.64196556460674,-7.469691754472609,-1.0131674025834436,4.5,1.8,0.0,15.0,0.0,
13,87,8.700000000000001,1300,car,-31.921016052050668,4.705197095705749,-8.171772745093806,0.7158227573735552,4.5,1.8,0.0,15.0,0.0,
13,87,8.700000000000001,1301,car,-20.86908883883398,-12.773056997276035,-7.408923455956658,-1.0158856870281168,4.5,1.8,0.0,15.0,0.0,
13,88,8.8,1300,car,-32.55240170891919,4.719706020954633,-8.160911155837242,0.6941526610922037,4.5,1.8,0.0,15.0,0.0,
13,88,8.8,1301,car,-21.402532543053848,-12.85667503484791,-7.302519649096599,-1.0368920647732327,4.5,1.8,0.0,15.0,0.0,
13,89,8.9,1300,car,-33.21573490691741,4.8009216242912025,-8.119078376109963,0.6331671121967513,4.5,1.8,0.0,15.0,0.0,
13,89,8.9,1301,car,-22.097943113042575,-13.067276285124304,-7.289664829061348,-1.1128115674251404,4.5,1.8,0.0,15.0,0.0,
13,90,9.0,1300,car,-34.03705104648555,4.973799539223548,-8.091700682160253,0.5714696097172071,4.5,1.8,0.0,15.0,0.0,
13,90,9.0,1301,car,-23.01674823423242,-13.128862983820742,-7.210604889293427,-1.1610088692686489,4.5,1.8,0.0,15.0,0.0,
13,91,9.1,1300,car,-34.636480706883944,5.030297171378368,-8.18963535884397,0.49342559188153196,4.5,1.8,0.0,15.0,0.0,
13,91,9.1,1301,car,-23.66081380822462,-13.232007066664105,-7.136493841003764,-1.2209151076035583,4.5,1.8,0.0,15.0,0.0,
13,92,9.200000000000001,1300,car,-35.44359476295197,5.080315836705357,-8.196786084996832,0.4742952304491823,4.5,1.8,0.0,15.0,0.0,
13,92,9.200000000000001,1301,car,-24.410733129878842,-13.336633994996424,-7.121364789611853,-1.208286465098396,4.5,1.8,0.0,15.0,0.0,
13,93,9.3,1300,car,-36.14267462056094,5.007617508521403,-8.287370261722069,0.5251434831685755,4.5,1.8,0.0,15.0,0.0,
13,93,9.3,1301,car,-25.217222112930926,-13.49541022336778,-7.151969771605992,-1.2399620812029846,4.5,1.8,0.0,15.0,0.0,
13,94,9.4,1300,car,-37.117238050555635,5.003179098064789,-8.254903706108092,0.5249469111880767,4.5,1.8,0.0,15.0,0.0,
13,94,9.4,1301,car,-25.881968377240835,-13.669014631232564,-7.106827472066895,-1.2653801749701614,4.5,1.8,0.0,15.0,0.0,
13,95,9.5,1300,car,-38.15358415121903,5.087336168476227,-8.216534467656658,0.49698496056711533,4.5,1.8,0.0,15.0,0.0,
13,95,9.5,1301,car,-26.47273049770668,-13.880621867500063,-7.073291131423528,-1.178141377862304,4.5,1.8,0.0,15.0,0.0,
13,96,9.600000000000001,1300,car,-38.97156449954754,5.114386355930637,-8.221818051430361,0.5783997299147052,4.5,1.8,0.0,15.0,0.0,
13,96,9.600000000000001,1301,car,-27.139781353469917,-13.784015737564426,-7.0593285620263275,-1.2108312108574912,4.5,1.8,0.0,15.0,0.0,
13,97,9.700000000000001,1300,car,-39.8520969982119,5.178387055471402,-8.323884182228845,0.5546502380786739,4.5,1.8,0.0,15.0,0.0,
13,97,9.700000000000001,1301,car,-27.890993993077526,-13.881119883108289,-6.962237651006255,-1.2080903864370323,4.5,1.8,0.0,15.0,0.0,
13,98,9.8,1300,car,-40.87675132514742,5.142461314291574,-8.3107697891353,0.5592999760626087,4.5,1.8,0.0,15.0,0.0,
13,98,9.8,1301,car,-28.424772205946894,-13.905921191914855,-6.915731877317369,-1.218947041044658,4.5,1.8,0.0,15.0,0.0,
13,99,9.9,1300,car,-41.597916200405855,5.108798999278106,-8.262355073670612,0.5451790309047404,4.5,1.8,0.0,15.0,0.0,
13,99,9.9,1301,car,-29.261144734274684,-13.968492225957833,-6.84585469638665,-1.239277134610456,4.5,1.8,0.0,15.0,0.0,
14,0,0.0,1400,car,0.0,3.5,-3.1822013943821306,0.0,4.5,1.8,0.0,15.0,0.0,
14,0,0.0,1401,car,67.46659621701241,-0.1651794052062081,2.530508974383605,0.09979794717229284,4.5,1.8,0.0,15.0,0.0,
14,0,0.0,1402,car,95.5384313586847,-3.1050484307231354,18.699476945152462,0.03304319395193316,4.5,1.8,0.0,15.0,0.0,
14,0,0.0,1403,car,36.3709500982335,-9.887561414525686,21.593268124257055,0.14071805113635316,4.5,1.8,0.0,15.0,0.0,
14,1,0.1,1400,car,-0.3095223284239197,3.438255473199848,-3.161396460587954,0.03348943429456318,4.5,1.8,0.0,15.0,0.0,
14,1,0.1,1401,car,67.75954100782808,-0.15792017278189846,2.5449525380047335,-0.058803254445800215,4.5,1.8,0.0,15.0,0.0,
14,1,0.1,1402,car,97.40530387481363,-3.184696755395336,18.751053882826813,0.034161907799072015,4.5,1.8,0.0,15.0,0.0,
14,1,0.1,1403,car,38.59831704567119,-9.716212258949287,21.576769251017037,-0.0274503676105425,4.5,1.8,0.0,15.0,0.0,
14,2,0.2,1400,car,-0.6610222461084594,3.2780318324160276,-3.237575616630254,0.031055150448405584,4.5,1.8,0.0,15.0,0.0,
14,2,0.2,1401,car,67.87452224853617,-0.2654114292829044,2.5398665441494854,-0.020611380136883344,4.5,1.8,0.0,15.0,0.0,
14,2,0.2,1402,car,99.36897449887591,-3.1786506248951865,18.711130448868204,0.04858165048715397,4.5,1.8,0.0,15.0,0.0,
14,2,0.2,1403,car,40.82887310925677,-9.857310602706677,21.58938258325004,-0.035753839479257414,4.5,1.8,0.0,15.0,0.0,
14,3,0.30000000000000004,1400,car,-1.0589235870515017,3.4649832985472786,-3.2313620472076647,-0.010876924425697342,4.5,1.8,0.0,15.0,0.0,
14,3,0.30000000000000004,1401,car,68.13700402548068,-0.177987402999975,2.5047863203518133,-0.02654249847205009,4.5,1.8,0.0,15.0,0.0,
14,3,0.30000000000000004,1402,car,101.30575468957737,-3.3302895539442234,18.76066904091367,-0.08025898674117801,4.5,1.8,0.0,15.0,0.0,
14,3,0.30000000000000004,1403,car,42.96323468672423,-10.017193890023412,21.536570000153322,0.06488334293024765,4.5,1.8,0.0,15.0,0.0,
14,4,0.4,1400,car,-1.277614004388796,3.580115528525089,-3.303811461384585,-0.052552807910083155,4.5,1.8,0.0,15.0,0.0,
14,4,0.4,1401,car,68.42146991439897,-0.1064556539820402,2.4648106360968822,-0.028946069127196095,4.5,1.8,0.0,15.0,0.0,
14,4,0.4,1402,car,103.06868682906287,-3.1644650248860695,18.736921250960993,0.001564615180638245,4.5,1.8,0.0,15.0,0.0,
14,4,0.4,1403,car,45.12525614696182,-9.906631844676031,21.488946671921703,0.05841304171130769,4.5,1.8,0.0,15.0,0.0,
14,5,0.5,1400,car,-1.7358672220894236,3.6966875543028617,-3.3895764406398223,-0.005227782593405233,4.5,1.8,0.0,15.0,0.0,
14,5,0.5,1401,car,68.83049470017895,-0.036730043157474704,2.485872750528945,-0.05242075708120863,4.5,1.8,0.0,15.0,0.0,
14,5,0.5,1402,car,104.86889882974214,-3.0300254427829536,18.76053822552384,0.04451246235002821,4.5,1.8,0.0,15.0,0.0,
14,5,0.5,1403,car,47.281530195402055,-9.93480499307738,21.527279753445473,0.012967651722798484,4.5,1.8,0.0,15.0,0.0,
14,6,0.6000000000000001,1400,car,-2.09182086626221,3.5552868486487217,-3.3418810257738434,0.0220013155819692,4.5,1.8,0.0,15.0,0.0,
14,6,0.6000000000000001,1401,car,69.01845577031706,0.0811952302553304,2.498063375482276,0.013169941954753845,4.5,1.8,0.0,15.0,0.0,
14,6,0.6000000000000001,1402,car,106.833342209919,-2.963154780752424,18.775221949480382,-0.009429252677249849,4.5,1.8,0.0,15.0,0.0,
14,6,0.6000000000000001,1403,car,49.63262458617005,-10.008185075163782,21.564578345395176,-0.004192958318616344,4.5,1.8,0.0,15.0,0.0,
14,7,0.7000000000000001,1400,car,-2.3805376060932777,3.678629180485749,-3.357459947122283,0.03009181710668321,4.5,1.8,0.0,15.0,0.0,
14,7,0.7000000000000001,1401,car,69.29481783591626,0.017065080827498677,2.5609683254182363,0.03555938978369453,4.5,1.8,0.0,15.0,0.0,
14,7,0.7000000000000001,1402,car,108.66740941171587,-2.852795403028616,18.733650966976732,-0.001446713144256628,4.5,1.8,0.0,15.0,0.0,
14,7,0.7000000000000001,1403,car,51.74616003725396,-9.933053876261782,21.54059417761852,0.0379241558480522,4.5,1.8,0.0,15.0,0.0,
14,8,0.8,1400,car,-2.6568375865466027,3.6411042657444317,-3.2659740675494677,-0.03726173248617327,4.5,1.8,0.0,15.0,0.0,
14,8,0.8,1401,car,69.41001325985242,0.1026749944943676,2.453497928378863,0.07459084131653197,4.5,1.8,0.0,15.0,0.0,
14,8,0.8,1402,car,110.55094989606617,-2.9954939105091394,18.686227741852864,-0.08170443377575068,4.5,1.8,0.0,15.0,0.0,
14,8,0.8,1403,car,53.93850775028616,-10.065745293361008,21.565698629153317,-0.015241207572678717,4.5,1.8,0.0,15.0,0.0,
14,9,0.9,1400,car,-3.0309714073227587,3.692038862430591,-3.234798501068063,0.05729014360227276,4.5,1.8,0.0,15.0,0.0,
14,9,0.9,1401,car,69.59198521906724,0.09969404822827456,2.4217315717522925,0.008149373777339722,4.5,1.8,0.0,15.0,0.0,
14,9,0.9,1402,car,112.34174370172444,-3.037903583559191,18.66527771636431,0.014668047201360552,4.5,1.8,0.0,15.0,0.0,
14,9,0.9,1403,car,56.09537310992496,-10.015115132784135,21.56034880004602,-0.02898763334047337,4.5,1.8,0.0,15.0,0.0,
14,10,1.0,1400,car,-3.3353229677038176,3.6003204680915073,-3.2063406102790952,-0.014273259398242073,4.5,1.8,0.0,15.0,0.0,
14,10,1.0,1401,car,69.85461031721242,0.12169644872280073,2.5018088459715693,0.019079185078138973,4.5,1.8,0.0,15.0,0.0,
14,10,1.0,1402,car,114.21559336866784,-3.107140665545237,18.705396974110837,-0.013510276020626086,4.5,1.8,0.0,15.0,0.0,
14,10,1.0,1403,car,58.098859975336914,-10.034623955010268,21.569923289764432,-0.04092528488263428,4.5,1.8,0.0,15.0,0.0,
14,11,1.1,1400,car,-3.6677750592427008,3.593172184426597,-3.209136004992886,0.06173209348577274,4.5,1.8,0.0,15.0,0.0,
14,11,1.1,1401,car,69.9736354156911,0.32507669464135713,2.500167079962009,0.029010561697623113,4.5,1.8,0.0,15.0,0.0,
14,11,1.1,1402,car,116.09891669273271,-3.279743022721756,18.652568091361545,-0.026213793981889468,4.5,1.8,0.0,15.0,0.0,
14,11,1.1,1403,car,60.35522428612505,-10.17305606858524,21.52713641841238,0.008242542013912805,4.5,1.8,0.0,15.0,0.0,
14,12,1.2000000000000002,1400,car,-3.941403014963696,3.637444272109747,-3.258336260679072,-0.0798995680095671,4.5,1.8,0.0,15.0,0.0,
14,12,1.2000000000000002,1401,car,70.2775580880086,0.46838908879533003,2.4829019991932246,-0.05723432422420164,4.5,1.8,0.0,15.0,0.0,
14,12,1.2000000000000002,1402,car,117.92118546962239,-3.2403367653832826,18.64091093352271,0.07035968207574063,4.5,1.8,0.0,15.0,0.0,
14,12,1.2000000000000002,1403,car,62.60043499990672,-10.154622261964814,21.42942027343091,-0.03461318144205602,4.5,1.8,0.0,15.0,0.0,
14,13,1.3,1400,car,-4.32203887366617,3.5627826739449477,-3.2487951970858258,0.010572104051761498,4.5,1.8,0.0,15.0,0.0,
14,13,1.3,1401,car,70.35844080111241,0.5488488950014452,2.4837081845095415,0.017882070675430548,4.5,1.8,0.0,15.0,0.0,
14,13,1.3,1402,car,119.85975919646151,-3.317033737317299,18.703856217988502,-0.007089677854358662,4.5,1.8,0.0,15.0,0.0,
14,13,1.3,1403,car,64.8946317499065,-10.244015505492932,21.501332603777456,-0.045199201218377894,4.5,1.8,0.0,15.0,0.0,
14,14,1.4000000000000001,1400,car,-4.392040264714193,3.467599297606538,-3.195965861063056,-0.018119711184625114,4.5,1.8,0.0,15.0,0.0,
14,14,1.4000000000000001,1401,car,70.67831385793001,0.5447963882888784,2.429146665741406,-0.13984150786562108,4.5,1.8,0.0,15.0,0.0,
14,14,1.4000000000000001,1402,car,121.98090314787964,-3.3097313147557976,18.55667971409185,0.015130430323245337,4.5,1.8,0.0,15.0,0.0,
14,14,1.4000000000000001,1403,car,67.11372367593722,-10.315523583844332,21.465914876882277,-0.000992092351999164,4.5,1.8,0.0,15.0,0.0,
14,15,1.5,1400,car,-4.591377427744281,3.4775953095888408,-3.122804595845932,0.05656095862651207,4.5,1.8,0.0,15.0,0.0,
14,15,1.5,1401,car,70.8983500470778,0.38774401236956135,2.4178131238015883,0.026324120019751013,4.5,1.8,0.0,15.0,0.0,
14,15,1.5,1402,car,123.84256046692678,-3.2462888315866683,18.599850712899336,0.026542927670794254,4.5,1.8,0.0,15.0,0.0,
14,15,1.5,1403,car,69.23278230822022,-10.263535236345131,21.577689088458722,-0.0744939780335506,4.5,1.8,0.0,15.0,0.0,
14,16,1.6,1400,car,-4.854929140639729,3.660795638094414,-3.181534095650154,0.050055004592295775,4.5,1.8,0.0,15.0,0.0,
14,16,1.6,1401,car,71.25360308391461,0.24005939687867497,2.4534312095224977,-0.01356579505805648,4.5,1.8,0.0,15.0,0.0,
14,16,1.6,1402,car,125.69650095856572,-3.278784304108638,18.66548516747107,-0.005606051019971363,4.5,1.8,0.0,15.0,0.0,
14,16,1.6,1403,car,71.34421986360103,-10.308172787679352,21.56063959066427,-0.05397677599652683,4.5,1.8,0.0,15.0,0.0,
14,17,1.7000000000000002,1400,car,-5.220295955961691,3.672562600564756,-3.1613150246510284,0.06020195289214032,4.5,1.8,0.0,15.0,0.0,
14,17,1.7000000000000002,1401,car,71.52304409482105,0.1926124239189881,2.4028792098317497,0.014724344040330094,4.5,1.8,0.0,15.0,0.0,
14,17,1.7000000000000002,1402,car,127.55131239723704,-3.2872160285100556,18.678611643328473,0.025969454062236497,4.5,1.8,0.0,15.0,0.0,
14,17,1.7000000000000002,1403,car,73.5272573450811,-10.325224598003823,21.5205705004621,-0.030639238443801776,4.5,1.8,0.0,15.0,0.0,
14,18,1.8,1400,car,-5.451601475914251,3.6302039767250838,-3.2286171642729014,0.05797873407561163,4.5,1.8,0.0,15.0,0.0,
14,18,1.8,1401,car,71.66909416658115,0.19613713429969035,2.4274373640922224,0.00016091877688889365,4.5,1.8,0.0,15.0,0.0,
14,18,1.8,1402,car,129.17135977199874,-3.248167228849383,18.744934805834745,0.03932661139999285,4.5,1.8,0.0,15.0,0.0,
14,18,1.8,1403,car,75.46691499692776,-10.112500165703553,21.454277922865383,-0.05392097298222727,4.5,1.8,0.0,15.0,0.0,
14,19,1.9000000000000001,1400,car,-5.696275432987813,3.6754881218143156,-3.224600409010911,-0.028470312109822128,4.5,1.8,0.0,15.0,0.0,
14,19,1.9000000000000001,1401,car,72.04492357581336,0.19220454928152636,2.349146513610995,0.061614997498923164,4.5,1.8,0.0,15.0,0.0,
14,19,1.9000000000000001,1402,car,131.06778175187893,-3.136666558120586,18.773562237007535,0.1195811373102844,4.5,1.8,0.0,15.0,0.0,
14,19,1.9000000000000001,1403,car,77.58134576203507,-10.11089084157143,21.490269455063373,-0.015189614290335383,4.5,1.8,0.0,15.0,0.0,
14,20,2.0,1400,car,-5.938471703005875,3.380746815215548,-3.228239571802195,-0.005149623433322863,4.5,1.8,0.0,15.0,0.0,
14,20,2.0,1401,car,72.26591670582563,0.10451185443068174,2.3944526555383097,-0.025222241188596825,4.5,1.8,0.0,15.0,0.0,
14,20,2.0,1402,car,132.96516541558688,-3.1403829220920216,18.798580447400226,0.07154803994519436,4.5,1.8,0.0,15.0,0.0,
14,20,2.0,1403,car,79.74988309306275,-10.026751138933282,21.497512963655353,-0.02530040969632449,4.5,1.8,0.0,15.0,0.0,
14,21,2.1,1400,car,-6.275451413842088,3.352392577073267,-3.199831465206218,0.0053326021134592,4.5,1.8,0.0,15.0,0.0,
14,21,2.1,1401,car,72.42593551312326,0.08231562801936146,2.3181568205845053,-0.00923015943252089,4.5,1.8,0.0,15.0,0.0,
14,21,2.1,1402,car,134.84515404711732,-2.9595381020534277,18.86600305044245,-0.051703729882319194,4.5,1.8,0.0,15.0,0.0,
14,21,2.1,1403,car,81.91981133136146,-10.004820107521073,21.485991096017113,-0.008334426244060828,4.5,1.8,0.0,15.0,0.0,
14,22,2.2,1400,car,-6.630829534691929,3.5396634257615975,-3.220640677877915,0.01704685717996341,4.5,1.8,0.0,15.0,0.0,
14,22,2.2,1401,car,72.4048481818088,0.16467246635934707,2.3773695609471273,-0.05260150145503111,4.5,1.8,0.0,15.0,0.0,
14,22,2.2,1402,car,136.68056567715274,-2.9143877500407895,18.866976085163074,0.02331847952596116,4.5,1.8,0.0,15.0,0.0,
14,22,2.2,1403,car,84.03968633450569,-9.81849356881592,21.452504089410162,0.1345787356524108,4.5,1.8,0.0,15.0,0.0,
14,23,2.3000000000000003,1400,car,-6.828701210744807,3.6228749545000296,-3.27266455959578,0.04548411918474863,4.5,1.8,0.0,15.0,0.0,
14,23,2.3000000000000003,1401,car,72.70297898097157,-0.04728857390794558,2.307139545586066,0.017881396320774855,4.5,1.8,0.0,15.0,0.0,
14,23,2.3000000000000003,1402,car,138.55393331350245,-2.9660355709958726,18.92092354488585,-0.04418896442096623,4.5,1.8,0.0,15.0,0.0,
14,23,2.3000000000000003,1403,car,86.13941264914509,-9.883196547617617,21.478012552304147,-0.08597290999105045,4.5,1.8,0.0,15.0,0.0,
14,24,2.4000000000000004,1400,car,-7.205734851889426,3.450598432433761,-3.288308333357875,0.036152450487875985,4.5,1.8,0.0,15.0,0.0,
14,24,2.4000000000000004,1401,car,73.00778258505488,-0.12004840718469259,2.3338056432318623,-0.009258171112246938,4.5,1.8,0.0,15.0,0.0,
14,24,2.4000000000000004,1402,car,140.5821341652989,-2.9790318571432675,18.77227117677169,0.04473405043554866,4.5,1.8,0.0,15.0,0.0,
14,24,2.4000000000000004,1403,car,88.24130398445159,-9.91061654283256,21.494808725916172,-0.07123539565373684,4.5,1.8,0.0,15.0,0.0,
14,25,2.5,1400,car,-7.527100327737349,3.5040481319223127,-3.270105123884721,-0.029946562551671052,4.5,1.8,0.0,15.0,0.0,
14,25,2.5,1401,car,73.34035634573019,-0.21979800210928702,2.3025295616129458,-0.006800071776357223,4.5,1.8,0.0,15.0,0.0,
14,25,2.5,1402,car,142.48890811890325,-3.0114861889788664,18.83370052172177,0.014764310680057603,4.5,1.8,0.0,15.0,0.0,
14,25,2.5,1403,car,90.39835065341319,-9.884602926920243,21.531454022464256,0.012038744657050852,4.5,1.8,0.0,15.0,0.0,
14,26,2.6,1400,car,-8.03506252344073,3.6129990183252,-3.2641213634809163,0.034242640361087325,4.5,1.8,0.0,15.0,0.0,
14,26,2.6,1401,car,73.53001494928816,-0.40246965671797785,2.188584080619229,-0.0472183894678885,4.5,1.8,0.0,15.0,0.0,
14,26,2.6,1402,car,144.42400759476118,-2.8816970934824386,18.848799082985565,-0.05261137046870821,4.5,1.8,0.0,15.0,0.0,
14,26,2.6,1403,car,92.47308364129525,-9.748524617055125,21.465914978937178,0.10508864407571816,4.5,1.8,0.0,15.0,0.0,
14,27,2.7,1400,car,-8.173870907206359,3.826471225312188,-3.2450862891066943,-0.01707624087992473,4.5,1.8,0.0,15.0,0.0,
14,27,2.7,1401,car,73.78450798396523,-0.31161116161278357,2.1560452853297134,-0.05506016189130806,4.5,1.8,0.0,15.0,0.0,
14,27,2.7,1402,car,146.28049385365668,-2.9589278712356752,18.910843406918083,-0.03082147568646575,4.5,1.8,0.0,15.0,0.0,
14,27,2.7,1403,car,94.6292392858487,-9.65022056499434,21.52990709445447,0.010427964092736062,4.5,1.8,0.0,15.0,0.0,
14,28,2.8000000000000003,1400,car,-8.459949912455702,3.7247721625618406,-3.193933456760499,0.06317616211486336,4.5,1.8,0.0,15.0,0.0,
14,28,2.8000000000000003,1401,car,73.81307720525629,-0.13531657955922138,2.1210123119861977,0.029731544406763677,4.5,1.8,0.0,15.0,0.0,
14,28,2.8000000000000003,1402,car,148.17933436683006,-2.9649654558467327,18.90051750800424,-0.04962816660117779,4.5,1.8,0.0,15.0,0.0,
14,28,2.8000000000000003,1403,car,96.83461279635894,-9.67882503186991,21.46443597838825,-0.051750234422451795,4.5,1.8,0.0,15.0,0.0,
14,29,2.9000000000000004,1400,car,-8.90858788450089,3.6723131075316386,-3.1696784913388814,-0.035555902529944,4.5,1.8,0.0,15.0,0.0,
14,29,2.9000000000000004,1401,car,74.12272259212857,-0.1472380275009577,2.106542065894129,0.0008382715148034525,4.5,1.8,0.0,15.0,0.0,
14,29,2.9000000000000004,1402,car,150.2089016108061,-3.1020993250409634,18.983335856575195,0.04800800544623175,4.5,1.8,0.0,15.0,0.0,
14,29,2.9000000000000004,1403,car,98.97889074469403,-9.560522463392898,21.448312335784532,0.014283918766348762,4.5,1.8,0.0,15.0,0.0,
14,30,3.0,1400,car,-9.27969718438895,3.768960623920168,-3.2050412716006647,-0.0025683894500870244,4.5,1.8,0.0,15.0,0.0,
14,30,3.0,1401,car,74.4012906805505,-0.04241906335213949,2.0654843138056846,0.03765691175601829,4.5,1.8,0.0,15.0,0.0,
14,30,3.0,1402,car,152.009036688351,-3.3171324076018562,18.945932674213655,0.041732998803815875,4.5,1.8,0.0,15.0,0.0,
14,30,3.0,1403,car,101.1225002903747,-9.614022260568518,21.451086251959083,0.0011199836508377634,4.5,1.8,0.0,15.0,0.0,
14,31,3.1,1400,car,-9.538011456662586,3.607789631477603,-3.2101589194423905,0.006213863577076212,4.5,1.8,0.0,15.0,0.0,
14,31,3.1,1401,car,74.47130209554564,-0.18032730547560305,2.0472488928565653,0.00042621416350625553,4.5,1.8,0.0,15.0,0.0,
14,31,3.1,1402,car,153.9048345582779,-3.3727672557361807,18.916065944565297,-0.019758816073963476,4.5,1.8,0.0,15.0,0.0,
14,31,3.1,1403,car,103.29746109170549,-9.489560159889187,21.340066407636876,0.031150106065091283,4.5,1.8,0.0,15.0,0.0,
14,32,3.2,1400,car,-9.870142514726172,3.678654340659326,-3.150881752579341,0.145168506927565,4.5,1.8,0.0,15.0,0.0,
14,32,3.2,1401,car,74.77045745262102,-0.28743911083655654,2.053628854494928,0.1707989722515946,4.5,1.8,0.0,15.0,0.0,
14,32,3.2,1402,car,155.8010690995352,-3.4533782031492914,18.937910117367807,0.26223917399413277,4.5,1.8,0.0,15.0,0.0,
14,32,3.2,1403,car,105.33428204538754,-9.452303126651026,21.382860063690828,0.16808777431012123,4.5,1.8,0.0,15.0,0.0,
14,33,3.3000000000000003,1400,car,-10.04919139782844,3.6720700524105623,-3.1566964877392807,0.3141877491097506,4.5,1.8,0.0,15.0,0.0,
14,33,3.3000000000000003,1401,car,74.98847937377748,-0.25075227039355164,2.085423916737171,0.3320351569099645,4.5,1.8,0.0,15.0,0.0,
14,33,3.3000000000000003,1402,car,157.62666054881691,-3.3707444454661855,19.007769641871533,0.3952959713126284,4.5,1.8,0.0,15.0,0.0,
14,33,3.3000000000000003,1403,car,107.65730927661774,-9.360387833635723,21.408824706483546,0.39781010296457514,4.5,1.8,0.0,15.0,0.0,
14,34,3.4000000000000004,1400,car,-10.216043971024453,3.8499050330378966,-3.210940399394719,0.580808834536662,4.5,1.8,0.0,15.0,0.0,
14,34,3.4000000000000004,1401,car,75.22355741603104,-0.21607779796682855,1.9967774589643001,0.46377169464314455,4.5,1.8,0.0,15.0,0.0,
14,34,3.4000000000000004,1402,car,159.49099079099275,-3.463125622294044,18.99058180093384,0.5764968027942563,4.5,1.8,0.0,15.0,0.0,
14,34,3.4000000000000004,1403,car,109.74009611492048,-9.297963599344984,21.355327108569593,0.5557181044047,4.5,1.8,0.0,15.0,0.0,
14,35,3.5,1400,car,-10.48632447181697,3.7787905198747476,-3.2485347142246184,0.6484306120122831,4.5,1.8,0.0,15.0,0.0,
14,35,3.5,1401,car,75.47415664160926,-0.12849822937374536,1.994291869252521,0.705375048475585,4.5,1.8,0.0,15.0,0.0,
14,35,3.5,1402,car,161.4223325146294,-3.3576615605546385,18.96580292624316,0.6800092851891302,4.5,1.8,0.0,15.0,0.0,
14,35,3.5,1403,car,111.86972930627375,-9.245758176606692,21.45836121982206,0.6925943917640969,4.5,1.8,0.0,15.0,0.0,
14,36,3.6,1400,car,-10.782211412027992,3.9128831687030625,-3.178508499693909,0.8344407704126932,4.5,1.8,0.0,15.0,0.0,
14,36,3.6,1401,car,75.80755061144868,-0.055737786805829456,2.1193591307348414,0.8931301109613073,4.5,1.8,0.0,15.0,0.0,
14,36,3.6,1402,car,163.19601989431862,-3.289877427818927,19.032616394109574,0.8790770577205612,4.5,1.8,0.0,15.0,0.0,
14,36,3.6,1403,car,114.00960288749624,-9.086358460219923,21.44111133528868,0.864463341210853,4.5,1.8,0.0,15.0,0.0,
14,37,3.7,1400,car,-11.194529712990539,4.188627665950884,-3.2396390636562855,1.0370975245000025,4.5,1.8,0.0,15.0,0.0,
14,37,3.7,1401,car,76.06747497933036,0.04575952035350718,2.0566659909603504,0.9786859901262714,4.5,1.8,0.0,15.0,0.0,
14,37,3.7,1402,car,165.15153322556526,-3.26500293952736,18.92901553298515,1.047973107651283,4.5,1.8,0.0,15.0,0.0,
14,37,3.7,1403,car,116.06646448302953,-8.920374113711715,21.431030270377466,1.016133575086138,4.5,1.8,0.0,15.0,0.0,
14,38,3.8000000000000003,1400,car,-11.51326980105446,4.191876189057647,-3.280911718036166,1.157982358690269,4.5,1.8,0.0,15.0,0.0,
14,38,3.8000000000000003,1401,car,76.15870728594933,0.23423914241247173,2.041297041935946,1.098506731045457,4.5,1.8,0.0,15.0,0.0,
14,38,3.8000000000000003,1402,car,166.98853188098488,-3.1377848269223687,18.906711010309557,1.190969355447787,4.5,1.8,0.0,15.0,0.0,
14,38,3.8000000000000003,1403,car,118.26697114501854,-8.563106230003603,21.488562480445502,1.0891600439098355,4.5,1.8,0.0,15.0,0.0,
14,39,3.9000000000000004,1400,car,-11.877384221357945,4.295262404271394,-3.2521581719149344,1.2538241410503546,4.5,1.8,0.0,15.0,0.0,
14,39,3.9000000000000004,1401,car,76.3097117737231,0.23984829928008355,2.0111837557613708,1.2722551672228364,4.5,1.8,0.0,15.0,0.0,
14,39,3.9000000000000004,1402,car,168.8479024007302,-3.1263857561558,18.955812297279603,1.3241141377271095,4.5,1.8,0.0,15.0,0.0,
14,39,3.9000000000000004,1403,car,120.27094441579165,-8.430458591628316,21.410299736458374,1.3676162308867719,4.5,1.8,0.0,15.0,0.0,
14,40,4.0,1400,car,-12.041189201233776,4.431266648898156,-3.2947904302826676,1.3825662737763798,4.5,1.8,0.0,15.0,0.0,
14,40,4.0,1401,car,76.46545594107165,0.37074354970323947,2.0797072381316872,1.4635598306716118,4.5,1.8,0.0,15.0,0.0,
14,40,4.0,1402,car,170.84058408083155,-2.9677499550728994,18.898131711082517,1.377276904674577,4.5,1.8,0.0,15.0,0.0,
14,40,4.0,1403,car,122.41804651575274,-8.408990627297108,21.42549888398598,1.4560359162266758,4.5,1.8,0.0,15.0,0.0,
14,41,4.1000000000000005,1400,car,-12.316133705066209,4.633340041852265,-3.3881045627804878,1.5822122464563226,4.5,1.8,0.0,15.0,0.0,
14,41,4.1000000000000005,1401,car,76.51668813188161,0.5070230739809339,2.110634415320991,1.533474332922009,4.5,1.8,0.0,15.0,0.0,
14,41,4.1000000000000005,1402,car,172.6026136192352,-2.9260280717009923,18.912485292202856,1.5410867073112424,4.5,1.8,0.0,15.0,0.0,
14,41,4.1000000000000005,1403,car,124.44987601969005,-8.218176917738335,21.349735210001278,1.5467639194879572,4.5,1.8,0.0,15.0,0.0,
14,42,4.2,1400,car,-12.743328343520961,4.801261842731541,-3.392474447395263,1.6567374172701153,4.5,1.8,0.0,15.0,0.0,
14,42,4.2,1401,car,76.75196457628374,0.6069833436043376,2.1286140505981996,1.7058252128356008,4.5,1.8,0.0,15.0,0.0,
14,42,4.2,1402,car,174.56787444058418,-2.772074317986907,18.870804643635957,1.5678799758441662,4.5,1.8,0.0,15.0,0.0,
14,42,4.2,1403,car,126.6528488328537,-8.146886719883046,21.349869648055236,1.6705854964915225,4.5,1.8,0.0,15.0,0.0,
14,43,4.3,1400,car,-13.06753654895812,4.8597835539534495,-3.2835820547616326,1.7524713184138143,4.5,1.8,0.0,15.0,0.0,
14,43,4.3,1401,car,77.01494363718147,0.9009937750898982,2.1152650665414843,1.7005716273997913,4.5,1.8,0.0,15.0,0.0,
14,43,4.3,1402,car,176.4126009244297,-2.7411809306307506,19.00040077417799,1.5940220001853538,4.5,1.8,0.0,15.0,0.0,
14,43,4.3,1403,car,128.81759161076502,-7.951864161013577,21.375669927264713,1.6598646902069265,4.5,1.8,0.0,15.0,0.0,
14,44,4.4,1400,car,-13.403819738757095,5.044800557420897,-3.2595886306945934,1.7116674832126482,4.5,1.8,0.0,15.0,0.0,
14,44,4.4,1401,car,77.21963402925314,0.9400586109243767,2.215949190026353,1.738543258749278,4.5,1.8,0.0,15.0,0.0,
14,44,4.4,1402,car,178.33353167797793,-2.6324518299362953,18.950220064535497,1.7547576236865365,4.5,1.8,0.0,15.0,0.0,
14,44,4.4,1403,car,130.93917236498305,-7.718581872427872,21.308062420579656,1.7891010434829913,4.5,1.8,0.0,15.0,0.0,
14,45,4.5,1400,car,-13.639640858285611,5.210735619833882,-3.236207359773448,1.777463534871219,4.5,1.8,0.0,15.0,0.0,
14,45,4.5,1401,car,77.30753089321433,1.2818826317526164,2.2401122399305016,1.7052082025178432,4.5,1.8,0.0,15.0,0.0,
14,45,4.5,1402,car,180.11889451876505,-2.3597007241084427,18.96077802439685,1.764543362041083,4.5,1.8,0.0,15.0,0.0,
14,45,4.5,1403,car,133.07264506249663,-7.644814909656029,21.33349331007606,1.7305365599369555,4.5,1.8,0.0,15.0,0.0,
14,46,4.6000000000000005,1400,car,-13.96543070691227,5.623435890404439,-3.1927539028852125,1.7963382454878962,4.5,1.8,0.0,15.0,0.0,
14,46,4.6000000000000005,1401,car,77.80359442995113,1.4953400189706283,2.246097616752967,1.716039632530438,4.5,1.8,0.0,15.0,0.0,
14,46,4.6000000000000005,1402,car,181.969717135382,-2.389411100763264,19.000299191337177,1.68665395013448,4.5,1.8,0.0,15.0,0.0,
14,46,4.6000000000000005,1403,car,135.2962679916998,-7.474117511352087,21.33989624581428,1.74788160349278,4.5,1.8,0.0,15.0,0.0,
14,47,4.7,1400,car,-14.146098654312494,5.91842145808753,-3.1941984731679436,1.6954631130738134,4.5,1.8,0.0,15.0,0.0,
14,47,4.7,1401,car,78.12059310215963,1.57192385351855,2.168354552197059,1.7653308103188645,4.5,1.8,0.0,15.0,0.0,
14,47,4.7,1402,car,183.99159604669606,-2.255878285853204,19.020525075748914,1.7196296263075932,4.5,1.8,0.0,15.0,0.0,
14,47,4.7,1403,car,137.5024569511498,-7.190573211021417,21.32675298509018,1.6890331590083518,4.5,1.8,0.0,15.0,0.0,
14,48,4.800000000000001,1400,car,-14.611221561890442,6.182166131461971,-3.251026797753335,1.7303595133442782,4.5,1.8,0.0,15.0,0.0,
14,48,4.800000000000001,1401,car,78.4151692642236,1.6929694957919117,2.160044009688061,1.7617104736594984,4.5,1.8,0.0,15.0,0.0,
14,48,4.800000000000001,1402,car,185.81282917553747,-2.1756736162281975,19.00880551468846,1.7756539343879785,4.5,1.8,0.0,15.0,0.0,
14,48,4.800000000000001,1403,car,139.79620535911917,-7.029275682937075,21.29114690368794,1.764964032080139,4.5,1.8,0.0,15.0,0.0,
14,49,4.9,1400,car,-15.103253799831824,6.373362107228432,-3.2532224773952954,1.7290402956927375,4.5,1.8,0.0,15.0,0.0,
14,49,4.9,1401,car,78.77067551915623,1.7651515303488363,2.16842791146181,1.6358186864044415,4.5,1.8,0.0,15.0,0.0,
14,49,4.9,1402,car,187.68437698851565,-1.9474999484207485,18.992060808583865,1.6740451763429196,4.5,1.8,0.0,15.0,0.0,
14,49,4.9,1403,car,142.02104726601596,-6.711324620205831,21.305580910928413,1.6702371738685253,4.5,1.8,0.0,15.0,0.0,
14,50,5.0,1400,car,-15.539305063519539,6.691812407726959,-3.228437424003888,1.6055158070988862,4.5,1.8,0.0,15.0,0.0,
14,50,5.0,1401,car,78.99602323252208,1.961087332791817,2.2070174359558465,1.6434820773810812,4.5,1.8,0.0,15.0,0.0,
14,50,5.0,1402,car,189.74466325895472,-1.7633606424820316,19.079770869547136,1.6515907148486797,4.5,1.8,0.0,15.0,0.0,
14,50,5.0,1403,car,144.14559221899185,-6.718191537962708,21.30985902414326,1.6766284411190677,4.5,1.8,0.0,15.0,0.0,
14,51,5.1000000000000005,1400,car,-15.939675118933149,6.851613118135491,-3.220176478537799,1.5626507862143277,4.5,1.8,0.0,15.0,0.0,
14,51,5.1000000000000005,1401,car,79.17794382133933,2.025703403608565,2.2355175435170334,1.4783751056708876,4.5,1.8,0.0,15.0,0.0,
14,51,5.1000000000000005,1402,car,191.4690898106952,-1.4277690043769682,19.126122402654016,1.6097138458936273,4.5,1.8,0.0,15.0,0.0,
14,51,5.1000000000000005,1403,car,146.36397939670772,-6.498600600131186,21.32833580581428,1.506243042544654,4.5,1.8,0.0,15.0,0.0,
14,52,5.2,1400,car,-16.21048210859642,6.937867843713697,-3.27363793716176,1.399168449310104,4.5,1.8,0.0,15.0,0.0,
14,52,5.2,1401,car,79.53064480482617,2.0440407089316555,2.1746917109770285,1.4453451982917986,4.5,1.8,0.0,15.0,0.0,
14,52,5.2,1402,car,193.34019418051693,-1.2376415258454059,19.17561527424799,1.4388563643690515,4.5,1.8,0.0,15.0,0.0,
14,52,5.2,1403,car,148.4335884194213,-6.22872924526271,21.365441939944457,1.4171211328656366,4.5,1.8,0.0,15.0,0.0,
14,53,5.300000000000001,1400,car,-16.54000418370244,7.10531744211994,-3.2892371221746752,1.2189432098494373,4.5,1.8,0.0,15.0,0.0,
14,53,5.300000000000001,1401,car,79.82312975055004,2.243165355377317,2.059638412692192,1.3260372517183028,4.5,1.8,0.0,15.0,0.0,
14,53,5.300000000000001,1402,car,195.4334040618307,-1.2203550167042156,19.171950709703452,1.2914043288787374,4.5,1.8,0.0,15.0,0.0,
14,53,5.300000000000001,1403,car,150.73617380685283,-5.98658419638847,21.321521132618834,1.3176093707533665,4.5,1.8,0.0,15.0,0.0,
14,54,5.4,1400,car,-16.638660682692155,7.159944508318627,-3.2897948113576416,1.196653926302382,4.5,1.8,0.0,15.0,0.0,
14,54,5.4,1401,car,79.96808813684734,2.536583519989392,2.036004997678016,1.1015268046717916,4.5,1.8,0.0,15.0,0.0,
14,54,5.4,1402,car,197.2981009289094,-1.0379551519727985,19.13204200341574,1.1860885305713564,4.5,1.8,0.0,15.0,0.0,
14,54,5.4,1403,car,152.9245809641289,-5.990379744483635,21.293336021739123,1.1884271041049046,4.5,1.8,0.0,15.0,0.0,
14,55,5.5,1400,car,-16.89739894782757,7.208928525493046,-3.28220619584524,1.0144273790245395,4.5,1.8,0.0,15.0,0.0,
14,55,5.5,1401,car,80.24447365369521,2.691387297057135,2.0173308469182323,1.0525463840716354,4.5,1.8,0.0,15.0,0.0,
14,55,5.5,1402,car,199.1700452920717,-0.8893565373859679,19.15560673068297,1.1471765179402529,4.5,1.8,0.0,15.0,0.0,
14,55,5.5,1403,car,155.02028834209239,-5.9016441740288,21.260974441719515,0.9769830066223677,4.5,1.8,0.0,15.0,0.0,
14,56,5.6000000000000005,1400,car,-17.271265616771334,7.36293859501517,-3.245333119277775,0.8897839922343663,4.5,1.8,0.0,15.0,0.0,
14,56,5.6000000000000005,1401,car,80.41663025033404,2.729549798464054,1.971489321395131,0.8471556199518496,4.5,1.8,0.0,15.0,0.0,
14,56,5.6000000000000005,1402,car,200.95609315922675,-0.6660707061984016,19.24746430499907,0.7782068623250036,4.5,1.8,0.0,15.0,0.0,
14,56,5.6000000000000005,1403,car,157.17531215004942,-5.786874978493198,21.27141488119902,0.8453627839393495,4.5,1.8,0.0,15.0,0.0,
14,57,5.7,1400,car,-17.49354753282354,7.475165237711291,-3.193627031579583,0.6749135264120097,4.5,1.8,0.0,15.0,0.0,
14,57,5.7,1401,car,80.47546090200775,2.8442192639605213,1.9233421351042184,0.7645191056743437,4.5,1.8,0.0,15.0,0.0,
14,57,5.7,1402,car,202.66817745828897,-0.6417457831503559,19.216668212616415,0.695170293291042,4.5,1.8,0.0,15.0,0.0,
14,57,5.7,1403,car,159.32856354536563,-5.676072492354793,21.303401761314756,0.7495384435971316,4.5,1.8,0.0,15.0,0.0,
14,58,5.800000000000001,1400,car,-17.830062796048676,7.740113647897553,-3.1242725148817336,0.5251803293730901,4.5,1.8,0.0,15.0,0.0,
14,58,5.800000000000001,1401,car,80.65410774630398,2.8649924587061117,1.9415070657972473,0.4921828486490157,4.5,1.8,0.0,15.0,0.0,
14,58,5.800000000000001,1402,car,204.51089053345822,-0.8044044336761776,19.196735206177756,0.5940176993548583,4.5,1.8,0.0,15.0,0.0,
14,58,5.800000000000001,1403,car,161.44369361948216,-5.631610712487143,21.31730971850753,0.49066786851640176,4.5,1.8,0.0,15.0,0.0,
14,59,5.9,1400,car,-18.139961426272425,7.865531143340544,-3.1089443565511345,0.4127536954941635,4.5,1.8,0.0,15.0,0.0,
14,59,5.9,1401,car,80.97467164351056,2.9676359807630006,1.9058387145882443,0.34663869075006504,4.5,1.8,0.0,15.0,0.0,
14,59,5.9,1402,car,206.62371293937267,-0.7366030364502201,19.205783035666375,0.32084749191238027,4.5,1.8,0.0,15.0,0.0,
14,59,5.9,1403,car,163.56627847577138,-5.523588807978757,21.318052004032353,0.33787654718854565,4.5,1.8,0.0,15.0,0.0,
14,60,6.0,1400,car,-18.479594478222282,8.003006156213992,-3.0755553159179225,0.20962682206150504,4.5,1.8,0.0,15.0,0.0,
14,60,6.0,1401,car,81.20934372886425,2.867625465911318,1.9194561689257077,0.23632518457989946,4.5,1.8,0.0,15.0,0.0,
14,60,6.0,1402,car,208.51819908881728,-0.6205677491422983,19.233044371592435,0.22430845284622855,4.5,1.8,0.0,15.0,0.0,
14,60,6.0,1403,car,165.70317732483034,-5.416637770785169,21.24481792336132,0.18458209672706216,4.5,1.8,0.0,15.0,0.0,
14,61,6.1000000000000005,1400,car,-18.71584852370632,8.032636108838588,-3.0207741331177207,-0.007854941259807275,4.5,1.8,0.0,15.0,0.0,
14,61,6.1000000000000005,1401,car,81.34654381845631,2.703717965995082,1.9058078439070627,0.02584374734099809,4.5,1.8,0.0,15.0,0.0,
14,61,6.1000000000000005,1402,car,210.51760437735143,-0.7604863073079003,19.291810627908767,-0.04872104105648567,4.5,1.8,0.0,15.0,0.0,
14,61,6.1000000000000005,1403,car,167.815544303037,-5.4735194089509225,21.26568041755294,0.004703735877092244,4.5,1.8,0.0,15.0,0.0,
14,62,6.2,1400,car,-18.95012908148111,8.217016570291026,-3.0008815094673835,-0.028833981931712344,4.5,1.8,0.0,15.0,0.0,
14,62,6.2,1401,car,81.58323150560257,2.8982318906688196,1.9386248570985105,0.047284680452999495,4.5,1.8,0.0,15.0,0.0,
14,62,6.2,1402,car,212.2874277951525,-0.7217984474121628,19.278409740412485,-0.03400624310362084,4.5,1.8,0.0,15.0,0.0,
14,62,6.2,1403,car,169.9398806120664,-5.462656010821208,21.23446082245334,0.009423188010436422,4.5,1.8,0.0,15.0,0.0,
14,63,6.300000000000001,1400,car,-19.267565942207735,8.287260457742638,-2.989502767426355,0.018796167942464866,4.5,1.8,0.0,15.0,0.0,
14,63,6.300000000000001,1401,car,81.87503278818109,2.953727476652741,1.9383206374680542,-0.10434624750082,4.5,1.8,0.0,15.0,0.0,
14,63,6.300000000000001,1402,car,214.26664156857325,-0.8129907776378671,19.27409784917747,0.01855234926298897,4.5,1.8,0.0,15.0,0.0,
14,63,6.300000000000001,1403,car,172.19662959669083,-5.278423730676185,21.18839990810977,-0.0657931438181232,4.5,1.8,0.0,15.0,0.0,
14,64,6.4,1400,car,-19.533944502031687,8.311503233146428,-3.0495965613225597,-0.0008301500965041697,4.5,1.8,0.0,15.0,0.0,
14,64,6.4,1401,car,82.12861894650257,2.8307123044348486,1.8885913678615085,-0.03220799676811264,4.5,1.8,0.0,15.0,0.0,
14,64,6.4,1402,car,216.17282532859068,-0.7435936270603205,19.257773815498705,0.002765841301225225,4.5,1.8,0.0,15.0,0.0,
14,64,6.4,1403,car,174.5400873705258,-5.374054758944061,21.155750238244703,0.03390444371454567,4.5,1.8,0.0,15.0,0.0,
14,65,6.5,1400,car,-19.740099839050664,8.352983320511028,-2.959148182884293,0.015872796743599465,4.5,1.8,0.0,15.0,0.0,
14,65,6.5,1401,car,82.11986771493774,2.8404118731795847,1.860042186656633,0.06919058744278046,4.5,1.8,0.0,15.0,0.0,
14,65,6.5,1402,car,218.19506511656203,-0.9025627047063816,19.325289718678082,0.04696838843993732,4.5,1.8,0.0,15.0,0.0,
14,65,6.5,1403,car,176.6232161814402,-5.381898948380633,21.22535909030153,-0.09857559578874767,4.5,1.8,0.0,15.0,0.0,
14,66,6.6000000000000005,1400,car,-19.991474856835126,8.46232428402353,-2.963583834419895,0.03239549065708949,4.5,1.8,0.0,15.0,0.0,
14,66,6.6000000000000005,1401,car,82.31618738725918,2.762007946208393,1.8195906857859203,0.03559646336895555,4.5,1.8,0.0,15.0,0.0,
14,66,6.6000000000000005,1402,car,220.06402341587602,-1.0550207985459574,19.331409653264156,-0.025654071048425653,4.5,1.8,0.0,15.0,0.0,
14,66,6.6000000000000005,1403,car,178.62584127794636,-5.374724205073845,21.26372292730588,0.001007503209570923,4.5,1.8,0.0,15.0,0.0,
14,67,6.7,1400,car,-20.394457325883693,8.510504640263886,-2.911826015316072,0.1106517081648461,4.5,1.8,0.0,15.0,0.0,
14,67,6.7,1401,car,82.64233085886434,2.661472107188524,1.8624948226906501,0.012826196032879876,4.5,1.8,0.0,15.0,0.0,
14,67,6.7,1402,car,221.88195446511548,-1.0266412773637603,19.42734348815951,0.05979321053595857,4.5,1.8,0.0,15.0,0.0,
14,67,6.7,1403,car,180.6508685900533,-5.373352483385351,21.288306648821223,-0.08649518008195733,4.5,1.8,0.0,15.0,0.0,
14,68,6.800000000000001,1400,car,-20.855183703784256,8.525967424674752,-2.9034422628193712,-0.09194094667313762,4.5,1.8,0.0,15.0,0.0,
14,68,6.800000000000001,1401,car,82.86737769370417,2.770168377538366,1.8515797392479245,0.0029905893095589164,4.5,1.8,0.0,15.0,0.0,
14,68,6.800000000000001,1402,car,223.88182998559986,-0.9827383497343548,19.34391236305125,-0.04525605960568094,4.5,1.8,0.0,15.0,0.0,
14,68,6.800000000000001,1403,car,182.74011391131657,-5.45943518846397,21.36165507372008,0.03172379691336915,4.5,1.8,0.0,15.0,0.0,
14,69,6.9,1400,car,-21.256500470645854,8.504533848895301,-2.846922655966855,-0.03231196956941742,4.5,1.8,0.0,15.0,0.0,
14,69,6.9,1401,car,83.13769405306338,2.9084863465944313,1.912386787480253,0.009020207229191458,4.5,1.8,0.0,15.0,0.0,
14,69,6.9,1402,car,225.9413237216365,-1.034962151392886,19.468206429948555,0.012042477071726941,4.5,1.8,0.0,15.0,0.0,
14,69,6.9,1403,car,184.99095883489954,-5.495636074365481,21.386625800382653,0.027173174033068744,4.5,1.8,0.0,15.0,0.0,
14,70,7.0,1400,car,-21.63407610366904,8.408689511904125,-2.857147783787982,0.05526662719229955,4.5,1.8,0.0,15.0,0.0,
14,70,7.0,1401,car,83.14578996742691,2.8722014246251617,1.9778804186235621,-0.06160646967188427,4.5,1.8,0.0,15.0,0.0,
14,70,7.0,1402,car,228.01353443095692,-1.1477414490496531,19.422379349244334,-0.007361088893799221,4.5,1.8,0.0,15.0,0.0,
14,70,7.0,1403,car,187.3169673217759,-5.559636794006713,21.29997766096454,-0.07009680237395625,4.5,1.8,0.0,15.0,0.0,
14,71,7.1000000000000005,1400,car,-21.826596063020588,8.273215483394898,-2.7977495550139238,0.003489541055030275,4.5,1.8,0.0,15.0,0.0,
14,71,7.1000000000000005,1401,car,83.34035088662776,2.9019318492211075,1.9378344018287235,0.006893596074759602,4.5,1.8,0.0,15.0,0.0,
14,71,7.1000000000000005,1402,car,229.83646506620767,-1.0128523560842466,19.3710145877488,0.02194403174618481,4.5,1.8,0.0,15.0,0.0,
14,71,7.1000000000000005,1403,car,189.3434900576463,-5.612957252655854,21.28128605925655,0.1490673990460675,4.5,1.8,0.0,15.0,0.0,
14,72,7.2,1400,car,-22.107815627195503,8.191062503690878,-2.8199773356026174,-0.07523362758937635,4.5,1.8,0.0,15.0,0.0,
14,72,7.2,1401,car,83.51785573466512,3.0870405156619944,1.9546363783777247,0.04517004748634271,4.5,1.8,0.0,15.0,0.0,
14,72,7.2,1402,car,231.68257216100204,-1.0331865730084173,19.38120971951161,-0.03626534152131257,4.5,1.8,0.0,15.0,0.0,
14,72,7.2,1403,car,191.5116193372451,-5.551414411136977,21.30842846179838,-0.007554163866917288,4.5,1.8,0.0,15.0,0.0,
14,73,7.300000000000001,1400,car,-22.280722230690508,8.16530075983903,-2.8374183749914814,0.07207695035502296,4.5,1.8,0.0,15.0,0.0,
14,73,7.300000000000001,1401,car,83.60262274253283,2.9167436235834465,1.91124556256582,0.019362096333901988,4.5,1.8,0.0,15.0,0.0,
14,73,7.300000000000001,1402,car,233.7490522343997,-1.0992384238265789,19.471951595526132,0.0013598677138156581,4.5,1.8,0.0,15.0,0.0,
14,73,7.300000000000001,1403,car,193.6309092287051,-5.636408225218933,21.40599622023016,-0.007514443900949347,4.5,1.8,0.0,15.0,0.0,
14,74,7.4,1400,car,-22.697662870808823,8.411067626722076,-2.8177348702988643,0.039941522530214026,4.5,1.8,0.0,15.0,0.0,
14,74,7.4,1401,car,83.96190332087349,2.9781898818288908,1.9599900304180429,0.0027162536164027458,4.5,1.8,0.0,15.0,0.0,
14,74,7.4,1402,car,235.76962062269584,-1.1026542052822415,19.470941091234078,0.005985837826697331,4.5,1.8,0.0,15.0,0.0,
14,74,7.4,1403,car,195.7318273361235,-5.58597044168534,21.431088478990915,0.0409458299947295,4.5,1.8,0.0,15.0,0.0,
14,75,7.5,1400,car,-22.915475706335165,8.611071931883679,-2.7651033833170358,-0.010362594520729707,4.5,1.8,0.0,15.0,0.0,
14,75,7.5,1401,car,84.20320947429789,3.119459693244892,1.9124913709672664,0.10071208965580856,4.5,1.8,0.0,15.0,0.0,
14,75,7.5,1402,car,237.63925078844426,-1.012626665958464,19.4712711132453,-0.002546619995722034,4.5,1.8,0.0,15.0,0.0,
14,75,7.5,1403,car,197.74464489665783,-5.495220432193276,21.366670569735632,-0.07213851164308598,4.5,1.8,0.0,15.0,0.0,
14,76,7.6000000000000005,1400,car,-23.07601574282621,8.790032491462986,-2.7984656716285854,0.05015546118276179,4.5,1.8,0.0,15.0,0.0,
14,76,7.6000000000000005,1401,car,84.4741112467344,3.1103078237337445,1.9792822150474776,-0.008181109013828196,4.5,1.8,0.0,15.0,0.0,
14,76,7.6000000000000005,1402,car,239.6381313143007,-1.1380036542927299,19.41071963173775,0.05845224823943902,4.5,1.8,0.0,15.0,0.0,
14,76,7.6000000000000005,1403,car,199.93643247478872,-5.509466119787067,21.462062829783857,0.09486578359160364,4.5,1.8,0.0,15.0,0.0,
14,77,7.7,1400,car,-23.311945510013057,8.644466979639665,-2.804045621028602,-0.04162909149978836,4.5,1.8,0.0,15.0,0.0,
14,77,7.7,1401,car,84.68099082732044,3.016678107075991,1.9194709188261474,-0.11313066218627764,4.5,1.8,0.0,15.0,0.0,
14,77,7.7,1402,car,241.59592900882458,-1.367879965970639,19.394707598800192,0.034719848663214724,4.5,1.8,0.0,15.0,0.0,
14,77,7.7,1403,car,202.0104291890467,-5.6179489710870145,21.458670481905923,-0.04143027642377752,4.5,1.8,0.0,15.0,0.0,
14,78,7.800000000000001,1400,car,-23.573784279816678,8.541183993088488,-2.8092703173377536,-0.017321036091997987,4.5,1.8,0.0,15.0,0.0,
14,78,7.800000000000001,1401,car,84.87178575765189,3.1801932664777093,1.9294614625720055,0.025222206112951312,4.5,1.8,0.0,15.0,0.0,
14,78,7.800000000000001,1402,car,243.47292046031973,-1.3455543240813044,19.380967426789795,0.001482802035417851,4.5,1.8,0.0,15.0,0.0,
14,78,7.800000000000001,1403,car,204.22119079432383,-5.667972355111708,21.438768210105504,-0.024320733464094108,4.5,1.8,0.0,15.0,0.0,
14,79,7.9,1400,car,-23.90528327589115,8.55850751614585,-2.8274694136038847,0.07489781817892872,4.5,1.8,0.0,15.0,0.0,
14,79,7.9,1401,car,85.33264817502851,3.123399037958978,1.9441616054822402,0.05190037880276186,4.5,1.8,0.0,15.0,0.0,
14,79,7.9,1402,car,245.38444229679632,-1.4449934380118776,19.46787609236303,0.034307864690260134,4.5,1.8,0.0,15.0,0.0,
14,79,7.9,1403,car,206.39693666063167,-5.522920115098614,21.477279868796693,-0.0023967517980298175,4.5,1.8,0.0,15.0,0.0,
14,80,8.0,1400,car,-24.285693303826893,8.50917434170342,-2.767228253336959,0.03410428274049745,4.5,1.8,0.0,15.0,0.0,
14,80,8.0,1401,car,85.50839767363897,3.3000553574085227,1.9363005411626997,0.0493758980365579,4.5,1.8,0.0,15.0,0.0,
14,80,8.0,1402,car,247.3532338107613,-1.2516981342696025,19.5055283667161,0.0023079740606530897,4.5,1.8,0.0,15.0,0.0,
14,80,8.0,1403,car,208.52678449963463,-5.5244573652048325,21.441010005239576,-0.06833515687693081,4.5,1.8,0.0,15.0,0.0,
14,81,8.1,1400,car,-24.53154259014967,8.455822490366982,-2.794037014219229,-0.004442011827367685,4.5,1.8,0.0,15.0,0.0,
14,81,8.1,1401,car,85.70725007159497,3.3007929585670133,2.023215308753122,0.03311897339557013,4.5,1.8,0.0,15.0,0.0,
14,81,8.1,1402,car,249.51456820526596,-1.2955971712560541,19.54471439887251,-0.019170627031492776,4.5,1.8,0.0,15.0,0.0,
14,81,8.1,1403,car,210.6147723143661,-5.309903102564196,21.40260259176981,-0.11158670016112943,4.5,1.8,0.0,15.0,0.0,
14,82,8.200000000000001,1400,car,-24.881741222488078,8.254990124192245,-2.8416032392728203,-0.042933291042501015,4.5,1.8,0.0,15.0,0.0,
14,82,8.200000000000001,1401,car,85.91309977895544,3.0958332958389745,2.083012920057179,-0.0937884631703958,4.5,1.8,0.0,15.0,0.0,
14,82,8.200000000000001,1402,car,251.4562645628878,-1.3280126523548188,19.585981916867574,0.01757716374503539,4.5,1.8,0.0,15.0,0.0,
14,82,8.200000000000001,1403,car,212.87371986566916,-5.346048431761998,21.379365255286405,0.020639549252659095,4.5,1.8,0.0,15.0,0.0,
14,83,8.3,1400,car,-25.06298135846258,8.337497033800451,-2.8255125285994405,0.011633125113389977,4.5,1.8,0.0,15.0,0.0,
14,83,8.3,1401,car,86.1177721585811,3.1368263122871682,2.1847596422811395,-0.012128669077843934,4.5,1.8,0.0,15.0,0.0,
14,83,8.3,1402,car,253.378413738433,-1.3721182389501363,19.605450554773697,-0.10608726345484763,4.5,1.8,0.0,15.0,0.0,
14,83,8.3,1403,car,214.99815022088436,-5.2579837466370005,21.353053715593294,0.009335231490692366,4.5,1.8,0.0,15.0,0.0,
14,84,8.4,1400,car,-25.134599064991875,8.370657021298326,-2.937473859663795,-0.07049421832786544,4.5,1.8,0.0,15.0,0.0,
14,84,8.4,1401,car,86.31114779766698,3.0564437214659357,2.1899288025711714,-0.014728801114088301,4.5,1.8,0.0,15.0,0.0,
14,84,8.4,1402,car,255.45556594719352,-1.4812513836677907,19.595075585664855,0.010862924363759342,4.5,1.8,0.0,15.0,0.0,
14,84,8.4,1403,car,217.16756903679388,-5.2433032207792,21.232490044425386,0.0041646039004032305,4.5,1.8,0.0,15.0,0.0,
14,85,8.5,1400,car,-25.44342188824578,8.457067996589611,-2.901325344235325,0.012042225549665745,4.5,1.8,0.0,15.0,0.0,
14,85,8.5,1401,car,86.56145709076468,3.1916820313889023,2.247443607925956,0.013766600113058065,4.5,1.8,0.0,15.0,0.0,
14,85,8.5,1402,car,257.6296153345226,-1.54407101612349,19.535803430260195,-0.0005419003444147589,4.5,1.8,0.0,15.0,0.0,
14,85,8.5,1403,car,219.2534370550238,-5.48983735172601,21.199871003925818,0.01717925769023867,4.5,1.8,0.0,15.0,0.0,
14,86,8.6,1400,car,-25.739357197244846,8.379421855420189,-2.8992090682575213,0.006153623962156869,4.5,1.8,0.0,15.0,0.0,
14,86,8.6,1401,car,86.85770888994341,3.127531966836043,2.2911364474517786,-0.054532148712967236,4.5,1.8,0.0,15.0,0.0,
14,86,8.6,1402,car,259.53285798562865,-1.374171695963419,19.484609541880335,-0.03293836563154028,4.5,1.8,0.0,15.0,0.0,
14,86,8.6,1403,car,221.24811304935696,-5.5725639900572,21.206789161827256,0.03532711464214748,4.5,1.8,0.0,15.0,0.0,
14,87,8.700000000000001,1400,car,-26.031141917422467,8.346952870498122,-2.96134776256352,-0.03635652275909724,4.5,1.8,0.0,15.0,0.0,
14,87,8.700000000000001,1401,car,86.93221895481649,3.201187929324497,2.331440107384139,-0.0020223799665773285,4.5,1.8,0.0,15.0,0.0,
14,87,8.700000000000001,1402,car,261.52546403820514,-1.286548438628696,19.489669986264463,0.06968053419962128,4.5,1.8,0.0,15.0,0.0,
14,87,8.700000000000001,1403,car,223.2664126959155,-5.607431012862212,21.183402053424874,0.03236190470147543,4.5,1.8,0.0,15.0,0.0,
14,88,8.8,1400,car,-26.470690826611428,8.491750331209577,-2.9332590435387673,0.08751472363089857,4.5,1.8,0.0,15.0,0.0,
14,88,8.8,1401,car,87.16130584421643,3.1461559994261212,2.3642954118721873,0.051528253895713694,4.5,1.8,0.0,15.0,0.0,
14,88,8.8,1402,car,263.4029889527845,-1.4863080893870615,19.39835671666975,0.01306924629234903,4.5,1.8,0.0,15.0,0.0,
14,88,8.8,1403,car,225.53877184004523,-5.737514879468013,21.169783736263554,-0.01742247761159704,4.5,1.8,0.0,15.0,0.0,
14,89,8.9,1400,car,-26.571963524242822,8.717619906518317,-2.9120364091246373,0.04490001834607416,4.5,1.8,0.0,15.0,0.0,
14,89,8.9,1401,car,87.4847552848353,3.0181238424625536,2.3992215626439806,-0.050980323565004565,4.5,1.8,0.0,15.0,0.0,
14,89,8.9,1402,car,265.3256710415538,-1.3723343848787484,19.40240338296009,0.05512482205301862,4.5,1.8,0.0,15.0,0.0,
14,89,8.9,1403,car,227.78567655787043,-5.913208249000933,21.060898858119522,0.05810462274155584,4.5,1.8,0.0,15.0,0.0,
14,90,9.0,1400,car,-26.742926428158665,8.743279368148624,-2.892425608277781,0.04465238490413784,4.5,1.8,0.0,15.0,0.0,
14,90,9.0,1401,car,87.81211833223489,2.987705444203348,2.4470140744109576,-0.017323657404361033,4.5,1.8,0.0,15.0,0.0,
14,90,9.0,1402,car,267.29026648993295,-1.3523321393272834,19.359431428028905,-0.03714936431044962,4.5,1.8,0.0,15.0,0.0,
14,90,9.0,1403,car,230.1151773313605,-6.002396824278358,21.0793968214523,0.028989958823330365,4.5,1.8,0.0,15.0,0.0,
14,91,9.1,1400,car,-27.03759061811463,8.81042836168494,-2.8759764449741465,-0.04351257740586875,4.5,1.8,0.0,15.0,0.0,
14,91,9.1,1401,car,88.11050146908984,2.9332348019289127,2.534047533577699,0.021456263860854224,4.5,1.8,0.0,15.0,0.0,
14,91,9.1,1402,car,269.1561942801273,-1.3181031839324189,19.313188706083423,0.012888953999679606,4.5,1.8,0.0,15.0,0.0,
14,91,9.1,1403,car,232.2005472345391,-6.085083941117704,21.03742475172545,0.12174671290815423,4.5,1.8,0.0,15.0,0.0,
14,92,9.200000000000001,1400,car,-27.316049034441875,8.76725444522202,-2.906222374961239,0.023558305145129223,4.5,1.8,0.0,15.0,0.0,
14,92,9.200000000000001,1401,car,88.30005661899229,2.823773005239538,2.5324268137324872,-0.0019984544575666974,4.5,1.8,0.0,15.0,0.0,
14,92,9.200000000000001,1402,car,271.04580965291296,-1.4072324118763846,19.293640126043247,-0.02348186821576647,4.5,1.8,0.0,15.0,0.0,
14,92,9.200000000000001,1403,car,234.24345329213835,-6.057433934293834,21.14873615087416,0.06658825851686827,4.5,1.8,0.0,15.0,0.0,
14,93,9.3,1400,car,-27.412479325009148,8.710485314318616,-2.8224879630876796,0.011363790818458354,4.5,1.8,0.0,15.0,0.0,
14,93,9.3,1401,car,88.65193564953752,2.8695434010443535,2.51526345292198,0.03597488093030223,4.5,1.8,0.0,15.0,0.0,
14,93,9.3,1402,car,273.02366672087913,-1.5840510618176742,19.28743391448759,0.04362020932891398,4.5,1.8,0.0,15.0,0.0,
14,93,9.3,1403,car,236.38606906854517,-6.010486837194055,21.111164959516913,0.012810530320234055,4.5,1.8,0.0,15.0,0.0,
14,94,9.4,1400,car,-27.704362382437008,8.690139990858306,-2.8564507844893483,0.045743117733158076,4.5,1.8,0.0,15.0,0.0,
14,94,9.4,1401,car,88.93800885311428,2.893998178538288,2.617802686046559,0.02368995847587315,4.5,1.8,0.0,15.0,0.0,
14,94,9.4,1402,car,275.0724597810922,-1.5567577790615643,19.269775730087005,-0.052956866082217946,4.5,1.8,0.0,15.0,0.0,
14,94,9.4,1403,car,238.52132457729664,-6.276835790989706,21.124788313311473,0.015769919649743173,4.5,1.8,0.0,15.0,0.0,
14,95,9.5,1400,car,-28.01176421887065,8.680903354765768,-2.919009260392303,0.06928018100353628,4.5,1.8,0.0,15.0,0.0,
14,95,9.5,1401,car,89.16606402610799,2.7967889038979514,2.6450357393082333,0.0055378053895166835,4.5,1.8,0.0,15.0,0.0,
14,95,9.5,1402,car,276.9636038756481,-1.6031611156143084,19.26949379544994,0.06729079852676828,4.5,1.8,0.0,15.0,0.0,
14,95,9.5,1403,car,240.68075804967643,-6.280276619040455,21.167410007097537,0.0013765945564120936,4.5,1.8,0.0,15.0,0.0,
14,96,9.600000000000001,1400,car,-28.263509917326342,8.696016127964434,-2.8895202394916106,-0.022207208710346864,4.5,1.8,0.0,15.0,0.0,
14,96,9.600000000000001,1401,car,89.31663331368256,2.887473718939431,2.7202821551988814,-0.05459405418798485,4.5,1.8,0.0,15.0,0.0,
14,96,9.600000000000001,1402,car,278.9084824226078,-1.6480481345447362,19.313662730049977,0.012332286741419167,4.5,1.8,0.0,15.0,0.0,
14,96,9.600000000000001,1403,car,243.1302462790292,-6.310419967571506,21.244274623946293,0.08173153226755674,4.5,1.8,0.0,15.0,0.0,
14,97,9.700000000000001,1400,car,-28.499102195370497,8.699724459902253,-2.8847783546171093,0.00051024260528294,4.5,1.8,0.0,15.0,0.0,
14,97,9.700000000000001,1401,car,89.70199150044375,2.80021008923166,2.7122329565449865,-0.014109297886175463,4.5,1.8,0.0,15.0,0.0,
14,97,9.700000000000001,1402,car,280.66722925350035,-1.562156643568495,19.366808699119645,-0.031710921678078326,4.5,1.8,0.0,15.0,0.0,
14,97,9.700000000000001,1403,car,245.3576869870893,-6.468785739675234,21.245472349106414,-0.006312923534436077,4.5,1.8,0.0,15.0,0.0,
14,98,9.8,1400,car,-28.77880515999225,8.707978976927462,-2.88863043777818,-0.019388645770801415,4.5,1.8,0.0,15.0,0.0,
14,98,9.8,1401,car,89.96234419925247,2.9365322131418017,2.6832970090495416,0.11276700065932335,4.5,1.8,0.0,15.0,0.0,
14,98,9.8,1402,car,282.540393678141,-1.5381507218768038,19.39536902427814,-0.014587795267672152,4.5,1.8,0.0,15.0,0.0,
14,98,9.8,1403,car,247.62047054324503,-6.414264561337434,21.235227231152216,0.06856323865224073,4.5,1.8,0.0,15.0,0.0,
14,99,9.9,1400,car,-29.16921738182189,8.651430624973948,-2.860501916181793,0.04007332127072673,4.5,1.8,0.0,15.0,0.0,
14,99,9.9,1401,car,90.26293608867297,2.9238129809261233,2.6707248056523976,0.05657004629876941,4.5,1.8,0.0,15.0,0.0,
14,99,9.9,1402,car,284.5039700455224,-1.625374599116874,19.348873906118385,0.07567306562969645,4.5,1.8,0.0,15.0,0.0,
14,99,9.9,1403,car,249.6721171051614,-6.386991454628952,21.30277255288907,0.027105364538974632,4.5,1.8,0.0,15.0,0.0,
15,0,0.0,1500,car,15.0,3.5,-0.39525472058036026,0.0,4.5,1.8,0.0,15.0,0.0,
15,0,0.0,1501,car,-8.9155942460288,0.8610977157951881,-8.100838644230937,0.24793222962940498,4.5,1.8,0.0,15.0,0.0,
15,0,0.0,1502,car,63.995997965745886,-7.396301168276102,23.903810004198473,-0.013159850200364122,4.5,1.8,0.0,15.0,0.0,
15,1,0.1,1500,car,14.986296044990961,3.531852657489196,-0.4231284105277868,-0.04938123502795053,4.5,1.8,0.0,15.0,0.0,
15,1,0.1,1501,car,-9.597470659520782,0.9216720870391572,-8.066497191418485,-0.02953548033827453,4.5,1.8,0.0,15.0,0.0,
15,1,0.1,1502,car,66.54877111652696,-7.419162560726572,23.863717968557538,-0.028683706259825383,4.5,1.8,0.0,15.0,0.0,
15,2,0.2,1500,car,15.101102365610107,3.420747894888217,-0.4606845360305949,0.1449254659298936,4.5,1.8,0.0,15.0,0.0,
15,2,0.2,1501,car,-10.310016605030144,0.8483665024966358,-8.120569559352424,-0.08363485966740264,4.5,1.8,0.0,15.0,0.0,
15,2,0.2,1502,car,68.94485432800488,-7.346360525281024,23.939657879052586,-0.09469917905817186,4.5,1.8,0.0,15.0,0.0,
15,3,0.30000000000000004,1500,car,14.92249576174977,3.4087928371315295,-0.32130103323764136,0.04429512511987522,4.5,1.8,0.0,15.0,0.0,
15,3,0.30000000000000004,1501,car,-11.084793583589878,0.7258741434439805,-8.22656882430736,0.0019424842795259035,4.5,1.8,0.0,15.0,0.0,
15,3,0.30000000000000004,1502,car,71.32888316699461,-7.373141277336151,23.920636195670113,-0.03741770102198992,4.5,1.8,0.0,15.0,0.0,
15,4,0.4,1500,car,14.792601445722465,3.547743616954346,-0.36562744806340997,-0.01380740293841801,4.5,1.8,0.0,15.0,0.0,
15,4,0.4,1501,car,-11.911358276592232,0.7965021769471099,-8.26916034136718,0.04890340107501366,4.5,1.8,0.0,15.0,0.0,
15,4,0.4,1502,car,73.6629801504063,-7.389330994261792,24.002791124953102,-0.04846138565493343,4.5,1.8,0.0,15.0,0.0,
15,5,0.5,1500,car,14.82812917216019,3.648204703760301,-0.35013255795139375,-0.005876541109258677,4.5,1.8,0.0,15.0,0.0,
15,5,0.5,1501,car,-12.525703907220732,0.7951176375051743,-8.25895646636554,-0.01682633869387642,4.5,1.8,0.0,15.0,0.0,
15,5,0.5,1502,car,76.07836744863958,-7.292919196391146,23.989025857907542,-0.10542652306318623,4.5,1.8,0.0,15.0,0.0,
15,6,0.6000000000000001,1500,car,14.844472934646733,3.5403712596494197,-0.3130387358534351,-6.623658633517642e-05,4.5,1.8,0.0,15.0,0.0,
15,6,0.6000000000000001,1501,car,-13.257288643526135,0.7002832607134531,-8.285717526557256,-0.017001801299667545,4.5,1.8,0.0,15.0,0.0,
15,6,0.6000000000000001,1502,car,78.32904181416862,-7.181777175519609,23.907754712101976,0.054865680898908836,4.5,1.8,0.0,15.0,0.0,
15,7,0.7000000000000001,1500,car,14.855608908928755,3.5204845264151343,-0.2957829284216962,0.015886664416516153,4.5,1.8,0.0,15.0,0.0,
15,7,0.7000000000000001,1501,car,-14.125903187339663,0.7300982421494334,-8.249158360131407,-0.04723413499105085,4.5,1.8,0.0,15.0,0.0,
15,7,0.7000000000000001,1502,car,80.75443678061276,-7.444409685144335,23.811274717106972,0.02822633257782152,4.5,1.8,0.0,15.0,0.0,
15,8,0.8,1500,car,14.784247692902165,3.4351407091657826,-0.2984342020995435,-0.019797582743711278,4.5,1.8,0.0,15.0,0.0,
15,8,0.8,1501,car,-15.0496798031341,0.5661933409561032,-8.347566233668084,0.036939619262992766,4.5,1.8,0.0,15.0,0.0,
15,8,0.8,1502,car,83.09331429707574,-7.347454753750844,23.78964220887682,0.017748497625168773,4.5,1.8,0.0,15.0,0.0,
15,9,0.9,1500,car,14.741863828568759,3.439585382051692,-0.2937823615689949,-0.02228533784157393,4.5,1.8,0.0,15.0,0.0,
15,9,0.9,1501,car,-16.007398577788855,0.6428065155134736,-8.267888894058482,0.08296077049870118,4.5,1.8,0.0,15.0,0.0,
15,9,0.9,1502,car,85.41695152685662,-7.4207718295479115,23.761928086485053,-0.008791870107189575,4.5,1.8,0.0,15.0,0.0,
15,10,1.0,1500,car,14.707239495999229,3.339792536225962,-0.36776915389626513,0.002497115325369882,4.5,1.8,0.0,15.0,0.0,
15,10,1.0,1501,car,-17.187228377284356,0.6327408335818926,-8.315126274479034,0.03900772633064209,4.5,1.8,0.0,15.0,0.0,
15,10,1.0,1502,car,87.89790782321565,-7.3136472535231185,23.74460574242052,-0.056757200598170555,4.5,1.8,0.0,15.0,0.0,
15,11,1.1,1500,car,14.58900334892294,3.368553604544102,-0.4500623776483247,0.06967747447320183,4.5,1.8,0.0,15.0,0.0,
15,11,1.1,1501,car,-18.051804007911993,0.6827582008261861,-8.404197580165876,-0.04629910128791748,4.5,1.8,0.0,15.0,0.0,
15,11,1.1,1502,car,90.08180048289206,-7.211528304143004,23.73659550542677,0.028565247671811803,4.5,1.8,0.0,15.0,0.0,
15,12,1.2000000000000002,1500,car,14.550338479391115,3.415401109935338,-0.46693447066875104,-0.010177279473695322,4.5,1.8,0.0,15.0,0.0,
15,12,1.2000000000000002,1501,car,-18.901397007809503,0.723321366318909,-8.382591659104975,0.1405718442003672,4.5,1.8,0.0,15.0,0.0,
15,12,1.2000000000000002,1502,car,92.6236202461727,-7.389404182731967,23.729440231530408,-0.020294792013274856,4.5,1.8,0.0,15.0,0.0,
15,13,1.3,1500,car,14.63165808040524,3.3838263136752165,-0.44372002679641775,-0.11685308151400597,4.5,1.8,0.0,15.0,0.0,
15,13,1.3,1501,car,-19.891016254859327,0.9325506842291551,-8.380079439194562,-0.04992300117345094,4.5,1.8,0.0,15.0,0.0,
15,13,1.3,1502,car,95.020851356448,-7.494710078077219,23.715271554435624,-0.07263089696220075,4.5,1.8,0.0,15.0,0.0,
15,14,1.4000000000000001,1500,car,14.508413955946255,3.3421926447293537,-0.38768506107958217,0.02320230038415799,4.5,1.8,0.0,15.0,0.0,
15,14,1.4000000000000001,1501,car,-20.665171795184577,0.9299732190927571,-8.338936984276083,-0.04367596346716204,4.5,1.8,0.0,15.0,0.0,
15,14,1.4000000000000001,1502,car,97.3191079173934,-7.453950970931531,23.701314184934265,-0.0006922924181415268,4.5,1.8,0.0,15.0,0.0,
15,15,1.5,1500,car,14.453231922046836,3.4675376861855014,-0.32240741444563853,-0.03130828802818738,4.5,1.8,0.0,15.0,0.0,
15,15,1.5,1501,car,-21.67505242830126,0.8588235290039931,-8.38378499160448,0.041587417039953695,4.5,1.8,0.0,15.0,0.0,
15,15,1.5,1502,car,99.78128908356427,-7.557058389235328,23.663588947006524,-0.07395055436275526,4.5,1.8,0.0,15.0,0.0,
15,16,1.6,1500,car,14.434429032954547,3.4630460434437604,-0.2829513235736921,0.024856564727971618,4.5,1.8,0.0,15.0,0.0,
15,16,1.6,1501,car,-22.45241063035609,0.7046233250254192,-8.415101293434093,0.04744486523716018,4.5,1.8,0.0,15.0,0.0,
15,16,1.6,1502,car,102.09379036641866,-7.719814976682232,23.703988426000105,-0.028863249750720344,4.5,1.8,0.0,15.0,0.0,
15,17,1.7000000000000002,1500,car,14.512397599959865,3.4612045713597293,-0.296812295718746,0.06815954455616836,4.5,1.8,0.0,15.0,0.0,
15,17,1.7000000000000002,1501,car,-23.424186321613217,0.8480454429885282,-8.44706909321139,0.008118493015800499,4.5,1.8,0.0,15.0,0.0,
15,17,1.7000000000000002,1502,car,104.48137122856123,-7.762526959038482,23.66588279149626,-0.018491109448256972,4.5,1.8,0.0,15.0,0.0,
15,18,1.8,1500,car,14.38126010200871,3.657400635654532,-0.3208688442531071,0.05794736272149714,4.5,1.8,0.0,15.0,0.0,
15,18,1.8,1501,car,-24.166175935076726,0.8843384168842146,-8.453853044914704,0.009689092354019034,4.5,1.8,0.0,15.0,0.0,
15,18,1.8,1502,car,106.90517648443627,-7.7524801129788266,23.587545341964077,-0.09091556581250533,4.5,1.8,0.0,15.0,0.0,
15,19,1.9000000000000001,1500,car,14.500072039964577,3.393929245332985,-0.3110845865717645,-0.011748900724670849,4.5,1.8,0.0,15.0,0.0,
15,19,1.9000000000000001,1501,car,-24.995481124982785,0.7703417427608108,-8.436319170517997,0.010300821708753653,4.5,1.8,0.0,15.0,0.0,
15,19,1.9000000000000001,1502,car,109.54003219336064,-7.739482108327092,23.654957097305484,-0.07493428377240215,4.5,1.8,0.0,15.0,0.0,
15,20,2.0,1500,car,14.57097311311194,3.4165565756286695,-0.2975976523703603,0.014178427173018971,4.5,1.8,0.0,15.0,0.0,
15,20,2.0,1501,car,-25.66847922490362,0.795852189333068,-8.475525272977286,-0.03079690196357229,4.5,1.8,0.0,15.0,0.0,
15,20,2.0,1502,car,111.98724065247767,-7.694736562505079,23.578433414204135,0.025732091192965264,4.5,1.8,0.0,15.0,0.0,
15,21,2.1,1500,car,14.432979112194234,3.460382377605079,-0.33787535429628984,-0.01407408673371969,4.5,1.8,0.0,15.0,0.0,
15,21,2.1,1501,car,-26.570512597980297,0.9477434876566064,-8.455432885461786,0.06305565011536651,4.5,1.8,0.0,15.0,0.0,
15,21,2.1,1502,car,114.63460525024438,-7.6900560283120845,23.653532923519197,-0.03497278327963984,4.5,1.8,0.0,15.0,0.0,
15,22,2.2,1500,car,14.524679387757542,3.379631492862156,-0.3387961108732709,0.02684388284175452,4.5,1.8,0.0,15.0,0.0,
15,22,2.2,1501,car,-27.34663276352075,0.8204883234439977,-8.498783981654675,0.030572503938544784,4.5,1.8,0.0,15.0,0.0,
15,22,2.2,1502,car,116.963186886275,-7.829790879198223,23.64998408679383,-0.00594857530618856,4.5,1.8,0.0,15.0,0.0,
15,23,2.3000000000000003,1500,car,14.508491274801106,3.4325556249568856,-0.31551354291910316,-0.03840865472542966,4.5,1.8,0.0,15.0,0.0,
15,23,2.3000000000000003,1501,car,-28.2375940085575,0.9132671927727805,-8.525943225006827,-0.019754602932953075,4.5,1.8,0.0,15.0,0.0,
15,23,2.3000000000000003,1502,car,119.17775838692876,-7.832658926208346,23.667247610031858,-0.09877466092234713,4.5,1.8,0.0,15.0,0.0,
15,24,2.4000000000000004,1500,car,14.369914882349885,3.2903828514075477,-0.27609593106741603,-0.09561756367233581,4.5,1.8,0.0,15.0,0.0,
15,24,2.4000000000000004,1501,car,-29.09805679076945,0.9850534082673353,-8.516552142550859,-0.021997933171947592,4.5,1.8,0.0,15.0,0.0,
15,24,2.4000000000000004,1502,car,121.57912998660952,-7.728961596158565,23.661867029504148,-0.11194686164669843,4.5,1.8,0.0,15.0,0.0,
15,25,2.5,1500,car,14.457078568457709,3.3304093169135784,-0.27774974931787083,-0.09901859241179936,4.5,1.8,0.0,15.0,0.0,
15,25,2.5,1501,car,-29.97954286534124,0.8975056852616637,-8.577366105699083,-0.006822471535010909,4.5,1.8,0.0,15.0,0.0,
15,25,2.5,1502,car,123.89172000101017,-7.775971476423062,23.698848347833952,0.012778607005967436,4.5,1.8,0.0,15.0,0.0,
15,26,2.6,1500,car,14.379752111214277,3.2681711948285996,-0.30049267784085343,-0.012372211505050364,4.5,1.8,0.0,15.0,0.0,
15,26,2.6,1501,car,-30.778874457473563,0.7932496722990139,-8.504444144823802,0.029238599556381913,4.5,1.8,0.0,15.0,0.0,
15,26,2.6,1502,car,125.98781203670616,-7.767436552980207,23.75088518000274,0.01943529540804004,4.5,1.8,0.0,15.0,0.0,
15,27,2.7,1500,car,14.308468747458376,3.2620620168641046,-0.29157668043230256,0.038479412731165785,4.5,1.8,0.0,15.0,0.0,
15,27,2.7,1501,car,-31.770828356768313,0.7327478369753591,-8.422515238420429,0.0016473611640467852,4.5,1.8,0.0,15.0,0.0,
15,27,2.7,1502,car,128.51569076839425,-7.468877249201783,23.726283439662335,-0.05986405706803355,4.5,1.8,0.0,15.0,0.0,
15,28,2.8000000000000003,1500,car,14.252758008337151,3.371961288628978,-0.22963188684348823,0.11359887425784232,4.5,1.8,0.0,15.0,0.0,
15,28,2.8000000000000003,1501,car,-32.61676043254199,0.7815534885306079,-8.458103720968156,-0.12534924746888085,4.5,1.8,0.0,15.0,0.0,
15,28,2.8000000000000003,1502,car,130.88435384259563,-7.584252674575754,23.758451299825317,-0.0940696660269581,4.5,1.8,0.0,15.0,0.0,
15,29,2.9000000000000004,1500,car,14.15586153058105,3.3987292089930237,-0.21101377847283206,-0.002371962373803384,4.5,1.8,0.0,15.0,0.0,
15,29,2.9000000000000004,1501,car,-33.27583628784569,0.9384998521115195,-8.492320095621452,0.08047048338931806,4.5,1.8,0.0,15.0,0.0,
15,29,2.9000000000000004,1502,car,133.43641911745718,-7.596642911979988,23.760721455967925,-0.0025360776563299703,4.5,1.8,0.0,15.0,0.0,
15,30,3.0,1500,car,14.07026021391803,3.3441624410340767,-0.14504764985300228,0.021868807157517392,4.5,1.8,0.0,15.0,0.0,
15,30,3.0,1501,car,-34.18048725211402,0.8459002448759744,-8.530225615552125,-0.008192761101745804,4.5,1.8,0.0,15.0,0.0,
15,30,3.0,1502,car,135.9038082517847,-7.68265102892236,23.805806584374753,0.009847837416064851,4.5,1.8,0.0,15.0,0.0,
15,31,3.1,1500,car,14.070039643185927,3.4467420558486688,-0.10287971395601282,-0.07022589462857794,4.5,1.8,0.0,15.0,0.0,
15,31,3.1,1501,car,-35.141911178250076,0.8229485950084349,-8.512426974400565,0.0682287827611663,4.5,1.8,0.0,15.0,0.0,
15,31,3.1,1502,car,138.29089566280842,-7.5122813990498765,23.77047280868046,-0.02687893271397191,4.5,1.8,0.0,15.0,0.0,
15,32,3.2,1500,car,14.02918342133763,3.3386993242368628,-0.04490948985861078,-0.4016913360688372,4.5,1.8,0.0,15.0,0.0,
15,32,3.2,1501,car,-36.0435107688285,0.9114493439797806,-8.528042898454025,-0.2095554669694141,4.5,1.8,0.0,15.0,0.0,
15,32,3.2,1502,car,140.8877113581761,-7.530562913394804,23.828919522130196,-0.14224291430047573,4.5,1.8,0.0,15.0,0.0,
15,33,3.3000000000000003,1500,car,14.064901543072816,3.281668129193413,0.0002137760126423166,-0.46303792537758126,4.5,1.8,0.0,15.0,0.0,
15,33,3.3000000000000003,1501,car,-36.90019658806126,0.8108401018190851,-8.442173132539208,-0.5357794859323015,4.5,1.8,0.0,15.0,0.0,
15,33,3.3000000000000003,1502,car,143.38997618743733,-7.55650106237914,23.92026778001312,-0.5647010591789673,4.5,1.8,0.0,15.0,0.0,
15,34,3.4000000000000004,1500,car,13.97982488047082,3.289810613312631,-0.056303189316222864,-0.7672301375133447,4.5,1.8,0.0,15.0,0.0,
15,34,3.4000000000000004,1501,car,-37.5895729780192,0.5550507318619424,-8.42206616860878,-0.7124742911716107,4.5,1.8,0.0,15.0,0.0,
15,34,3.4000000000000004,1502,car,145.7794121989333,-7.726516501479503,23.907137379608418,-0.814987549961527,4.5,1.8,0.0,15.0,0.0,
15,35,3.5,1500,car,13.981110384040843,3.160971785716045,-0.08196621543939692,-0.9883753458655185,4.5,1.8,0.0,15.0,0.0,
15,35,3.5,1501,car,-38.273868032667934,0.4866645481850324,-8.354882890086591,-0.9327414707245804,4.5,1.8,0.0,15.0,0.0,
15,35,3.5,1502,car,148.11146190666233,-7.800198922641744,23.885889997400987,-1.085790907672408,4.5,1.8,0.0,15.0,0.0,
15,36,3.6,1500,car,14.008489849368788,2.932321920929779,-0.057751051659453045,-1.3121429339712545,4.5,1.8,0.0,15.0,0.0,
15,36,3.6,1501,car,-39.092257021728834,0.2061563447763201,-8.321189651767995,-1.2540180334936673,4.5,1.8,0.0,15.0,0.0,
15,36,3.6,1502,car,150.4510715956489,-7.81098334049887,23.869811488990308,-1.228806399710537,4.5,1.8,0.0,15.0,0.0,
15,37,3.7,1500,car,13.98285312350595,2.839306270619069,-0.005603805546323247,-1.3957671496056812,4.5,1.8,0.0,15.0,0.0,
15,37,3.7,1501,car,-39.97104284386134,0.18330614939187767,-8.367007219924005,-1.4746730181191465,4.5,1.8,0.0,15.0,0.0,
15,37,3.7,1502,car,152.8252726709667,-7.850058187523016,23.81130391801813,-1.3929747152433136,4.5,1.8,0.0,15.0,0.0,
15,38,3.8000000000000003,1500,car,13.976818033469522,2.63412513727754,0.049286512771073106,-1.6582113512635548,4.5,1.8,0.0,15.0,0.0,
15,38,3.8000000000000003,1501,car,-40.57917595047875,0.0038341895547335837,-8.359515134712453,-1.540932559025228,4.5,1.8,0.0,15.0,0.0,
15,38,3.8000000000000003,1502,car,155.22399603062655,-7.892979080664194,23.71364599464468,-1.6402076618377057,4.5,1.8,0.0,15.0,0.0,
15,39,3.9000000000000004,1500,car,14.021420062588888,2.5649582026844575,0.0877713406841186,-1.7392870381575871,4.5,1.8,0.0,15.0,0.0,
15,39,3.9000000000000004,1501,car,-41.30902167971454,-0.1259727094598971,-8.466674336051947,-1.7009784809285473,4.5,1.8,0.0,15.0,0.0,
15,39,3.9000000000000004,1502,car,157.51159413018667,-8.0389254442832,23.72269623270304,-1.7707222626007393,4.5,1.8,0.0,15.0,0.0,
15,40,4.0,1500,car,13.919593128218796,2.181075195283114,0.03765239535429996,-1.8588248883164245,4.5,1.8,0.0,15.0,0.0,
15,40,4.0,1501,car,-42.30035129957616,-0.40401448747856167,-8.445772003361968,-1.9515080439220263,4.5,1.8,0.0,15.0,0.0,
15,40,4.0,1502,car,159.8295589344822,-8.220756973694055,23.73682836965955,-1.952498107587565,4.5,1.8,0.0,15.0,0.0,
15,41,4.1000000000000005,1500,car,13.937452659412344,2.021238802147502,-0.026007630847302683,-1.9864765354170308,4.5,1.8,0.0,15.0,0.0,
15,41,4.1000000000000005,1501,car,-43.21658682288682,-0.5913448378319364,-8.409618053211611,-2.006031635250689,4.5,1.8,0.0,15.0,0.0,
15,41,4.1000000000000005,1502,car,162.29458331304608,-8.341397443692001,23.782219874422523,-1.9770631872272557,4.5,1.8,0.0,15.0,0.0,
15,42,4.2,1500,car,14.044928585371554,1.8534680098475018,-0.10937064916446732,-2.1024067593682334,4.5,1.8,0.0,15.0,0.0,
15,42,4.2,1501,car,-44.078674334868076,-0.8063474654232499,-8.391731115249318,-2.103150820288248,4.5,1.8,0.0,15.0,0.0,
15,42,4.2,1502,car,164.87367617094327,-8.557923597292856,23.78183548461963,-2.096340681886965,4.5,1.8,0.0,15.0,0.0,
15,43,4.3,1500,car,13.933653844437114,1.6312520798206822,-0.1079931129549929,-2.100201334524137,4.5,1.8,0.0,15.0,0.0,
15,43,4.3,1501,car,-44.752331852089256,-1.02856401353097,-8.396027578971204,-2.055091355775493,4.5,1.8,0.0,15.0,0.0,
15,43,4.3,1502,car,167.23475313651232,-8.713575303389705,23.717883247702463,-2.159413355754336,4.5,1.8,0.0,15.0,0.0,
15,44,4.4,1500,car,13.935060389587171,1.3985047082935602,-0.14844435203314554,-2.0897635429981207,4.5,1.8,0.0,15.0,0.0,
15,44,4.4,1501,car,-45.571024600568876,-1.3091393142180585,-8.421967370191418,-2.0850253022272254,4.5,1.8,0.0,15.0,0.0,
15,44,4.4,1502,car,169.5044336161506,-8.98356420310381,23.7445800047304,-2.097047931198987,4.5,1.8,0.0,15.0,0.0,
15,45,4.5,1500,car,13.872495669988268,1.1019174537423302,-0.19910491962176546,-2.069391000603769,4.5,1.8,0.0,15.0,0.0,
15,45,4.5,1501,car,-46.21064008526437,-1.4588409726302933,-8.488610582336156,-2.027442418160298,4.5,1.8,0.0,15.0,0.0,
15,45,4.5,1502,car,171.80300295583388,-9.190330263417497,23.71513697450621,-1.9616654858865457,4.5,1.8,0.0,15.0,0.0,
15,46,4.6000000000000005,1500,car,13.7391743868546,0.933556810933894,-0.233371109834328,-1.9602772802509931,4.5,1.8,0.0,15.0,0.0,"[{""type"": ""near_miss"", ""scenario_type"": ""cut_in"", ""time"": 5.0}]"
15,46,4.6000000000000005,1501,car,-47.0301557614917,-1.5331075764370732,-8.452704692603364,-2.0318953776634983,4.5,1.8,0.0,15.0,0.0,"[{""type"": ""near_miss"", ""scenario_type"": ""cut_in"", ""time"": 5.0}]"
15,46,4.6000000000000005,1502,car,174.46613691103784,-9.334509518474372,23.687603877064785,-1.9869416645775115,4.5,1.8,0.0,15.0,0.0,"[{""type"": ""near_miss"", ""scenario_type"": ""cut_in"", ""time"": 5.0}]"
15,47,4.7,1500,car,13.778920638548097,0.8028225778095537,-0.20856970495348906,-1.8518127024825721,4.5,1.8,0.0,15.0,0.0,"[{""type"": ""near_miss"", ""scenario_type"": ""cut_in"", ""time"": 5.0}]"
15,47,4.7,1501,car,-47.78860912979177,-1.807877874078547,-8.347301987403002,-1.8016924193011299,4.5,1.8,0.0,15.0,0.0,"[{""type"": ""near_miss"", ""scenario_type"": ""cut_in"", ""time"": 5.0}]"
15,47,4.7,1502,car,176.9149937882683,-9.520653527737174,23.690398171200354,-1.9163250299183727,4.5,1.8,0.0,15.0,0.0,"[{""type"": ""near_miss"", ""scenario_type"": ""cut_in"", ""time"": 5.0}]"
15,48,4.800000000000001,1500,car,13.7386252455566,0.40683527196432645,-0.13205653230784337,-1.7142159614727903,4.5,1.8,0.0,15.0,0.0,"[{""type"": ""near_miss"", ""scenario_type"": ""cut_in"", ""time"": 5.0}]"
15,48,4.800000000000001,1501,car,-48.79100800777532,-1.8961879469470257,-8.347687717797099,-1.7830409505200149,4.5,1.8,0.0,15.0,0.0,"[{""type"": ""near_miss"", ""scenario_type"": ""cut_in"", ""time"": 5.0}]"
15,48,4.800000000000001,1502,car,179.33331775624475,-9.872241111026309,23.689835712090964,-1.769114584714313,4.5,1.8,0.0,15.0,0.0,"[{""type"": ""near_miss"", ""scenario_type"": ""cut_in"", ""time"": 5.0}]"
15,49,4.9,1500,car,13.733464488782435,0.10827855114418314,-0.10971073408905986,-1.5650870600260518,4.5,1.8,0.0,15.0,0.0,"[{""type"": ""near_miss"", ""scenario_type"": ""cut_in"", ""time"": 5.0}]"
15,49,4.9,1501,car,-49.58504363314636,-2.0809145190477687,-8.213235687651132,-1.664306549108753,4.5,1.8,0.0,15.0,0.0,"[{""type"": ""near_miss"", ""scenario_type"": ""cut_in"", ""time"": 5.0}]"
15,49,4.9,1502,car,181.77964645750092,-10.009721521441156,23.790451359574636,-1.5987403190334206,4.5,1.8,0.0,15.0,0.0,"[{""type"": ""near_miss"", ""scenario_type"": ""cut_in"", ""time"": 5.0}]"
15,50,5.0,1500,car,13.782608939873036,0.015095357055584395,-0.1626268605319467,-1.4809929451189396,4.5,1.8,0.0,15.0,0.0,"[{""type"": ""near_miss"", ""scenario_type"": ""cut_in"", ""time"": 5.0}]"
15,50,5.0,1501,car,-50.43393398957455,-2.1289311295448727,-8.201580850716567,-1.4478856667847406,4.5,1.8,0.0,15.0,0.0,"[{""type"": ""near_miss"", ""scenario_type"": ""cut_in"", ""time"": 5.0}]"
15,50,5.0,1502,car,184.2959115735699,-10.351719389767391,23.725660353066583,-1.5623789122033986,4.5,1.8,0.0,15.0,0.0,"[{""type"": ""near_miss"", ""scenario_type"": ""cut_in"", ""time"": 5.0}]"
15,51,5.1000000000000005,1500,car,13.887177304310848,-0.1180121603831396,-0.11431227159730709,-1.2398119464658124,4.5,1.8,0.0,15.0,0.0,"[{""type"": ""near_miss"", ""scenario_type"": ""cut_in"", ""time"": 5.0}]"
15,51,5.1000000000000005,1501,car,-51.15177370779351,-2.265041264143699,-8.181085279461673,-1.2211733552736304,4.5,1.8,0.0,15.0,0.0,"[{""type"": ""near_miss"", ""scenario_type"": ""cut_in"", ""time"": 5.0}]"
15,51,5.1000000000000005,1502,car,186.70224833786534,-10.306680570728027,23.64443912740455,-1.2377681976078299,4.5,1.8,0.0,15.0,0.0,"[{""type"": ""near_miss"", ""scenario_type"": ""cut_in"", ""time"": 5.0}]"
15,52,5.2,1500,car,13.89554479856892,-0.2143517305414681,-0.13420653262497656,-1.0384185298341115,4.5,1.8,0.0,15.0,0.0,"[{""type"": ""near_miss"", ""scenario_type"": ""cut_in"", ""time"": 5.0}]"
15,52,5.2,1501,car,-51.81688077019859,-2.3732816445601554,-8.059187952766804,-0.9852689662948586,4.5,1.8,0.0,15.0,0.0,"[{""type"": ""near_miss"", ""scenario_type"": ""cut_in"", ""time"": 5.0}]"
15,52,5.2,1502,car,189.03772669402824,-10.352580958242923,23.649885770926435,-0.9445827522666315,4.5,1.8,0.0,15.0,0.0,"[{""type"": ""near_miss"", ""scenario_type"": ""cut_in"", ""time"": 5.0}]"
15,53,5.300000000000001,1500,car,13.765351913367374,-0.4717764849467084,-0.11615748210080999,-0.7312767657347763,4.5,1.8,0.0,15.0,0.0,"[{""type"": ""near_miss"", ""scenario_type"": ""cut_in"", ""time"": 5.0}]"
15,53,5.300000000000001,1501,car,-52.594209020513475,-2.383340282727029,-8.032916109630792,-0.8470815704043069,4.5,1.8,0.0,15.0,0.0,"[{""type"": ""near_miss"", ""scenario_type"": ""cut_in"", ""time"": 5.0}]"
15,53,5.300000000000001,1502,car,191.43083924150153,-10.298209047949562,23.658474118667,-0.838559470385564,4.5,1.8,0.0,15.0,0.0,"[{""type"": ""near_miss"", ""scenario_type"": ""cut_in"", ""time"": 5.0}]"
15,54,5.4,1500,car,13.720350453347807,-0.4683256882800048,-0.026375967960907354,-0.620066067105057,4.5,1.8,0.0,15.0,0.0,"[{""type"": ""near_miss"", ""scenario_type"": ""cut_in"", ""time"": 5.0}]"
15,54,5.4,1501,car,-53.36137741956634,-2.52878591469466,-8.007529754813854,-0.4928572000972662,4.5,1.8,0.0,15.0,0.0,"[{""type"": ""near_miss"", ""scenario_type"": ""cut_in"", ""time"": 5.0}]"
15,54,5.4,1502,car,193.7733719317053,-10.28727400402505,23.715468904491214,-0.530477348317371,4.5,1.8,0.0,15.0,0.0,"[{""type"": ""near_miss"", ""scenario_type"": ""cut_in"", ""time"": 5.0}]"
15,55,5.5,1500,car,13.583996829835218,-0.3520883852207346,0.015058774991141513,-0.23501196890275555,4.5,1.8,0.0,15.0,0.0,
15,55,5.5,1501,car,-54.2312270599596,-2.4565623063137525,-7.905408472649432,-0.2692653069974755,4.5,1.8,0.0,15.0,0.0,
15,55,5.5,1502,car,196.15436809213347,-10.420113048443191,23.67949180441367,-0.316928259804186,4.5,1.8,0.0,15.0,0.0,
15,56,5.6000000000000005,1500,car,13.598584960323988,-0.3861662804932205,0.03369878782427488,-0.044595041870375836,4.5,1.8,0.0,15.0,0.0,
15,56,5.6000000000000005,1501,car,-55.03852356220112,-2.551915928817964,-7.896029893764542,-0.08161621499732502,4.5,1.8,0.0,15.0,0.0,
15,56,5.6000000000000005,1502,car,198.5374751033403,-10.447986076321842,23.688540008859793,-0.08261333366289589,4.5,1.8,0.0,15.0,0.0,
15,57,5.7,1500,car,13.667426406499965,-0.41604056975257786,0.044554423592367824,-0.0935037130538606,4.5,1.8,0.0,15.0,0.0,
15,57,5.7,1501,car,-55.95239987920097,-2.590931344929138,-7.827254886839035,0.02636356742150474,4.5,1.8,0.0,15.0,0.0,
15,57,5.7,1502,car,200.91931660836534,-10.540416892916701,23.633226761379856,0.013832759548273219,4.5,1.8,0.0,15.0,0.0,
15,58,5.800000000000001,1500,car,13.741950778677944,-0.3951431596058771,0.13003228399675432,-0.034123086161809556,4.5,1.8,0.0,15.0,0.0,
15,58,5.800000000000001,1501,car,-56.717188373807375,-2.7602488173394284,-7.816702610805674,0.07346866066776483,4.5,1.8,0.0,15.0,0.0,
15,58,5.800000000000001,1502,car,203.17848839624213,-10.456203738720495,23.70527874869813,-0.034485638741574065,4.5,1.8,0.0,15.0,0.0,
15,59,5.9,1500,car,13.801647976485421,-0.23717998512501615,0.14155604211073147,0.039335749875581694,4.5,1.8,0.0,15.0,0.0,
15,59,5.9,1501,car,-57.67625357082974,-2.7005351646621896,-7.790840723779691,-0.0663106032980396,4.5,1.8,0.0,15.0,0.0,
15,59,5.9,1502,car,205.45258340571493,-10.395803558500678,23.690143153482282,0.05559691944846529,4.5,1.8,0.0,15.0,0.0,
15,60,6.0,1500,car,13.84687627374704,-0.23153442847078878,0.13303359044958094,0.014634106596725703,4.5,1.8,0.0,15.0,0.0,
15,60,6.0,1501,car,-58.375044405956096,-2.6471500953600926,-7.81199115680014,0.061971852627013546,4.5,1.8,0.0,15.0,0.0,
15,60,6.0,1502,car,207.88736714500936,-10.357280169336658,23.694728012352897,0.025002478216923342,4.5,1.8,0.0,15.0,0.0,
15,61,6.1000000000000005,1500,car,13.677011738819488,-0.20740350103266522,0.21504273692788375,0.010999334335223316,4.5,1.8,0.0,15.0,0.0,
15,61,6.1000000000000005,1501,car,-59.147895789765414,-2.7067385259073333,-7.787354792789292,-0.009753720366907446,4.5,1.8,0.0,15.0,0.0,
15,61,6.1000000000000005,1502,car,210.38776992448373,-10.443642138471407,23.672112765639547,-0.03004390284528055,4.5,1.8,0.0,15.0,0.0,
15,62,6.2,1500,car,13.881973921383418,-0.22638006719390555,0.18763886378431308,-0.10452972727273224,4.5,1.8,0.0,15.0,0.0,
15,62,6.2,1501,car,-60.017768467597946,-2.653950031568073,-7.761161005709725,-0.03256016162267808,4.5,1.8,0.0,15.0,0.0,
15,62,6.2,1502,car,212.69541561108437,-10.25765503166494,23.806931753767305,0.05748862950592522,4.5,1.8,0.0,15.0,0.0,
15,63,6.300000000000001,1500,car,14.05666579649132,-0.04923754088202695,0.29836744127954895,-0.015096393020367613,4.5,1.8,0.0,15.0,0.0,
15,63,6.300000000000001,1501,car,-60.88171136444292,-2.4706010532542493,-7.809375706606807,-0.05142980471106165,4.5,1.8,0.0,15.0,0.0,
15,63,6.300000000000001,1502,car,214.97554531803496,-10.270794665441468,23.707712960194733,-0.07165547117799695,4.5,1.8,0.0,15.0,0.0,
15,64,6.4,1500,car,14.024268661235942,-0.1688300722645337,0.35148803198077855,0.0003324100758824994,4.5,1.8,0.0,15.0,0.0,
15,64,6.4,1501,car,-61.60494674300999,-2.4238480353248555,-7.8197143610951265,0.04940657626133347,4.5,1.8,0.0,15.0,0.0,
15,64,6.4,1502,car,217.39153140257275,-10.302634692753683,23.623517467139035,0.026032919620089676,4.5,1.8,0.0,15.0,0.0,
15,65,6.5,1500,car,13.93328712663143,-0.13080175970544838,0.3554324599144234,-0.06801845920199001,4.5,1.8,0.0,15.0,0.0,
15,65,6.5,1501,car,-62.36107847501602,-2.404716091631808,-7.809966986025372,0.0073498458644349314,4.5,1.8,0.0,15.0,0.0,
15,65,6.5,1502,car,219.68864433067435,-10.243473779343647,23.589134677424703,-0.05372954570041297,4.5,1.8,0.0,15.0,0.0,
15,66,6.6000000000000005,1500,car,14.036293743056017,-0.037158699616367655,0.3857423649118117,-0.010359743073122022,4.5,1.8,0.0,15.0,0.0,
15,66,6.6000000000000005,1501,car,-63.33602174401025,-2.25654707454311,-7.907721858064804,0.02930306967094411,4.5,1.8,0.0,15.0,0.0,
15,66,6.6000000000000005,1502,car,222.25858148353072,-10.228527134549337,23.603696329654625,0.018966047480675034,4.5,1.8,0.0,15.0,0.0,
15,67,6.7,1500,car,14.094684713513196,0.19790264877768338,0.34358412227538254,-0.04843633233065498,4.5,1.8,0.0,15.0,0.0,
15,67,6.7,1501,car,-64.15954403649934,-2.0824639152849596,-7.936565688513732,0.021514912589539824,4.5,1.8,0.0,15.0,0.0,
15,67,6.7,1502,car,224.72605197062106,-10.150628772556825,23.654600021732776,0.07089931846220626,4.5,1.8,0.0,15.0,0.0,
15,68,6.800000000000001,1500,car,14.159866296709927,0.1521977589455098,0.35094506680340726,-0.01695267305647167,4.5,1.8,0.0,15.0,0.0,
15,68,6.800000000000001,1501,car,-64.7010454071798,-2.135729580580088,-7.91240863828975,-0.07504327995683208,4.5,1.8,0.0,15.0,0.0,
15,68,6.800000000000001,1502,car,227.10479381210646,-10.179339158099953,23.688384291025,0.035087651768233134,4.5,1.8,0.0,15.0,0.0,
15,69,6.9,1500,car,14.336660650619601,0.285954692360342,0.3476298203639057,-0.04721930712511931,4.5,1.8,0.0,15.0,0.0,
15,69,6.9,1501,car,-65.57499690597105,-2.10545578297789,-7.904519332620395,0.01289632953906427,4.5,1.8,0.0,15.0,0.0,
15,69,6.9,1502,car,229.42012121057533,-10.03561541496875,23.614750099909006,-0.029523259082552884,4.5,1.8,0.0,15.0,0.0,
15,70,7.0,1500,car,14.263712921792905,0.26505737339267704,0.4099581408338036,-0.014387695157460892,4.5,1.8,0.0,15.0,0.0,
15,70,7.0,1501,car,-66.35530110565568,-2.0390314973353667,-7.921285150521967,0.01913138321306221,4.5,1.8,0.0,15.0,0.0,
15,70,7.0,1502,car,231.80667179574942,-10.148696346365357,23.591534330181428,0.017729280653837155,4.5,1.8,0.0,15.0,0.0,
15,71,7.1000000000000005,1500,car,14.432927938442015,0.3931834026184948,0.51473249235547,0.024272857797723014,4.5,1.8,0.0,15.0,0.0,
15,71,7.1000000000000005,1501,car,-67.18876107617632,-2.0454267305231992,-7.926973391436814,-0.02039401066179225,4.5,1.8,0.0,15.0,0.0,
15,71,7.1000000000000005,1502,car,234.2041207631138,-10.105747496703943,23.532846455334305,0.05440850238873133,4.5,1.8,0.0,15.0,0.0,
15,72,7.2,1500,car,14.30072082717012,0.3709352073261241,0.5721982560082797,0.030369571339916097,4.5,1.8,0.0,15.0,0.0,
15,72,7.2,1501,car,-68.01715579791771,-1.8485443791781009,-7.948977066552123,-0.10009754845241403,4.5,1.8,0.0,15.0,0.0,
15,72,7.2,1502,car,236.60267937748165,-10.283598852248282,23.49127402891223,0.031137513253129575,4.5,1.8,0.0,15.0,0.0,
15,73,7.300000000000001,1500,car,14.311854886181102,0.42899615810141883,0.514293289411296,0.04292400121310351,4.5,1.8,0.0,15.0,0.0,
15,73,7.300000000000001,1501,car,-68.9811481536991,-1.716681218382249,-7.972744878401134,0.07655792610340934,4.5,1.8,0.0,15.0,0.0,
15,73,7.300000000000001,1502,car,238.8677555514762,-10.091122324076439,23.44339097321087,-0.08969743400023436,4.5,1.8,0.0,15.0,0.0,
15,74,7.4,1500,car,14.367594542734155,0.5523950620110206,0.5538327150427258,0.05814856345819221,4.5,1.8,0.0,15.0,0.0,
15,74,7.4,1501,car,-69.69737062175105,-1.7987080072778159,-7.93442403364687,0.004641697617623485,4.5,1.8,0.0,15.0,0.0,
15,74,7.4,1502,car,241.14112151677665,-10.073186915332514,23.440574683055093,0.07079962576594363,4.5,1.8,0.0,15.0,0.0,
15,75,7.5,1500,car,14.37149007496318,0.4962332994709246,0.5189007830236804,0.09484242348212524,4.5,1.8,0.0,15.0,0.0,
15,75,7.5,1501,car,-70.55508166754899,-1.6690241840333153,-7.985993408654945,0.02533119110966981,4.5,1.8,0.0,15.0,0.0,
15,75,7.5,1502,car,243.51142992494522,-9.949850069506981,23.494993624284618,0.0040945021871623575,4.5,1.8,0.0,15.0,0.0,
15,76,7.6000000000000005,1500,car,14.36967256032226,0.6587294633811169,0.48705341044017236,-0.11338618874371945,4.5,1.8,0.0,15.0,0.0,
15,76,7.6000000000000005,1501,car,-71.53953755406529,-1.830530318944672,-7.956208631394948,0.11072338008222611,4.5,1.8,0.0,15.0,0.0,
15,76,7.6000000000000005,1502,car,245.65693322019848,-10.028105557823437,23.49944491402403,0.07727534828352764,4.5,1.8,0.0,15.0,0.0,
15,77,7.7,1500,car,14.339584149451051,0.7178094456294812,0.47454894801950387,0.1303580816457632,4.5,1.8,0.0,15.0,0.0,
15,77,7.7,1501,car,-72.32070438844146,-1.7949614416301394,-7.951995783431715,-0.020734328384681023,4.5,1.8,0.0,15.0,0.0,
15,77,7.7,1502,car,248.10186475249108,-10.144008313149516,23.39934679400348,-0.007509731226176349,4.5,1.8,0.0,15.0,0.0,
15,78,7.800000000000001,1500,car,14.46859541631925,0.6597317561095092,0.4838734752356621,-0.061034816069836406,4.5,1.8,0.0,15.0,0.0,
15,78,7.800000000000001,1501,car,-73.00963763575521,-1.7297704783697012,-7.9510093674758044,0.008436489394578436,4.5,1.8,0.0,15.0,0.0,
15,78,7.800000000000001,1502,car,250.30244190556192,-10.278897645527376,23.393247222814814,0.025686740536271287,4.5,1.8,0.0,15.0,0.0,
15,79,7.9,1500,car,14.573420630936942,0.6234384686981109,0.5211423930502335,0.07103957637067865,4.5,1.8,0.0,15.0,0.0,
15,79,7.9,1501,car,-73.81360531416922,-1.6988040877085235,-7.96140207399251,-0.006315315448425567,4.5,1.8,0.0,15.0,0.0,
15,79,7.9,1502,car,252.65872306013924,-10.10857121662199,23.43901104167709,0.04125922168810902,4.5,1.8,0.0,15.0,0.0,
15,80,8.0,1500,car,14.580160583616859,0.53362095381894,0.5406191650980356,0.06218726569873835,4.5,1.8,0.0,15.0,0.0,
15,80,8.0,1501,car,-74.43740508171518,-1.9440678066350938,-7.839082659362839,0.020849347412384287,4.5,1.8,0.0,15.0,0.0,
15,80,8.0,1502,car,255.09351720072334,-10.282565627561546,23.42716574983886,0.04114239584486043,4.5,1.8,0.0,15.0,0.0,
15,81,8.1,1500,car,14.516747724254817,0.24478981682218565,0.557394432713198,-0.002489133158140841,4.5,1.8,0.0,15.0,0.0,
15,81,8.1,1501,car,-75.0771796388638,-1.9600596542235553,-7.843418599016964,0.03488387528184158,4.5,1.8,0.0,15.0,0.0,
15,81,8.1,1502,car,257.5395858192669,-10.35344047082749,23.47439068781771,-0.02608669134648078,4.5,1.8,0.0,15.0,0.0,
15,82,8.200000000000001,1500,car,14.574139327898793,0.31186679110292137,0.599651249907098,0.01591574532023622,4.5,1.8,0.0,15.0,0.0,
15,82,8.200000000000001,1501,car,-75.96957703146882,-2.1470851251470804,-7.852816398428186,0.04856424293548819,4.5,1.8,0.0,15.0,0.0,
15,82,8.200000000000001,1502,car,259.9319946321885,-10.329237170089486,23.474039359994386,0.015455092173584317,4.5,1.8,0.0,15.0,0.0,
15,83,8.3,1500,car,14.53469533519411,0.3898869730194495,0.6419665728282054,-0.017763275417163948,4.5,1.8,0.0,15.0,0.0,
15,83,8.3,1501,car,-76.71115790824648,-2.318740071584081,-7.843814002629619,-0.006656263047083339,4.5,1.8,0.0,15.0,0.0,
15,83,8.3,1502,car,262.405321858875,-10.349101445807992,23.517472585663434,-0.01955862555912506,4.5,1.8,0.0,15.0,0.0,
15,84,8.4,1500,car,14.370281921019421,0.36733334093842623,0.6518044355838772,0.007541875184425381,4.5,1.8,0.0,15.0,0.0,
15,84,8.4,1501,car,-77.47894425798209,-2.3693854918206374,-7.860000381416871,-0.05631719222902665,4.5,1.8,0.0,15.0,0.0,
15,84,8.4,1502,car,264.55740855089044,-10.359747346145982,23.48021243153853,0.053991778949983985,4.5,1.8,0.0,15.0,0.0,
15,85,8.5,1500,car,14.217263995943123,0.3964352208528555,0.7578787988275746,-0.009142321575875287,4.5,1.8,0.0,15.0,0.0,
15,85,8.5,1501,car,-78.26521910519199,-2.3267508148234883,-7.8347744085565845,-0.020425366828032317,4.5,1.8,0.0,15.0,0.0,
15,85,8.5,1502,car,266.8046001730395,-10.29447526639093,23.38480936216768,0.04161141600252047,4.5,1.8,0.0,15.0,0.0,
15,86,8.6,1500,car,14.253872023419062,0.39674373626157045,0.7315984052651561,0.07154413117608119,4.5,1.8,0.0,15.0,0.0,
15,86,8.6,1501,car,-79.02379547530519,-2.358924613484703,-7.8522695533386715,-0.007407856733393535,4.5,1.8,0.0,15.0,0.0,
15,86,8.6,1502,car,269.3827751269096,-10.426184102088893,23.438953471215967,0.028405264354497823,4.5,1.8,0.0,15.0,0.0,
15,87,8.700000000000001,1500,car,14.481013039186786,0.45965041578072263,0.731766555283497,0.051001381431019004,4.5,1.8,0.0,15.0,0.0,
15,87,8.700000000000001,1501,car,-79.78604554820413,-2.2834290104240718,-7.78085858014771,0.004625998691124145,4.5,1.8,0.0,15.0,0.0,
15,87,8.700000000000001,1502,car,271.68423197586606,-10.490565288513803,23.461480491595804,-0.043908420447300846,4.5,1.8,0.0,15.0,0.0,
15,88,8.8,1500,car,14.51920919828707,0.3628935396104906,0.7571835112044402,-0.03760778852894556,4.5,1.8,0.0,15.0,0.0,
15,88,8.8,1501,car,-80.69280469745699,-2.3945065527159577,-7.809412998193925,-0.02401504094483871,4.5,1.8,0.0,15.0,0.0,
15,88,8.8,1502,car,274.055525289581,-10.506727617383117,23.47999603128369,0.022530626227086195,4.5,1.8,0.0,15.0,0.0,
15,89,8.9,1500,car,14.668977500550369,0.17211108192982785,0.7008223426369404,0.027744336147719262,4.5,1.8,0.0,15.0,0.0,
15,89,8.9,1501,car,-81.45260476308006,-2.2968132573605056,-7.886613879619844,-0.02375772864972249,4.5,1.8,0.0,15.0,0.0,
15,89,8.9,1502,car,276.3738868990659,-10.490071238584257,23.48178990001046,0.023453889100864104,4.5,1.8,0.0,15.0,0.0,
15,90,9.0,1500,car,14.727594338696745,0.3093447090252962,0.7853828065455487,-0.05589483766996738,4.5,1.8,0.0,15.0,0.0,
15,90,9.0,1501,car,-82.23675503001569,-2.2170138298297952,-7.857347480534379,-0.020392181216784253,4.5,1.8,0.0,15.0,0.0,
15,90,9.0,1502,car,278.7475523775916,-10.64841707004537,23.480832806088056,-0.07301518522510073,4.5,1.8,0.0,15.0,0.0,
15,91,9.1,1500,car,14.856930515754533,0.19774891421538804,0.7935344652839489,0.01595977952107813,4.5,1.8,0.0,15.0,0.0,
15,91,9.1,1501,car,-83.01490338915978,-2.2802091161229723,-7.86786589304556,0.059053583410486055,4.5,1.8,0.0,15.0,0.0,
15,91,9.1,1502,car,281.05317481821425,-10.646274059350809,23.452993365865115,0.05102135497690335,4.5,1.8,0.0,15.0,0.0,
15,92,9.200000000000001,1500,car,14.944067039798952,0.12135151336902397,0.7938907282105365,-0.012051594074074095,4.5,1.8,0.0,15.0,0.0,
15,92,9.200000000000001,1501,car,-83.66243176737468,-2.284677866773576,-7.937003337464602,0.024931661822476327,4.5,1.8,0.0,15.0,0.0,
15,92,9.200000000000001,1502,car,283.5770828981373,-10.526580970396184,23.397846682925852,-0.013436407216255195,4.5,1.8,0.0,15.0,0.0,
15,93,9.3,1500,car,15.020387794883527,0.11949662751295476,0.8129388210694785,-0.01720505038264664,4.5,1.8,0.0,15.0,0.0,
15,93,9.3,1501,car,-84.54769448417922,-2.1894978331226826,-7.993181641578107,-0.040105827052046426,4.5,1.8,0.0,15.0,0.0,
15,93,9.3,1502,car,285.8038894645217,-10.465359726850966,23.403170248396595,0.04417518098523246,4.5,1.8,0.0,15.0,0.0,
15,94,9.4,1500,car,15.023162335364864,-0.005804684190543419,0.7907437732959671,-0.009124864338028888,4.5,1.8,0.0,15.0,0.0,
15,94,9.4,1501,car,-85.32610301756002,-2.357736996451455,-7.969245098413923,-0.0447119369144758,4.5,1.8,0.0,15.0,0.0,
15,94,9.4,1502,car,288.0794649243496,-10.347988773736825,23.294010406123935,0.016125101358347615,4.5,1.8,0.0,15.0,0.0,
15,95,9.5,1500,car,15.13410957570121,-0.0876831818756191,0.768393557250166,0.06105234010756421,4.5,1.8,0.0,15.0,0.0,
15,95,9.5,1501,car,-85.9267351730043,-2.2512644097630097,-7.8749515150258995,-0.03456659623337744,4.5,1.8,0.0,15.0,0.0,
15,95,9.5,1502,car,290.25085755831606,-10.35325092458412,23.33425333792922,-0.09273750530584562,4.5,1.8,0.0,15.0,0.0,
15,96,9.600000000000001,1500,car,15.11830324649358,-0.16922269117690653,0.7862217353695171,0.01138097818747932,4.5,1.8,0.0,15.0,0.0,
15,96,9.600000000000001,1501,car,-86.79174640185734,-2.2332832899939303,-7.932191774264067,-0.021321240630782286,4.5,1.8,0.0,15.0,0.0,
15,96,9.600000000000001,1502,car,292.45780396683995,-10.368274707363602,23.294228874986352,0.03451875100342873,4.5,1.8,0.0,15.0,0.0,
15,97,9.700000000000001,1500,car,15.194306712958104,-0.1918969663551558,0.8746279538192474,0.019164408850931854,4.5,1.8,0.0,15.0,0.0,
15,97,9.700000000000001,1501,car,-87.62178098764694,-2.291656824702539,-7.991250404560629,-0.003294194272739463,4.5,1.8,0.0,15.0,0.0,
15,97,9.700000000000001,1502,car,294.81798820857625,-10.559712306613696,23.22602969863743,-0.02580513946334318,4.5,1.8,0.0,15.0,0.0,
15,98,9.8,1500,car,15.171951436750673,-0.18757121775256191,0.8837355559645916,-0.006115368396649883,4.5,1.8,0.0,15.0,0.0,
15,98,9.8,1501,car,-88.36588859596459,-2.350148052459331,-7.993545647583656,-0.05016567924176735,4.5,1.8,0.0,15.0,0.0,
15,98,9.8,1502,car,297.16905314916926,-10.552121491065062,23.16610294921517,-0.007752968760237753,4.5,1.8,0.0,15.0,0.0,
15,99,9.9,1500,car,15.256542805020429,-0.1594700274305498,0.8996414812931491,-0.03605929694718387,4.5,1.8,0.0,15.0,0.0,
15,99,9.9,1501,car,-89.08887869492968,-2.2978424845754053,-8.02977462709393,-0.05713485225071857,4.5,1.8,0.0,15.0,0.0,
15,99,9.9,1502,car,299.42084827956137,-10.699286285828126,23.176503274818877,0.059177996153791074,4.5,1.8,0.0,15.0,0.0,
16,0,0.0,1600,car,25.0,0.44094220812105556,-2.0,0.0,4.5,1.8,0.0,15.0,0.0,
16,0,0.0,1601,car,97.59436318826475,-0.7955267677170359,3.965675128603934,-0.06724763427075142,4.5,1.8,0.0,15.0,0.0,
16,0,0.0,1602,bicycle,12.13057007091777,-5.835841977895083,28.421892966121405,0.14056134479983626,1.8,0.6,0.0,15.0,0.0,
16,1,0.1,1600,car,24.808129437257353,0.6929841161112882,-1.9591999460823233,-0.024119486730832643,4.5,1.8,0.0,15.0,0.0,
16,1,0.1,1601,car,97.99376213072615,-0.7102806094838839,4.036768293145584,-0.07962960910869861,4.5,1.8,0.0,15.0,0.0,
16,1,0.1,1602,bicycle,14.9508976741639,-5.904790693974019,28.455150900151985,0.19185994443793242,1.8,0.6,0.0,15.0,0.0,
16,2,0.2,1600,car,24.418340950936145,0.6508915660515429,-2.0198722471708765,-0.01657413888453169,4.5,1.8,0.0,15.0,0.0,
16,2,0.2,1601,car,98.27364433759546,-0.8502576754500298,4.092944257181131,-0.08790931587635793,4.5,1.8,0.0,15.0,0.0,
16,2,0.2,1602,bicycle,17.790422147969092,-5.842436186831725,28.50369184825143,0.17093030280917332,1.8,0.6,0.0,15.0,0.0,
16,3,0.30000000000000004,1600,car,24.176722265852337,0.6100274994456782,-1.9657968024044201,-0.019980895364404803,4.5,1.8,0.0,15.0,0.0,
16,3,0.30000000000000004,1601,car,98.65382893212283,-0.8199589638508457,4.184506967170067,-0.08419515866326276,4.5,1.8,0.0,15.0,0.0,
16,3,0.30000000000000004,1602,bicycle,20.61384661032637,-5.6310433047517785,28.570181930363994,0.23017155313407422,1.8,0.6,0.0,15.0,0.0,
16,4,0.4,1600,car,23.930073910190146,0.5480466314998409,-2.0575045250727606,0.028264949028307625,4.5,1.8,0.0,15.0,0.0,
16,4,0.4,1601,car,99.079979343877,-1.0084672674203246,4.244599347274006,-0.10106270637507443,4.5,1.8,0.0,15.0,0.0,
16,4,0.4,1602,bicycle,23.449456759292424,-5.759323079138477,28.594791852394316,0.2552600544229158,1.8,0.6,0.0,15.0,0.0,
16,5,0.5,1600,car,23.71952470237727,0.5090493330141395,-1.926181143147573,-0.031903437769961435,4.5,1.8,0.0,15.0,0.0,
16,5,0.5,1601,car,99.43229557938473,-0.9477478642734924,4.193877350440849,-0.15547305220271485,4.5,1.8,0.0,15.0,0.0,
16,5,0.5,1602,bicycle,26.42208780917479,-5.673277901202097,28.61899875124903,0.2643512968747942,1.8,0.6,0.0,15.0,0.0,
16,6,0.6000000000000001,1600,car,23.457691248423828,0.480591878858596,-1.9301348839107149,0.01040737988780805,4.5,1.8,0.0,15.0,0.0,
16,6,0.6000000000000001,1601,car,99.89426905098746,-1.0560795160479277,4.233354461828793,-0.23939835469947307,4.5,1.8,0.0,15.0,0.0,
16,6,0.6000000000000001,1602,bicycle,29.251945499406265,-5.761047609222982,28.576143579025494,0.3606806107767725,1.8,0.6,0.0,15.0,0.0,
16,7,0.7000000000000001,1600,car,23.117610345390617,0.3997132112480787,-1.9046147953448043,-0.013092758107464554,4.5,1.8,0.0,15.0,0.0,
16,7,0.7000000000000001,1601,car,100.33316027024713,-0.9370643882493473,4.266085854711965,-0.26283247220233846,4.5,1.8,0.0,15.0,0.0,
16,7,0.7000000000000001,1602,bicycle,32.09618790936874,-5.671918947166724,28.607893067333514,0.3617182477697982,1.8,0.6,0.0,15.0,0.0,
16,8,0.8,1600,car,22.963209765861876,0.4345621794752937,-1.909226123045061,-0.043354638427285166,4.5,1.8,0.0,15.0,0.0,
16,8,0.8,1601,car,100.8340284155205,-0.9341680893115504,4.162036868923102,-0.30412424818668204,4.5,1.8,0.0,15.0,0.0,
16,8,0.8,1602,bicycle,34.90891005507544,-5.655860258064459,28.668090313320004,0.5218345429571751,1.8,0.6,0.0,15.0,0.0,
16,9,0.9,1600,car,22.52640505577492,0.46066735159584843,-1.9057468170317253,-0.05237912786091779,4.5,1.8,0.0,15.0,0.0,
16,9,0.9,1601,car,101.30452605694904,-0.9496016400722704,4.143965170141162,-0.30266211499370155,4.5,1.8,0.0,15.0,0.0,
16,9,0.9,1602,bicycle,37.831375752880746,-5.557529677317282,28.677521928700987,0.49266216156953435,1.8,0.6,0.0,15.0,0.0,
16,10,1.0,1600,car,22.617744662394255,0.4913807699285816,-1.8676236556649184,-0.07776925050397054,4.5,1.8,0.0,15.0,0.0,
16,10,1.0,1601,car,101.73787994337944,-0.9617070438915866,4.0483676807204185,-0.3384951530110138,4.5,1.8,0.0,15.0,0.0,
16,10,1.0,1602,bicycle,40.625613610459304,-5.568309137792117,28.62402997194293,0.4948549633845816,1.8,0.6,0.0,15.0,0.0,
16,11,1.1,1600,car,22.570718158217606,0.4966527148515901,-1.9266871784485142,-0.1293144456639171,4.5,1.8,0.0,15.0,0.0,
16,11,1.1,1601,car,102.10501159653053,-1.1371172106488845,4.063590534918461,-0.27084020952267485,4.5,1.8,0.0,15.0,0.0,
16,11,1.1,1602,bicycle,43.430426186380345,-5.511210250775762,28.60258193755937,0.4633735708207405,1.8,0.6,0.0,15.0,0.0,
16,12,1.2000000000000002,1600,car,22.397007047165,0.4173907205740439,-1.967107201073013,-0.21027901476038818,4.5,1.8,0.0,15.0,0.0,
16,12,1.2000000000000002,1601,car,102.51782947279624,-1.0575002921058818,4.098955974345578,-0.19624054298524435,4.5,1.8,0.0,15.0,0.0,
16,12,1.2000000000000002,1602,bicycle,46.22323283466333,-5.379791954956352,28.547450306633763,0.49883650310713523,1.8,0.6,0.0,15.0,0.0,
16,13,1.3,1600,car,22.364715054956744,0.44620096940921655,-1.884016620225826,-0.24021561466418745,4.5,1.8,0.0,15.0,0.0,
16,13,1.3,1601,car,102.91430196367945,-1.1686927159217824,4.100695466768349,-0.18275685196333988,4.5,1.8,0.0,15.0,0.0,
16,13,1.3,1602,bicycle,49.08058137158994,-5.377322199376231,28.522914518598444,0.5160950327063039,1.8,0.6,0.0,15.0,0.0,
16,14,1.4000000000000001,1600,car,22.160384699899147,0.3069991074259108,-1.9788809225244812,-0.2699900390107313,4.5,1.8,0.0,15.0,0.0,
16,14,1.4000000000000001,1601,car,103.18614463668465,-1.2705253999710564,4.079530204218653,-0.19006181060786648,4.5,1.8,0.0,15.0,0.0,
16,14,1.4000000000000001,1602,bicycle,51.86627224025836,-5.10659258528945,28.459859366918547,0.5765556556033239,1.8,0.6,0.0,15.0,0.0,
16,15,1.5,1600,car,21.94623980667742,0.21424746439077838,-1.9495021220049176,-0.29263391657414833,4.5,1.8,0.0,15.0,0.0,
16,15,1.5,1601,car,103.51340118846257,-1.1105505908069824,3.9698072019052395,-0.2023055018824863,4.5,1.8,0.0,15.0,0.0,
16,15,1.5,1602,bicycle,54.73126533899963,-4.908134766411359,28.439937822026273,0.709606417820074,1.8,0.6,0.0,15.0,0.0,
16,16,1.6,1600,car,21.82720150061175,-0.05174520834208346,-2.0221862584532957,-0.2807872165345598,4.5,1.8,0.0,15.0,0.0,
16,16,1.6,1601,car,103.7959952829174,-1.0759978165310602,3.947120712741999,-0.26210682207642083,4.5,1.8,0.0,15.0,0.0,
16,16,1.6,1602,bicycle,57.4788001838078,-4.751982764121382,28.338790144830885,0.7618701590783522,1.8,0.6,0.0,15.0,0.0,
16,17,1.7000000000000002,1600,car,21.73243656204721,-0.11296461037499506,-2.0924083905953266,-0.25299400607960665,4.5,1.8,0.0,15.0,0.0,
16,17,1.7000000000000002,1601,car,104.14207142247398,-1.2537202668124092,4.042577724139302,-0.3063274868725267,4.5,1.8,0.0,15.0,0.0,
16,17,1.7000000000000002,1602,bicycle,60.16546410961788,-4.64729066623279,28.3353977730167,0.8361795775405211,1.8,0.6,0.0,15.0,0.0,
16,18,1.8,1600,car,21.48514369547944,-0.17525964265312433,-2.0756469789855183,-0.24301811001853757,4.5,1.8,0.0,15.0,0.0,
16,18,1.8,1601,car,104.5693329663783,-1.257157865786221,4.050808538884078,-0.32715163515361767,4.5,1.8,0.0,15.0,0.0,
16,18,1.8,1602,bicycle,63.082271646596446,-4.599662448757693,28.375615287896824,0.9055676819544487,1.8,0.6,0.0,15.0,0.0,
16,19,1.9000000000000001,1600,car,21.209824910847196,0.04088688821193284,-2.1112776242442974,-0.2782875189511269,4.5,1.8,0.0,15.0,0.0,
16,19,1.9000000000000001,1601,car,105.02841290341608,-1.2457167888621086,4.054399300159578,-0.28623908075475835,4.5,1.8,0.0,15.0,0.0,
16,19,1.9000000000000001,1602,bicycle,65.94509617963647,-4.302531480812234,28.37295401700317,0.8628430008751373,1.8,0.6,0.0,15.0,0.0,
16,20,2.0,1600,car,20.943526218736597,0.06019057448977242,-2.086980039911526,-0.2679637173552384,4.5,1.8,0.0,15.0,0.0,
16,20,2.0,1601,car,105.34890247622495,-1.1634758849431794,4.151248832993992,-0.28477781465999397,4.5,1.8,0.0,15.0,0.0,
16,20,2.0,1602,bicycle,68.96345207565119,-4.129621581080518,28.483888375735503,0.8864752054035646,1.8,0.6,0.0,15.0,0.0,
16,21,2.1,1600,car,20.748488522322734,0.11763432605221193,-2.10865928987849,-0.24760784796225646,4.5,1.8,0.0,15.0,0.0,
16,21,2.1,1601,car,105.89709900418634,-1.1100026208372944,4.149700950090407,-0.27475703495508247,4.5,1.8,0.0,15.0,0.0,
16,21,2.1,1602,bicycle,71.88760859135492,-3.968529399561174,28.52139159489193,0.9034471106745458,1.8,0.6,0.0,15.0,0.0,
16,22,2.2,1600,car,20.455168129391097,0.026358254875378725,-2.0856009516398144,-0.20603487698680317,4.5,1.8,0.0,15.0,0.0,
16,22,2.2,1601,car,106.38226272159687,-1.2049999959679096,4.142142581641276,-0.33347096817439537,4.5,1.8,0.0,15.0,0.0,
16,22,2.2,1602,bicycle,74.60060488288363,-3.870036758461076,28.589299413127044,0.9084373107097864,1.8,0.6,0.0,15.0,0.0,
16,23,2.3000000000000003,1600,car,20.437421577114485,-0.010655629940587833,-2.0840400912324695,-0.2555852215377606,4.5,1.8,0.0,15.0,0.0,
16,23,2.3000000000000003,1601,car,106.76175258142729,-1.3573409161472902,4.064875717427071,-0.39211753236880736,4.5,1.8,0.0,15.0,0.0,
16,23,2.3000000000000003,1602,bicycle,77.46806233319295,-3.852863655413659,28.564305772258937,0.9289308391960195,1.8,0.6,0.0,15.0,0.0,
16,24,2.4000000000000004,1600,car,20.074137730739093,-0.028110546219120142,-2.041636319433517,-0.20885724698378216,4.5,1.8,0.0,15.0,0.0,
16,24,2.4000000000000004,1601,car,107.21989685814532,-1.4017708964034292,4.033688772603219,-0.39623547003083015,4.5,1.8,0.0,15.0,0.0,
16,24,2.4000000000000004,1602,bicycle,80.48983923321117,-3.7326639512393647,28.558961678742723,0.9571154775858827,1.8,0.6,0.0,15.0,0.0,
16,25,2.5,1600,car,19.87494652368147,-0.026416975849601718,-2.053972177170087,-0.2296041346875174,4.5,1.8,0.0,15.0,0.0,
16,25,2.5,1601,car,107.7228657614253,-1.636429412445783,4.057618859440632,-0.42007311935589353,4.5,1.8,0.0,15.0,0.0,
16,25,2.5,1602,bicycle,83.15521415470238,-3.7344133457260176,28.55715937427783,0.9621894390444022,1.8,0.6,0.0,15.0,0.0,
16,26,2.6,1600,car,19.743549751515804,0.03142443413614118,-2.131307925331448,-0.21072895536994787,4.5,1.8,0.0,15.0,0.0,
16,26,2.6,1601,car,108.20148204471164,-1.656544462288166,4.082740933700968,-0.5166991596795467,4.5,1.8,0.0,15.0,0.0,
16,26,2.6,1602,bicycle,85.91190859318858,-3.5015897015833657,28.543173958170758,1.073344634781194,1.8,0.6,0.0,15.0,0.0,
16,27,2.7,1600,car,19.40257671782449,0.16672876271239753,-2.1618432059806802,-0.16760715622252995,4.5,1.8,0.0,15.0,0.0,
16,27,2.7,1601,car,108.58021789653256,-1.6966465634655927,4.112518099071881,-0.5473668227515402,4.5,1.8,0.0,15.0,0.0,
16,27,2.7,1602,bicycle,88.84633662849313,-3.420842612777398,28.552076454856444,0.9410860650307549,1.8,0.6,0.0,15.0,0.0,
16,28,2.8000000000000003,1600,car,19.152658869784062,0.27632224592530885,-2.1271093466247453,-0.12327987550534372,4.5,1.8,0.0,15.0,0.0,
16,28,2.8000000000000003,1601,car,108.99680147422589,-1.5837557954516397,4.126940034900319,-0.5803718268619591,4.5,1.8,0.0,15.0,0.0,
16,28,2.8000000000000003,1602,bicycle,91.78705836148954,-3.2344741703254813,28.583556016094818,0.9209393706575879,1.8,0.6,0.0,15.0,0.0,
16,29,2.9000000000000004,1600,car,18.968095152328576,0.40332674447474737,-2.1032318468999334,-0.19716800233995324,4.5,1.8,0.0,15.0,0.0,
16,29,2.9000000000000004,1601,car,109.34661910646896,-1.709319512163758,4.089223864306282,-0.6859360419742118,4.5,1.8,0.0,15.0,0.0,
16,29,2.9000000000000004,1602,bicycle,94.83447171587748,-3.2300089945606762,28.543358600617665,0.8238539479045638,1.8,0.6,0.0,15.0,0.0,
16,30,3.0,1600,car,18.844414866107947,0.3745234589518226,-2.120777527154078,-0.21206806996231406,4.5,1.8,0.0,15.0,0.0,
16,30,3.0,1601,car,109.81432193212629,-1.825915267428688,3.98977881117207,-0.7505128390232131,4.5,1.8,0.0,15.0,0.0,
16,30,3.0,1602,bicycle,97.55446042826568,-3.120091815629161,28.589859552644324,0.8971442293980714,1.8,0.6,0.0,15.0,0.0,
16,31,3.1,1600,car,18.468847671665745,0.41534366118084987,-2.151531086764299,-0.06589516607153692,4.5,1.8,0.0,15.0,0.0,
16,31,3.1,1601,car,110.35165522630862,-1.7307770101175604,4.029900802184402,-0.7314184291994533,4.5,1.8,0.0,15.0,0.0,
16,31,3.1,1602,bicycle,100.37318808645972,-3.090309473771871,28.54985429829644,0.9280230123011715,1.8,0.6,0.0,15.0,0.0,
16,32,3.2,1600,car,18.40973484290618,0.3730733605013908,-2.1876485272634474,-0.140070336328661,4.5,1.8,0.0,15.0,0.0,
16,32,3.2,1601,car,110.77911447336642,-1.6809921049358536,4.0938671683203935,-0.6624964921866086,4.5,1.8,0.0,15.0,0.0,
16,32,3.2,1602,bicycle,103.26971417758887,-2.9884883088087633,28.613966911397178,0.8725199491935415,1.8,0.6,0.0,15.0,0.0,
16,33,3.3000000000000003,1600,car,18.1468854975263,0.5301511349052527,-2.241378803418022,-0.14179324296854975,4.5,1.8,0.0,15.0,0.0,
16,33,3.3000000000000003,1601,car,111.25163425076924,-1.7389718986220324,4.151338043651379,-0.5862125837445138,4.5,1.8,0.0,15.0,0.0,
16,33,3.3000000000000003,1602,bicycle,106.1790773007565,-2.7622300413136665,28.567533138173985,0.8646429874575768,1.8,0.6,0.0,15.0,0.0,
16,34,3.4000000000000004,1600,car,18.1632667351772,0.7102648527255375,-2.3052257642841503,-0.14243136339398965,4.5,1.8,0.0,15.0,0.0,
16,34,3.4000000000000004,1601,car,111.68037551778673,-1.7559405865214102,4.215040176736838,-0.4942546295976251,4.5,1.8,0.0,15.0,0.0,
16,34,3.4000000000000004,1602,bicycle,109.03957223213341,-2.5635671629048686,28.599942942329296,0.8635864485570136,1.8,0.6,0.0,15.0,0.0,
16,35,3.5,1600,car,17.76292834131231,0.7978690783900435,-2.274966078673216,-0.12295190188832243,4.5,1.8,0.0,15.0,0.0,
16,35,3.5,1601,car,112.00375294495895,-1.6094523221539083,4.222663770859281,-0.551323408371769,4.5,1.8,0.0,15.0,0.0,
16,35,3.5,1602,bicycle,111.76933448838591,-2.409461278002777,28.63530542931631,0.8404359407246811,1.8,0.6,0.0,15.0,0.0,
16,36,3.6,1600,car,17.581694249578018,0.8523345224549789,-2.26796981762337,-0.15801895793554102,4.5,1.8,0.0,15.0,0.0,
16,36,3.6,1601,car,112.52215491696161,-1.580821531941966,4.2510477728617495,-0.5930100022106677,4.5,1.8,0.0,15.0,0.0,
16,36,3.6,1602,bicycle,114.49976178196711,-2.317765292889732,28.681783985647034,0.8924545847727761,1.8,0.6,0.0,15.0,0.0,
16,37,3.7,1600,car,17.413335451225674,0.7914872088500794,-2.308180187623079,-0.15886229943537683,4.5,1.8,0.0,15.0,0.0,
16,37,3.7,1601,car,112.94652129511861,-1.5293930028431646,4.227062053045693,-0.612842466041884,4.5,1.8,0.0,15.0,0.0,
16,37,3.7,1602,bicycle,117.5734392905591,-2.0733976107737666,28.63764496358883,0.9658921797201274,1.8,0.6,0.0,15.0,0.0,
16,38,3.8000000000000003,1600,car,17.070329257806478,0.7321951073255824,-2.3241923625140712,-0.16274188057277567,4.5,1.8,0.0,15.0,0.0,
16,38,3.8000000000000003,1601,car,113.43120313414295,-1.5800299176187604,4.257798420764962,-0.6329345091698965,4.5,1.8,0.0,15.0,0.0,
16,38,3.8000000000000003,1602,bicycle,120.47462604931201,-1.9689117089539305,28.56822845986704,0.9900426901546807,1.8,0.6,0.0,15.0,0.0,
16,39,3.9000000000000004,1600,car,16.8475155584037,0.6445299611486708,-2.3454344689355424,-0.18275791781148754,4.5,1.8,0.0,15.0,0.0,
16,39,3.9000000000000004,1601,car,113.83249112877697,-1.4674275564725427,4.3623111427140815,-0.7692364433371353,4.5,1.8,0.0,15.0,0.0,
16,39,3.9000000000000004,1602,bicycle,123.38026633498109,-1.7744123030875436,28.557424620966415,1.036447194393771,1.8,0.6,0.0,15.0,0.0,
16,40,4.0,1600,car,16.77838888038142,0.4890699703491135,-2.338746374624293,-0.08492055895583472,4.5,1.8,0.0,15.0,0.0,
16,40,4.0,1601,car,114.14494571294856,-1.555874434918411,4.339891278909377,-0.7166418063331518,4.5,1.8,0.0,15.0,0.0,
16,40,4.0,1602,bicycle,126.35513339179735,-1.6545348478338116,28.559035085811924,0.9504898021177056,1.8,0.6,0.0,15.0,0.0,
16,41,4.1000000000000005,1600,car,16.686814495033452,0.44526128291784056,-2.3458626275471106,-0.0363405688248566,4.5,1.8,0.0,15.0,0.0,
16,41,4.1000000000000005,1601,car,114.59869480838772,-1.527154420510577,4.370061785707651,-0.7064524532913649,4.5,1.8,0.0,15.0,0.0,
16,41,4.1000000000000005,1602,bicycle,129.24208117322556,-1.671763142279682,28.551586079336957,1.004692154614223,1.8,0.6,0.0,15.0,0.0,
16,42,4.2,1600,car,16.362364227039542,0.37009961816554277,-2.389843841916064,-0.02867153897955397,4.5,1.8,0.0,15.0,0.0,
16,42,4.2,1601,car,115.1759538722356,-1.543083666401907,4.261213656714665,-0.6740212032843205,4.5,1.8,0.0,15.0,0.0,
16,42,4.2,1602,bicycle,132.0530307757006,-1.5203556915706553,28.544111070570207,0.9616693268022861,1.8,0.6,0.0,15.0,0.0,
16,43,4.3,1600,car,16.116232683683705,0.3230854542300994,-2.374458094504961,-0.07297179132849527,4.5,1.8,0.0,15.0,0.0,
16,43,4.3,1601,car,115.48959825245993,-1.5372776019826582,4.316655631782986,-0.6450183136384963,4.5,1.8,0.0,15.0,0.0,
16,43,4.3,1602,bicycle,134.8425645992903,-1.4981957523920744,28.50998660891132,1.0061890732898076,1.8,0.6,0.0,15.0,0.0,
16,44,4.4,1600,car,15.796281988419059,0.40419232606019284,-2.3426129366320874,-0.011085442251807687,4.5,1.8,0.0,15.0,0.0,
16,44,4.4,1601,car,116.02757912353704,-1.5475138751183828,4.2432215726146465,-0.6145118948456509,4.5,1.8,0.0,15.0,0.0,
16,44,4.4,1602,bicycle,137.70511059938468,-1.4349022189404532,28.578097821298044,0.9986222898143212,1.8,0.6,0.0,15.0,0.0,
16,45,4.5,1600,car,15.509075803060876,0.5154893986277087,-2.3628675711459777,-0.04006010328294232,4.5,1.8,0.0,15.0,0.0,
16,45,4.5,1601,car,116.33918587057512,-1.690982666744182,4.206502105585513,-0.5834595187298783,4.5,1.8,0.0,15.0,0.0,
16,45,4.5,1602,bicycle,140.46101315097928,-1.5208238775492038,28.59325931132612,0.9669247252061066,1.8,0.6,0.0,15.0,0.0,
16,46,4.6000000000000005,1600,car,15.271162354158655,0.6397249858760377,-2.3592903338380444,0.03542095248819975,4.5,1.8,0.0,15.0,0.0,
16,46,4.6000000000000005,1601,car,116.75302139403047,-1.648632970481519,4.179130743981156,-0.5780749862105998,4.5,1.8,0.0,15.0,0.0,
16,46,4.6000000000000005,1602,bicycle,143.22704228184986,-1.5055513157537326,28.582025989844993,0.9004980224779255,1.8,0.6,0.0,15.0,0.0,
16,47,4.7,1600,car,15.051169317948737,0.6129910829054029,-2.347561337282197,-0.0302385967380758,4.5,1.8,0.0,15.0,0.0,
16,47,4.7,1601,car,117.2411076994937,-1.5366791025554396,4.253457398943953,-0.48287965973385527,4.5,1.8,0.0,15.0,0.0,
16,47,4.7,1602,bicycle,146.08948798029266,-1.4507342988396,28.606405166838496,0.8885870340197957,1.8,0.6,0.0,15.0,0.0,
16,48,4.800000000000001,1600,car,14.642369469309687,0.6918971746038601,-2.359281431260979,-0.10360623552531832,4.5,1.8,0.0,15.0,0.0,
16,48,4.800000000000001,1601,car,117.61562521286254,-1.6061330837788612,4.2540490248558145,-0.48168740986997904,4.5,1.8,0.0,15.0,0.0,
16,48,4.800000000000001,1602,bicycle,149.08703047148595,-1.4907296443508604,28.59879795819349,0.8446388418909422,1.8,0.6,0.0,15.0,0.0,
16,49,4.9,1600,car,14.532058151307925,0.6253911404107656,-2.376472923136699,-0.051121467257249406,4.5,1.8,0.0,15.0,0.0,
16,49,4.9,1601,car,118.1735075975925,-1.5070394709778143,4.171893370072894,-0.45754170473557687,4.5,1.8,0.0,15.0,0.0,
16,49,4.9,1602,bicycle,151.97392196177248,-1.4113883747164377,28.60212636374844,0.9089275388388606,1.8,0.6,0.0,15.0,0.0,
16,50,5.0,1600,car,14.398269781698717,0.7099703163506409,-2.3661272132125757,0.06240807166357021,4.5,1.8,0.0,15.0,0.0,
16,50,5.0,1601,car,118.55063465020099,-1.7143897831438144,4.1586311693302145,-0.45465481749279346,4.5,1.8,0.0,15.0,0.0,
16,50,5.0,1602,bicycle,154.9644530079191,-1.3715934271841654,28.626687867449892,0.8350653251199069,1.8,0.6,0.0,15.0,0.0,
16,51,5.1000000000000005,1600,car,14.26979885067053,0.7230430649625891,-2.3801550167879526,0.16899069286806817,4.5,1.8,0.0,15.0,0.0,
16,51,5.1000000000000005,1601,car,119.07348847509503,-1.8638394527473794,4.153161580597414,-0.3178388404925775,4.5,1.8,0.0,15.0,0.0,
16,51,5.1000000000000005,1602,bicycle,158.0250034733182,-1.195790581643755,28.534335460602197,0.9016728387189099,1.8,0.6,0.0,15.0,0.0,
16,52,5.2,1600,car,13.968264832714906,0.8722939276673974,-2.4162884410656984,0.1934321701795532,4.5,1.8,0.0,15.0,0.0,
16,52,5.2,1601,car,119.424776370513,-1.9319513676515823,4.184271412402811,-0.3837837616594701,4.5,1.8,0.0,15.0,0.0,
16,52,5.2,1602,bicycle,161.11567882278638,-1.2083454444930681,28.48017794929941,0.932929527115341,1.8,0.6,0.0,15.0,0.0,
16,53,5.300000000000001,1600,car,13.855830102270593,0.8592668680271279,-2.4698619019367536,0.14731322474516426,4.5,1.8,0.0,15.0,0.0,
16,53,5.300000000000001,1601,car,119.7402015546534,-1.9395117807976616,4.180772106398652,-0.36249213121420426,4.5,1.8,0.0,15.0,0.0,
16,53,5.300000000000001,1602,bicycle,164.00018356047707,-1.032621262948834,28.45968074830594,0.8960192901716199,1.8,0.6,0.0,15.0,0.0,
16,54,5.4,1600,car,13.624473318913672,0.8684991895616564,-2.4572143012187757,0.11172757769385278,4.5,1.8,0.0,15.0,0.0,
16,54,5.4,1601,car,120.2225004942385,-2.0935983218051604,4.158752873428888,-0.30604006455088684,4.5,1.8,0.0,15.0,0.0,
16,54,5.4,1602,bicycle,166.73302013940537,-0.8379950293657411,28.389225779650356,0.8167579964566616,1.8,0.6,0.0,15.0,0.0,
16,55,5.5,1600,car,13.229365662789187,0.8913525640555953,-2.420734513696629,0.1763572828883065,4.5,1.8,0.0,15.0,0.0,
16,55,5.5,1601,car,120.75966285729507,-2.0379324697680232,4.117163700835997,-0.34806524124888205,4.5,1.8,0.0,15.0,0.0,
16,55,5.5,1602,bicycle,169.65072194952236,-0.6141883857226347,28.33766873565484,0.8814579634261169,1.8,0.6,0.0,15.0,0.0,
16,56,5.6000000000000005,1600,car,12.795258464590598,0.9479808017379583,-2.425924877085423,0.16614779564645768,4.5,1.8,0.0,15.0,0.0,
16,56,5.6000000000000005,1601,car,121.17450634044863,-2.1581120126170545,4.139467605913767,-0.3450318172092445,4.5,1.8,0.0,15.0,0.0,
16,56,5.6000000000000005,1602,bicycle,172.5780199713215,-0.36700354971381044,28.344014581290246,0.8405220451241939,1.8,0.6,0.0,15.0,0.0,
16,57,5.7,1600,car,12.438876064149984,1.1344207631185863,-2.347406227553697,0.21051637617061486,4.5,1.8,0.0,15.0,0.0,
16,57,5.7,1601,car,121.59443849125266,-2.1110986383081323,4.20469087496675,-0.3759296660652182,4.5,1.8,0.0,15.0,0.0,
16,57,5.7,1602,bicycle,175.41540095967508,-0.3935748988938022,28.337561500008878,0.9177357224493166,1.8,0.6,0.0,15.0,0.0,
16,58,5.800000000000001,1600,car,12.311990220237055,1.168973080876643,-2.4820678833867627,0.17772674439875158,4.5,1.8,0.0,15.0,0.0,
16,58,5.800000000000001,1601,car,122.02514817523594,-2.1702829468828364,4.2063295040311655,-0.36380017000306464,4.5,1.8,0.0,15.0,0.0,
16,58,5.800000000000001,1602,bicycle,178.19578903376666,-0.30255442162999047,28.330089330650537,0.8825755890667557,1.8,0.6,0.0,15.0,0.0,
16,59,5.9,1600,car,12.24841719810038,1.1390998997234085,-2.5947783440223473,0.26689003740305095,4.5,1.8,0.0,15.0,0.0,
16,59,5.9,1601,car,122.36115352718832,-2.116672128968739,4.172285182580808,-0.33533626322342286,4.5,1.8,0.0,15.0,0.0,
16,59,5.9,1602,bicycle,181.0239832308322,-0.11426377899194701,28.319404118735306,0.8498095936881713,1.8,0.6,0.0,15.0,0.0,
16,60,6.0,1600,car,12.014641348887768,1.1275397303170114,-2.691236986692289,0.23681500092087515,4.5,1.8,0.0,15.0,0.0,
16,60,6.0,1601,car,123.06525894304895,-2.332343044545127,4.1843376737318545,-0.3474810646367516,4.5,1.8,0.0,15.0,0.0,
16,60,6.0,1602,bicycle,184.03956563222383,-0.1403866510456936,28.324469290549317,0.8841194778811778,1.8,0.6,0.0,15.0,0.0,
16,61,6.1000000000000005,1600,car,11.727588183254058,1.074465924966135,-2.6923467950379725,0.2213401887277586,4.5,1.8,0.0,15.0,0.0,
16,61,6.1000000000000005,1601,car,123.4524624603611,-2.274019916353352,4.2044851528955025,-0.3198927207710366,4.5,1.8,0.0,15.0,0.0,
16,61,6.1000000000000005,1602,bicycle,186.90504217956203,0.04401333670063032,28.389682275578014,0.8697838161213594,1.8,0.6,0.0,15.0,0.0,
16,62,6.2,1600,car,11.540300394337674,0.966981114281567,-2.804999593419708,0.31266044042502805,4.5,1.8,0.0,15.0,0.0,
16,62,6.2,1601,car,123.8395751316273,-2.280761904434154,4.1432243631006855,-0.38345990645094086,4.5,1.8,0.0,15.0,0.0,
16,62,6.2,1602,bicycle,189.6727160179633,0.19528149129494174,28.36385513554739,0.8529942936262905,1.8,0.6,0.0,15.0,0.0,
16,63,6.300000000000001,1600,car,11.185349327122353,1.114825967255103,-2.761573092965505,0.28845302803693074,4.5,1.8,0.0,15.0,0.0,
16,63,6.300000000000001,1601,car,124.3223091944764,-2.3436315952871496,4.126346900831883,-0.38594544518587326,4.5,1.8,0.0,15.0,0.0,
16,63,6.300000000000001,1602,bicycle,192.57342492800558,0.1913609691681712,28.388974866424924,0.9778853422829684,1.8,0.6,0.0,15.0,0.0,
16,64,6.4,1600,car,10.927504135861323,1.1472430792531114,-2.765781476495197,0.31236361112037697,4.5,1.8,0.0,15.0,0.0,
16,64,6.4,1601,car,124.57390349806899,-2.2121177091839184,4.175406248547084,-0.41817123876072393,4.5,1.8,0.0,15.0,0.0,
16,64,6.4,1602,bicycle,195.41547713766013,0.233414683413291,28.403936617619525,0.9809528854573865,1.8,0.6,0.0,15.0,0.0,
16,65,6.5,1600,car,10.673789343810295,1.0756472853129784,-2.789858651795477,0.36966650676538587,4.5,1.8,0.0,15.0,0.0,
16,65,6.5,1601,car,124.93806498702394,-2.518284286544905,4.167874729287984,-0.297596683237629,4.5,1.8,0.0,15.0,0.0,
16,65,6.5,1602,bicycle,198.34075856570027,0.2730953913646507,28.401406528764294,1.0149458539570346,1.8,0.6,0.0,15.0,0.0,
16,66,6.6000000000000005,1600,car,10.219178300839733,1.0270080364964518,-2.7699413080289896,0.44939083545593067,4.5,1.8,0.0,15.0,0.0,
16,66,6.6000000000000005,1601,car,125.31092014178533,-2.391342217608911,4.130158549521304,-0.4668723163251637,4.5,1.8,0.0,15.0,0.0,
16,66,6.6000000000000005,1602,bicycle,201.2552803026017,0.42862987106143025,28.43821574293769,1.0498010975607013,1.8,0.6,0.0,15.0,0.0,
16,67,6.7,1600,car,9.961359175479643,1.046065601725717,-2.780975726895501,0.4263707653723828,4.5,1.8,0.0,15.0,0.0,
16,67,6.7,1601,car,125.68389692037677,-2.6191329249673365,4.069443152174669,-0.47504338123145984,4.5,1.8,0.0,15.0,0.0,
16,67,6.7,1602,bicycle,203.8750151788277,0.33282599851556494,28.421501634264605,1.0433845517454505,1.8,0.6,0.0,15.0,0.0,
16,68,6.800000000000001,1600,car,9.651926067786977,0.850711945127647,-2.7033559657318045,0.35455923197848255,4.5,1.8,0.0,15.0,0.0,
16,68,6.800000000000001,1601,car,126.00902512854672,-2.7928140615704344,4.134394695327145,-0.45397237512943506,4.5,1.8,0.0,15.0,0.0,
16,68,6.800000000000001,1602,bicycle,206.6698410301393,0.38279886409663616,28.430481295968494,0.9810568366842403,1.8,0.6,0.0,15.0,0.0,
16,69,6.9,1600,car,9.419664411428423,0.8313033845853285,-2.677374006634468,0.3788453575528152,4.5,1.8,0.0,15.0,0.0,
16,69,6.9,1601,car,126.36310343624349,-3.0434824510022613,4.122053433405002,-0.5264460275988928,4.5,1.8,0.0,15.0,0.0,
16,69,6.9,1602,bicycle,209.52075262832548,0.4552473610770615,28.4010815519745,0.9162787226587674,1.8,0.6,0.0,15.0,0.0,
16,70,7.0,1600,car,9.270605928668198,0.8238196908477906,-2.5597064634453757,0.3805918380256406,4.5,1.8,0.0,15.0,0.0,
16,70,7.0,1601,car,126.81046771575248,-3.0922058343241146,4.13913201989751,-0.47181166094581883,4.5,1.8,0.0,15.0,0.0,
16,70,7.0,1602,bicycle,212.47128341659746,0.370214462127336,28.443856421955186,0.9411356935882506,1.8,0.6,0.0,15.0,0.0,
16,71,7.1000000000000005,1600,car,9.018224502249046,1.0331339669979265,-2.472068122527429,0.42582165152009716,4.5,1.8,0.0,15.0,0.0,
16,71,7.1000000000000005,1601,car,127.17002751896938,-3.2586353135145893,4.17685202650585,-0.40383498301828047,4.5,1.8,0.0,15.0,0.0,
16,71,7.1000000000000005,1602,bicycle,215.11280328263834,0.5729575045261477,28.431113145087586,0.8506855518675291,1.8,0.6,0.0,15.0,0.0,
16,72,7.2,1600,car,8.817957305519299,1.1666547974973223,-2.4896355554008007,0.37295391993994015,4.5,1.8,0.0,15.0,0.0,
16,72,7.2,1601,car,127.75892181430939,-3.3658825104478076,4.2348256423767685,-0.4794874992776483,4.5,1.8,0.0,15.0,0.0,
16,72,7.2,1602,bicycle,217.99751510191246,0.6967767754787499,28.47478394541303,0.9253347215292329,1.8,0.6,0.0,15.0,0.0,
16,73,7.300000000000001,1600,car,8.48763077881568,1.2560276666798271,-2.557963924641226,0.304058172416309,4.5,1.8,0.0,15.0,0.0,
16,73,7.300000000000001,1601,car,128.124570920391,-3.372898533114953,4.318669033384022,-0.3865402197859529,4.5,1.8,0.0,15.0,0.0,
16,73,7.300000000000001,1602,bicycle,220.80950436354618,0.8198636934909562,28.521934218677554,0.9636038559530142,1.8,0.6,0.0,15.0,0.0,
16,74,7.4,1600,car,8.214888711994277,1.29404398771698,-2.563472970726,0.2936394751075188,4.5,1.8,0.0,15.0,0.0,
16,74,7.4,1601,car,128.52229678104678,-3.4235184040947173,4.298378329305279,-0.44331110280601993,4.5,1.8,0.0,15.0,0.0,
16,74,7.4,1602,bicycle,223.7479558137187,0.9678498524774315,28.615763905835987,0.9820797569664793,1.8,0.6,0.0,15.0,0.0,
16,75,7.5,1600,car,7.916845400051082,1.2607643972250273,-2.5611046673585234,0.3212832332762986,4.5,1.8,0.0,15.0,0.0,
16,75,7.5,1601,car,128.9276635535583,-3.614875261229051,4.261427813677373,-0.4424098520154256,4.5,1.8,0.0,15.0,0.0,
16,75,7.5,1602,bicycle,226.68356057028424,0.9174754520029104,28.62901807836707,0.9931357334793637,1.8,0.6,0.0,15.0,0.0,
16,76,7.6000000000000005,1600,car,7.615577283785831,1.2342004986275465,-2.597920854427421,0.3283235484445652,4.5,1.8,0.0,15.0,0.0,
16,76,7.6000000000000005,1601,car,129.4664882012008,-3.5393377974814966,4.205228796316449,-0.4517587610488708,4.5,1.8,0.0,15.0,0.0,
16,76,7.6000000000000005,1602,bicycle,229.32711139788915,1.0277074564529638,28.658900474373628,1.071683792757063,1.8,0.6,0.0,15.0,0.0,
16,77,7.7,1600,car,7.177139459610641,1.1582268612739406,-2.59071401433364,0.24740413012083398,4.5,1.8,0.0,15.0,0.0,
16,77,7.7,1601,car,129.90423229591758,-3.5222134190793373,4.1411644101187965,-0.44512949254644724,4.5,1.8,0.0,15.0,0.0,
16,77,7.7,1602,bicycle,232.07178035182503,1.2724184226225006,28.669232778996637,1.0396805913087115,1.8,0.6,0.0,15.0,0.0,
16,78,7.800000000000001,1600,car,6.794253920147278,1.2218822436390488,-2.522817239228519,0.20882893466074104,4.5,1.8,0.0,15.0,0.0,
16,78,7.800000000000001,1601,car,130.2743842703223,-3.641940438404801,4.218939038671404,-0.5405615159948263,4.5,1.8,0.0,15.0,0.0,
16,78,7.800000000000001,1602,bicycle,235.0672629520047,1.3386666729086591,28.665652023003325,1.0226488588228526,1.8,0.6,0.0,15.0,0.0,
16,79,7.9,1600,car,6.56593228437264,1.1697852616111457,-2.469898082399135,0.2637787868004463,4.5,1.8,0.0,15.0,0.0,
16,79,7.9,1601,car,130.59793727021173,-3.6292498934508797,4.2011143456597475,-0.5379798414917549,4.5,1.8,0.0,15.0,0.0,
16,79,7.9,1602,bicycle,238.08634324404014,1.3735281419961132,28.711979494994804,1.0455051177704677,1.8,0.6,0.0,15.0,0.0,
16,80,8.0,1600,car,6.299539662187639,1.2329034970440726,-2.457477486233291,0.20586112119521172,4.5,1.8,0.0,15.0,0.0,
16,80,8.0,1601,car,130.95737632041573,-3.7875731160959627,4.187283407085313,-0.4707280766883441,4.5,1.8,0.0,15.0,0.0,
16,80,8.0,1602,bicycle,241.01564397370225,1.334819746023133,28.698311110640837,1.057186360816433,1.8,0.6,0.0,15.0,0.0,
16,81,8.1,1600,car,6.128200761594931,1.188412905371792,-2.519349077421502,0.2030439760064909,4.5,1.8,0.0,15.0,0.0,
16,81,8.1,1601,car,131.4330076282274,-3.8111612751014774,4.143049533058234,-0.3829971365143285,4.5,1.8,0.0,15.0,0.0,
16,81,8.1,1602,bicycle,243.875593530777,1.459909409444978,28.66521274055473,1.1125117607346602,1.8,0.6,0.0,15.0,0.0,
16,82,8.200000000000001,1600,car,5.933450543107888,1.240183645888498,-2.5769318185871013,0.2577454873374042,4.5,1.8,0.0,15.0,0.0,
16,82,8.200000000000001,1601,car,131.92300287883089,-3.7479676489989906,4.144901000942742,-0.38674019470716026,4.5,1.8,0.0,15.0,0.0,
16,82,8.200000000000001,1602,bicycle,246.72390551665777,1.7990603799495297,28.63809042715862,1.0531995185634895,1.8,0.6,0.0,15.0,0.0,
16,83,8.3,1600,car,5.638431744657992,1.2126454950745345,-2.513939476763472,0.18994586740658453,4.5,1.8,0.0,15.0,0.0,
16,83,8.3,1601,car,132.28136389412188,-3.76758935204582,4.2083156436744815,-0.35108357937730306,4.5,1.8,0.0,15.0,0.0,
16,83,8.3,1602,bicycle,249.74961629443519,1.938959621884661,28.627909453154718,1.0959773449720993,1.8,0.6,0.0,15.0,0.0,
16,84,8.4,1600,car,5.250321703729503,1.0606515793907638,-2.4651262970344057,0.20047420870527877,4.5,1.8,0.0,15.0,0.0,
16,84,8.4,1601,car,132.7985958396338,-3.8879349537849976,4.2725548338798705,-0.31756563551665806,4.5,1.8,0.0,15.0,0.0,
16,84,8.4,1602,bicycle,252.6092952015991,2.0692921480610784,28.64525584785155,1.0531407364806098,1.8,0.6,0.0,15.0,0.0,
16,85,8.5,1600,car,4.96530761888758,1.1138112350058091,-2.4863829928385175,0.127003264979196,4.5,1.8,0.0,15.0,0.0,
16,85,8.5,1601,car,133.25534019947568,-3.8360880999439346,4.32598156532606,-0.2909501073397326,4.5,1.8,0.0,15.0,0.0,
16,85,8.5,1602,bicycle,255.55565151146993,2.2733571286991325,28.6492386387208,0.9471949023640155,1.8,0.6,0.0,15.0,0.0,
16,86,8.6,1600,car,4.8326474412712335,1.0371797323194614,-2.5429268369457376,0.07183289231338671,4.5,1.8,0.0,15.0,0.0,
16,86,8.6,1601,car,133.93639614921688,-3.8211283420434765,4.273900744912424,-0.3251209289621529,4.5,1.8,0.0,15.0,0.0,
16,86,8.6,1602,bicycle,258.4205028777628,2.422316996706168,28.663203255617407,0.900764580312623,1.8,0.6,0.0,15.0,0.0,
16,87,8.700000000000001,1600,car,4.610069411944486,0.9832442405883705,-2.4905810859100295,0.0746477224276251,4.5,1.8,0.0,15.0,0.0,
16,87,8.700000000000001,1601,car,134.28785281392592,-3.7847450223139916,4.2930629934016755,-0.3488642139372784,4.5,1.8,0.0,15.0,0.0,
16,87,8.700000000000001,1602,bicycle,261.3598324087467,2.5753051657688273,28.723294365537882,0.9362715069204318,1.8,0.6,0.0,15.0,0.0,
16,88,8.8,1600,car,4.33961661531326,0.8216560285580862,-2.481248756167694,0.09173793368260888,4.5,1.8,0.0,15.0,0.0,
16,88,8.8,1601,car,134.72227880745157,-4.120718883933246,4.327004491319378,-0.394466726838722,4.5,1.8,0.0,15.0,0.0,
16,88,8.8,1602,bicycle,264.3007341264549,2.8390007889767923,28.710654486490018,0.9581957085445376,1.8,0.6,0.0,15.0,0.0,
16,89,8.9,1600,car,4.094769518325992,0.8833881799116873,-2.4760765009349455,0.0658889181242018,4.5,1.8,0.0,15.0,0.0,
16,89,8.9,1601,car,135.0644850348018,-4.001118984601345,4.348932140555533,-0.35294098090820736,4.5,1.8,0.0,15.0,0.0,
16,89,8.9,1602,bicycle,267.2117058653862,3.0323971712361932,28.66585612237698,0.9623547807680195,1.8,0.6,0.0,15.0,0.0,
16,90,9.0,1600,car,3.8977104796950317,1.019244031302834,-2.342422695959917,0.08626484922632267,4.5,1.8,0.0,15.0,0.0,
16,90,9.0,1601,car,135.43326817484214,-4.1559773913622795,4.303691403874565,-0.3916469531251742,4.5,1.8,0.0,15.0,0.0,
16,90,9.0,1602,bicycle,269.788183234392,3.061067148107012,28.701693157443888,0.9661247677274261,1.8,0.6,0.0,15.0,0.0,
16,91,9.1,1600,car,3.637605750068651,0.8656752511515934,-2.289902196980652,0.11185551377234247,4.5,1.8,0.0,15.0,0.0,
16,91,9.1,1601,car,135.86234415076925,-4.415394007912843,4.279152778693665,-0.36996103387395707,4.5,1.8,0.0,15.0,0.0,
16,91,9.1,1602,bicycle,272.6554958124063,3.1768734316967886,28.7359654655223,0.9738617164951707,1.8,0.6,0.0,15.0,0.0,
16,92,9.200000000000001,1600,car,3.4735830336697924,0.7925058935002943,-2.3510407848008033,0.1357235478860072,4.5,1.8,0.0,15.0,0.0,
16,92,9.200000000000001,1601,car,136.35850027479245,-4.400492731717478,4.285732087629748,-0.386163080775622,4.5,1.8,0.0,15.0,0.0,
16,92,9.200000000000001,1602,bicycle,275.5501909596804,3.312189597212856,28.757930337903417,1.1042186943266044,1.8,0.6,0.0,15.0,0.0,
16,93,9.3,1600,car,3.1463985766395,1.1286775607036874,-2.413881839392218,0.15500698420653736,4.5,1.8,0.0,15.0,0.0,
16,93,9.3,1601,car,136.66758922546262,-4.408484662055306,4.334838228872436,-0.38453394678347086,4.5,1.8,0.0,15.0,0.0,
16,93,9.3,1602,bicycle,278.52329203636725,3.3802432455052895,28.65543713085398,1.135554150953567,1.8,0.6,0.0,15.0,0.0,
16,94,9.4,1600,car,2.9080742251517955,1.0962168629363405,-2.434409916014313,0.1753360709654682,4.5,1.8,0.0,15.0,0.0,
16,94,9.4,1601,car,137.01961975863207,-4.409413575777478,4.394270079820283,-0.2815304395528181,4.5,1.8,0.0,15.0,0.0,
16,94,9.4,1602,bicycle,281.52928840322886,3.5099732038973066,28.668320385849217,1.1155417245963097,1.8,0.6,0.0,15.0,0.0,
16,95,9.5,1600,car,2.618068885888768,1.2009536498789328,-2.4497854189305266,0.19364105301995269,4.5,1.8,0.0,15.0,0.0,
16,95,9.5,1601,car,137.36279581587354,-4.300535354802207,4.378147246637771,-0.22713148101957006,4.5,1.8,0.0,15.0,0.0,
16,95,9.5,1602,bicycle,284.32573812408634,3.5458563270940644,28.73472197491711,1.0842413488620335,1.8,0.6,0.0,15.0,0.0,
16,96,9.600000000000001,1600,car,2.2163003189585457,1.116323701506789,-2.406949984880613,0.23167208018254554,4.5,1.8,0.0,15.0,0.0,
16,96,9.600000000000001,1601,car,137.7243604322407,-4.386420373024061,4.411798037952402,-0.1613354537599332,4.5,1.8,0.0,15.0,0.0,
16,96,9.600000000000001,1602,bicycle,287.19233036763086,3.7097043035239503,28.778393628244512,1.1918915104543604,1.8,0.6,0.0,15.0,0.0,
16,97,9.700000000000001,1600,car,1.860033722350438,1.0726185686986633,-2.4322736515863514,0.2730482876182828,4.5,1.8,0.0,15.0,0.0,
16,97,9.700000000000001,1601,car,138.14034846383083,-4.371329334527614,4.4178901856111406,-0.16124859746539907,4.5,1.8,0.0,15.0,0.0,
16,97,9.700000000000001,1602,bicycle,290.08090938789394,3.9318835260622627,28.72986434579756,1.1844687009078152,1.8,0.6,0.0,15.0,0.0,
16,98,9.8,1600,car,1.4952785826118515,1.122579090273656,-2.4420500946233736,0.32651044424667763,4.5,1.8,0.0,15.0,0.0,
16,98,9.8,1601,car,138.581655160337,-4.431838107614455,4.405554683207504,-0.07507738678504033,4.5,1.8,0.0,15.0,0.0,
16,98,9.8,1602,bicycle,292.7968877613798,3.9875787860914853,28.731664747997563,1.1526473785788118,1.8,0.6,0.0,15.0,0.0,
16,99,9.9,1600,car,1.30014174042591,1.1495815908872322,-2.4292508494918565,0.33240185101059183,4.5,1.8,0.0,15.0,0.0,
16,99,9.9,1601,car,139.011906089368,-4.568428219815307,4.414359304667187,-0.1632478285797439,4.5,1.8,0.0,15.0,0.0,
16,99,9.9,1602,bicycle,295.6028581380166,4.151764052551632,28.791149124782983,1.2701181848429037,1.8,0.6,0.0,15.0,0.0,
17,0,0.0,1700,motorcycle,0.0,3.5,-1.9976041112301357,0.0,2.2,0.8,0.0,15.0,0.0,
17,0,0.0,1701,motorcycle,-6.181285239100283,1.7271944156108567,13.448819373140587,-0.2993161571459615,2.2,0.8,0.0,15.0,0.0,
17,0,0.0,1702,bicycle,96.92108624523827,-0.6830577613063493,19.0256633057257,0.20922716500788685,1.8,0.6,0.0,15.0,0.0,
17,0,0.0,1703,car,-9.84573221385666,3.9755062181300476,12.379692490257224,0.10763620511964685,4.5,1.8,0.0,15.0,0.0,
17,1,0.1,1700,motorcycle,-0.15345634001971672,3.3301988226270964,-1.9683800702066405,-0.03836034317141655,2.2,0.8,0.0,15.0,0.0,
17,1,0.1,1701,motorcycle,-5.003996493247379,1.7638497431675209,13.445552837985714,0.07019067855154536,2.2,0.8,0.0,15.0,0.0,
17,1,0.1,1702,bicycle,98.84182448791489,-0.6052058286326474,19.051103774028206,0.051047867734639735,1.8,0.6,0.0,15.0,0.0,
17,1,0.1,1703,car,-8.696403699334962,3.995359881141316,12.372655695103614,0.03268416919193853,4.5,1.8,0.0,15.0,0.0,
17,2,0.2,1700,motorcycle,-0.32471303936396434,3.2687950360285134,-1.9852767472025663,0.08242513542694505,2.2,0.8,0.0,15.0,0.0,
17,2,0.2,1701,motorcycle,-3.8288763212699357,1.8347862138540543,13.507625152822365,0.02894185762511935,2.2,0.8,0.0,15.0,0.0,
17,2,0.2,1702,bicycle,100.9440356904475,-0.5113542639251252,19.07030995971509,-0.02333647792089444,1.8,0.6,0.0,15.0,0.0,
17,2,0.2,1703,car,-7.418871385106507,4.063528073160126,12.372830716321628,-0.037141330462228415,4.5,1.8,0.0,15.0,0.0,
17,3,0.30000000000000004,1700,motorcycle,-0.6436629806848656,3.287335724566611,-2.059292557591645,-0.02357713447287579,2.2,0.8,0.0,15.0,0.0,
17,3,0.30000000000000004,1701,motorcycle,-2.7212878530753857,1.9180880668161788,13.565327488280925,0.00394740301312198,2.2,0.8,0.0,15.0,0.0,
17,3,0.30000000000000004,1702,bicycle,103.03421258960499,-0.37661558870349787,19.09429924547245,-0.005660718045610864,1.8,0.6,0.0,15.0,0.0,
17,3,0.30000000000000004,1703,car,-6.216528125362669,4.119777180596125,12.365769374276914,0.0274115100828725,4.5,1.8,0.0,15.0,0.0,
17,4,0.4,1700,motorcycle,-0.7873468750607455,3.2643777997855965,-2.0045032668104956,-0.011427562848620676,2.2,0.8,0.0,15.0,0.0,
17,4,0.4,1701,motorcycle,-1.3626212493827607,1.8203356067837422,13.551796651531278,0.10790992279877064,2.2,0.8,0.0,15.0,0.0,
17,4,0.4,1702,bicycle,104.85360385726521,-0.33284435266608764,19.07157468786022,-0.11069507507579711,1.8,0.6,0.0,15.0,0.0,
17,4,0.4,1703,car,-4.924054145606293,4.064164754702085,12.381721435093981,0.04948594812859358,4.5,1.8,0.0,15.0,0.0,
17,5,0.5,1700,motorcycle,-0.9643373633229863,3.2972076843760463,-2.0479002630008494,0.03534126804289798,2.2,0.8,0.0,15.0,0.0,
17,5,0.5,1701,motorcycle,-0.026409985608660078,1.620492746053689,13.593158872966875,0.05664914264662568,2.2,0.8,0.0,15.0,0.0,
17,5,0.5,1702,bicycle,106.90887357160709,-0.11576205242546528,19.11025141524161,0.02569860588842699,1.8,0.6,0.0,15.0,0.0,
17,5,0.5,1703,car,-3.5767272279013884,3.975465240033896,12.298122963536738,-0.023850440425221293,4.5,1.8,0.0,15.0,0.0,
17,6,0.6000000000000001,1700,motorcycle,-1.0414029718877695,3.231097771157602,-2.0246197336178935,0.028664865135774223,2.2,0.8,0.0,15.0,0.0,
17,6,0.6000000000000001,1701,motorcycle,1.3573324154322188,1.492729510536845,13.610294160272483,-0.02107767318740117,2.2,0.8,0.0,15.0,0.0,
17,6,0.6000000000000001,1702,bicycle,108.99018483235182,-0.002074206131943937,19.090936761445903,0.08828682392456519,1.8,0.6,0.0,15.0,0.0,
17,6,0.6000000000000001,1703,car,-2.312543790618528,3.8083015868896815,12.29420769939642,0.08176389639811359,4.5,1.8,0.0,15.0,0.0,
17,7,0.7000000000000001,1700,motorcycle,-1.3258487955310854,3.2242737806440287,-2.0926120495060836,-0.06005664832675733,2.2,0.8,0.0,15.0,0.0,
17,7,0.7000000000000001,1701,motorcycle,2.6349378570690725,1.3699896860576977,13.57938045603736,0.08691416422505158,2.2,0.8,0.0,15.0,0.0,
17,7,0.7000000000000001,1702,bicycle,110.8956712518965,0.07647796395926644,19.145515212291308,-0.05542182324359057,1.8,0.6,0.0,15.0,0.0,
17,7,0.7000000000000001,1703,car,-1.1662742619214808,3.884883459635768,12.262493549120743,0.03497935858123174,4.5,1.8,0.0,15.0,0.0,
17,8,0.8,1700,motorcycle,-1.367377758377929,3.0787354919029557,-2.1104587576482574,-0.009913568635547071,2.2,0.8,0.0,15.0,0.0,
17,8,0.8,1701,motorcycle,3.940239257565766,1.3091922853911426,13.554774415299942,-0.0007625362980906863,2.2,0.8,0.0,15.0,0.0,
17,8,0.8,1702,bicycle,112.826711253289,0.17181904822356447,19.144259278850807,0.055908747365048694,1.8,0.6,0.0,15.0,0.0,
17,8,0.8,1703,car,0.0007950853157663584,3.764747175874606,12.247255847400147,0.02312463272859952,4.5,1.8,0.0,15.0,0.0,
17,9,0.9,1700,motorcycle,-1.492376963828279,3.22475885046521,-2.0959487424490733,0.037651300291691496,2.2,0.8,0.0,15.0,0.0,
17,9,0.9,1701,motorcycle,5.432594635833906,1.2312675955772836,13.544267365330397,0.13854566052664774,2.2,0.8,0.0,15.0,0.0,
17,9,0.9,1702,bicycle,114.82677607540434,0.2228890790932016,19.188943821067095,-0.06678385728196777,1.8,0.6,0.0,15.0,0.0,
17,9,0.9,1703,car,1.1608380271976149,3.663517387926801,12.268186263385605,-0.01844830324551384,4.5,1.8,0.0,15.0,0.0,
17,10,1.0,1700,motorcycle,-1.6924329891601444,3.1936572257353273,-2.177269038823355,0.0442488218577011,2.2,0.8,0.0,15.0,0.0,
17,10,1.0,1701,motorcycle,6.610801728653152,1.1585029216501523,13.47849375133099,-0.043987058510344804,2.2,0.8,0.0,15.0,0.0,
17,10,1.0,1702,bicycle,116.76585631379302,0.3463913751534836,19.11089407162041,-0.027860400915046424,1.8,0.6,0.0,15.0,0.0,
17,10,1.0,1703,car,2.212752224241912,3.6029761853573907,12.271780866817252,0.038353878357628296,4.5,1.8,0.0,15.0,0.0,
17,11,1.1,1700,motorcycle,-2.1220160916896904,3.2487124077277794,-2.225901039276956,-0.06080953885967827,2.2,0.8,0.0,15.0,0.0,
17,11,1.1,1701,motorcycle,7.965399873295426,1.2212175520999091,13.473471014574343,-0.054656532228605004,2.2,0.8,0.0,15.0,0.0,
17,11,1.1,1702,bicycle,118.66684762084077,0.2738735218035105,19.141095695368158,0.0537678915651299,1.8,0.6,0.0,15.0,0.0,
17,11,1.1,1703,car,3.541076510012115,3.6010013355593893,12.327913901045363,-0.051049014331079945,4.5,1.8,0.0,15.0,0.0,
17,12,1.2000000000000002,1700,motorcycle,-2.1663195623749067,3.146054199987967,-2.3274069987944843,0.06827182047473507,2.2,0.8,0.0,15.0,0.0,
17,12,1.2000000000000002,1701,motorcycle,9.241733532632598,1.2328914403504307,13.42193061222813,0.11818017036702273,2.2,0.8,0.0,15.0,0.0,
17,12,1.2000000000000002,1702,bicycle,120.76313895738335,0.4285289149259467,19.145513582231874,0.04903496148751797,1.8,0.6,0.0,15.0,0.0,
17,12,1.2000000000000002,1703,car,4.768562693750782,3.713221470198735,12.307383432861277,0.07923522078684582,4.5,1.8,0.0,15.0,0.0,
17,13,1.3,1700,motorcycle,-2.445147493579261,3.1113251095554357,-2.350733447529077,0.009622618235834109,2.2,0.8,0.0,15.0,0.0,
17,13,1.3,1701,motorcycle,10.545107009562825,1.2816169972711269,13.397881263058062,0.039539426059201604,2.2,0.8,0.0,15.0,0.0,
17,13,1.3,1702,bicycle,122.82952701741739,0.4362836293054513,19.256430003970365,0.05637646714358501,1.8,0.6,0.0,15.0,0.0,
17,13,1.3,1703,car,6.213124688214401,3.707101577493551,12.224310472847113,-0.035306861213035966,4.5,1.8,0.0,15.0,0.0,
17,14,1.4000000000000001,1700,motorcycle,-2.7406345073488954,3.0160225646792314,-2.4605286798440265,0.051232337035612835,2.2,0.8,0.0,15.0,0.0,
17,14,1.4000000000000001,1701,motorcycle,11.698893219692192,1.3745049256551578,13.507158761531555,-0.03891666361771787,2.2,0.8,0.0,15.0,0.0,
17,14,1.4000000000000001,1702,bicycle,124.79392706692782,0.3964204001759786,19.297783801309105,-0.05972053932525667,1.8,0.6,0.0,15.0,0.0,
17,14,1.4000000000000001,1703,car,7.42237662754006,3.8192196038667423,12.22186694635572,-0.08143138438780016,4.5,1.8,0.0,15.0,0.0,
17,15,1.5,1700,motorcycle,-2.862522033628232,2.8864249736425958,-2.4565919726833156,0.029132214842950446,2.2,0.8,0.0,15.0,0.0,
17,15,1.5,1701,motorcycle,13.061594127668863,1.6282486398718496,13.543849432085151,-0.010117506037350675,2.2,0.8,0.0,15.0,0.0,
17,15,1.5,1702,bicycle,126.78397173751853,0.4174148630367143,19.30000227193937,0.012189359686636331,1.8,0.6,0.0,15.0,0.0,
17,15,1.5,1703,car,8.60115462463442,3.840509770229733,12.196592389447925,-0.09480981289121564,4.5,1.8,0.0,15.0,0.0,
17,16,1.6,1700,motorcycle,-2.9941611698202935,2.829880190899135,-2.449522620816676,-0.0380211198256398,2.2,0.8,0.0,15.0,0.0,
17,16,1.6,1701,motorcycle,14.342955454659185,1.5243497261449592,13.591264279978827,0.0594860798697084,2.2,0.8,0.0,15.0,0.0,
17,16,1.6,1702,bicycle,128.71656542116904,0.363749090026888,19.21534876872181,0.03977155920859133,1.8,0.6,0.0,15.0,0.0,
17,16,1.6,1703,car,9.753158156663284,3.728783702986177,12.198055560523136,-0.016706284556684253,4.5,1.8,0.0,15.0,0.0,
17,17,1.7000000000000002,1700,motorcycle,-3.3909188518405484,2.691808130838672,-2.432695462178286,-0.03278456677755669,2.2,0.8,0.0,15.0,0.0,
17,17,1.7000000000000002,1701,motorcycle,15.753107740126705,1.5390028567926317,13.643641378293971,-0.04160725419916384,2.2,0.8,0.0,15.0,0.0,
17,17,1.7000000000000002,1702,bicycle,130.66137208079172,0.4275765490142842,19.184037894426652,0.05636016278180616,1.8,0.6,0.0,15.0,0.0,
17,17,1.7000000000000002,1703,car,10.806335943557466,3.6454896032882127,12.11287117196629,-0.036793748666210296,4.5,1.8,0.0,15.0,0.0,
17,18,1.8,1700,motorcycle,-3.649646803602429,2.774958202741295,-2.4404599790405554,-0.029768685944377777,2.2,0.8,0.0,15.0,0.0,
17,18,1.8,1701,motorcycle,16.962549598337635,1.417584992251797,13.659151675819565,0.044072738059193636,2.2,0.8,0.0,15.0,0.0,
17,18,1.8,1702,bicycle,132.5378536758139,0.5486780012967457,19.136542024472693,-0.019527030940142888,1.8,0.6,0.0,15.0,0.0,
17,18,1.8,1703,car,11.987008502776028,3.798430982118655,12.119554128306337,-0.08992163946288424,4.5,1.8,0.0,15.0,0.0,
17,19,1.9000000000000001,1700,motorcycle,-3.7985273709805836,2.959550960404084,-2.4529470151456234,-0.044854116252310776,2.2,0.8,0.0,15.0,0.0,
17,19,1.9000000000000001,1701,motorcycle,18.414890507388034,1.6140114559235548,13.70158826351721,-0.08115031767313022,2.2,0.8,0.0,15.0,0.0,
17,19,1.9000000000000001,1702,bicycle,134.52697605979841,0.5890987400744474,19.088810508300732,0.06444089229746484,1.8,0.6,0.0,15.0,0.0,
17,19,1.9000000000000001,1703,car,13.242799030484576,3.929926841375248,12.066480320800643,0.019938887218251232,4.5,1.8,0.0,15.0,0.0,
17,20,2.0,1700,motorcycle,-4.1333315476689805,2.9843176582529782,-2.3790857426328786,-0.07132088658146356,2.2,0.8,0.0,15.0,0.0,
17,20,2.0,1701,motorcycle,19.648149217568506,1.7095589235773112,13.700882124770738,0.05856316130762756,2.2,0.8,0.0,15.0,0.0,
17,20,2.0,1702,bicycle,136.3551286331322,0.5942177993527192,19.123216949296495,0.010510009502012009,1.8,0.6,0.0,15.0,0.0,
17,20,2.0,1703,car,14.270572329698417,4.212186666997143,12.077096544895769,-0.06702085427682587,4.5,1.8,0.0,15.0,0.0,
17,21,2.1,1700,motorcycle,-4.339820132678244,3.027232162596928,-2.3293895639037805,0.04635724505294436,2.2,0.8,0.0,15.0,0.0,
17,21,2.1,1701,motorcycle,20.996852975505927,1.5373509547137103,13.723950276360933,-0.08212080271648603,2.2,0.8,0.0,15.0,0.0,
17,21,2.1,1702,bicycle,138.38897478838044,0.5209420028012174,19.154964966029272,-0.032808440592193094,1.8,0.6,0.0,15.0,0.0,
17,21,2.1,1703,car,15.429078417975672,4.132089685337721,12.112900621243803,-0.03106734903597835,4.5,1.8,0.0,15.0,0.0,
17,22,2.2,1700,motorcycle,-4.4959058802495075,2.967713126724119,-2.340960476529048,0.001778246997962122,2.2,0.8,0.0,15.0,0.0,
17,22,2.2,1701,motorcycle,22.38463016373352,1.4449305212583985,13.759140658826,-0.013566960297136721,2.2,0.8,0.0,15.0,0.0,
17,22,2.2,1702,bicycle,140.35886135871394,0.5193191758299414,19.18428766105052,-0.020567087399007464,1.8,0.6,0.0,15.0,0.0,
17,22,2.2,1703,car,16.561408671112613,4.174775508781614,12.08821392945384,0.07293932248730549,4.5,1.8,0.0,15.0,0.0,
17,23,2.3000000000000003,1700,motorcycle,-4.723236257681241,2.830349998944636,-2.3702337741999155,-0.04996522699917955,2.2,0.8,0.0,15.0,0.0,
17,23,2.3000000000000003,1701,motorcycle,23.867836107654284,1.522284580544261,13.756088494025835,0.014503685170015124,2.2,0.8,0.0,15.0,0.0,
17,23,2.3000000000000003,1702,bicycle,142.26852218053017,0.6053593808984131,19.210279243191703,0.03499878521112984,1.8,0.6,0.0,15.0,0.0,
17,23,2.3000000000000003,1703,car,17.751045466040043,4.111619528311366,12.12146708370505,0.07756701743571,4.5,1.8,0.0,15.0,0.0,
17,24,2.4000000000000004,1700,motorcycle,-4.849658591207889,2.9885158693326512,-2.362132181756216,-0.04849955461718769,2.2,0.8,0.0,15.0,0.0,
17,24,2.4000000000000004,1701,motorcycle,25.155326241096418,1.6602415650956337,13.662991317932322,0.0752378352836465,2.2,0.8,0.0,15.0,0.0,
17,24,2.4000000000000004,1702,bicycle,144.1107866378953,0.797698377734019,19.20674915360765,0.03612854111281771,1.8,0.6,0.0,15.0,0.0,
17,24,2.4000000000000004,1703,car,19.20169681423717,4.078604748205801,12.104120432549822,-0.03474195995370296,4.5,1.8,0.0,15.0,0.0,
17,25,2.5,1700,motorcycle,-5.186050136303413,2.9555334372091253,-2.3898742248741462,-0.06251284820661134,2.2,0.8,0.0,15.0,0.0,
17,25,2.5,1701,motorcycle,26.500577262071854,1.705220222038808,13.618196047885894,-0.008122490236330429,2.2,0.8,0.0,15.0,0.0,
17,25,2.5,1702,bicycle,146.1721120007126,0.6557452636157771,19.30333251630448,-0.03370117864855006,1.8,0.6,0.0,15.0,0.0,
17,25,2.5,1703,car,20.432199267611406,4.206521064775453,12.183337443269297,0.023491035180676068,4.5,1.8,0.0,15.0,0.0,
17,26,2.6,1700,motorcycle,-5.494488110568325,2.8772523099320795,-2.418618845801862,0.09446282717322274,2.2,0.8,0.0,15.0,0.0,
17,26,2.6,1701,motorcycle,27.82408231625217,1.7375829633044015,13.566008186519333,-0.057817194845458476,2.2,0.8,0.0,15.0,0.0,
17,26,2.6,1702,bicycle,148.10508447474814,0.6232708293112672,19.290747233386636,-0.07395349089732448,1.8,0.6,0.0,15.0,0.0,
17,26,2.6,1703,car,21.643184284641066,4.361448081438801,12.140685543283626,0.04487176038767032,4.5,1.8,0.0,15.0,0.0,
17,27,2.7,1700,motorcycle,-6.082786333901506,2.797017790390085,-2.514138378530668,0.06181018611381594,2.2,0.8,0.0,15.0,0.0,
17,27,2.7,1701,motorcycle,29.268560907400353,1.6341496362913044,13.580472044079464,0.06008547146454943,2.2,0.8,0.0,15.0,0.0,
17,27,2.7,1702,bicycle,150.16987836704337,0.5826917632139454,19.18030442440334,-0.044926998323145874,1.8,0.6,0.0,15.0,0.0,
17,27,2.7,1703,car,22.933867298461855,4.571337498824639,12.137969293205051,-0.03034108928562563,4.5,1.8,0.0,15.0,0.0,
17,28,2.8000000000000003,1700,motorcycle,-6.094264022994672,2.8375910558571475,-2.5755267788254343,-0.005945381004124652,2.2,0.8,0.0,15.0,0.0,
17,28,2.8000000000000003,1701,motorcycle,30.726600876476567,1.6271122178589563,13.620190073363059,-0.08025036834981024,2.2,0.8,0.0,15.0,0.0,
17,28,2.8000000000000003,1702,bicycle,151.9444913952314,0.5092061587995778,19.166194754946076,0.016697441043583894,1.8,0.6,0.0,15.0,0.0,
17,28,2.8000000000000003,1703,car,24.211340252265327,4.817948880079757,12.101041453548403,-0.01569944995528537,4.5,1.8,0.0,15.0,0.0,
17,29,2.9000000000000004,1700,motorcycle,-6.422882225177742,2.945529890267782,-2.518829259182202,-0.02238277595983405,2.2,0.8,0.0,15.0,0.0,
17,29,2.9000000000000004,1701,motorcycle,32.29519446703322,1.5562223182009645,13.67168596757374,0.07272612805002272,2.2,0.8,0.0,15.0,0.0,
17,29,2.9000000000000004,1702,bicycle,153.724952891355,0.5669693879196682,19.029942452883308,0.04121061778167786,1.8,0.6,0.0,15.0,0.0,
17,29,2.9000000000000004,1703,car,25.31128381554966,4.874695841479405,12.138790886946936,0.056006923977814344,4.5,1.8,0.0,15.0,0.0,
17,30,3.0,1700,motorcycle,-6.585743616089195,2.9511193895129426,-2.5378530847400245,-0.0037194665001297703,2.2,0.8,0.0,15.0,0.0,
17,30,3.0,1701,motorcycle,33.55076291232888,1.535053523253036,13.657151185159252,-0.03941092469180413,2.2,0.8,0.0,15.0,0.0,
17,30,3.0,1702,bicycle,155.45382781483417,0.43927577615924335,18.87243687535836,-0.01539395959464256,1.8,0.6,0.0,15.0,0.0,
17,30,3.0,1703,car,26.561212769074324,4.606439217681766,12.150626625938832,-0.006123708055418075,4.5,1.8,0.0,15.0,0.0,
17,31,3.1,1700,motorcycle,-6.957204500734944,2.907998868754804,-2.485312876479158,-0.048709453036507776,2.2,0.8,0.0,15.0,0.0,
17,31,3.1,1701,motorcycle,34.92436313841997,1.5697131137565652,13.616040819838014,0.05041355027956257,2.2,0.8,0.0,15.0,0.0,
17,31,3.1,1702,bicycle,157.38145559684855,0.4140846823236977,18.990598898954236,0.05062892185925749,1.8,0.6,0.0,15.0,0.0,
17,31,3.1,1703,car,27.607659343099424,4.567523477235142,12.273958756327701,-0.04910907381704764,4.5,1.8,0.0,15.0,0.0,
17,32,3.2,1700,motorcycle,-7.1991024090997024,3.049390687489273,-2.4526967970939015,0.22274827800443303,2.2,0.8,0.0,15.0,0.0,
17,32,3.2,1701,motorcycle,36.35972635725544,1.5905448674940303,13.576425100201165,0.20466302034287104,2.2,0.8,0.0,15.0,0.0,
17,32,3.2,1702,bicycle,159.24023782403475,0.38424204330954614,19.064722493311066,0.1638750111395516,1.8,0.6,0.0,15.0,0.0,
17,32,3.2,1703,car,29.005668258972857,4.611492592421861,12.266001369754001,0.09204672452294584,4.5,1.8,0.0,15.0,0.0,
17,33,3.3000000000000003,1700,motorcycle,-7.23238651601525,3.085178277856937,-2.5662357868191066,0.41323174053814693,2.2,0.8,0.0,15.0,0.0,
17,33,3.3000000000000003,1701,motorcycle,37.712349686071846,1.5337968681771612,13.622984270943125,0.2364088390793215,2.2,0.8,0.0,15.0,0.0,
17,33,3.3000000000000003,1702,bicycle,161.07530055393323,0.3906863499357396,19.107331890666607,0.4758580361676545,1.8,0.6,0.0,15.0,0.0,
17,33,3.3000000000000003,1703,car,30.207791514640025,4.69387155779514,12.403420784493658,0.36408229932577635,4.5,1.8,0.0,15.0,0.0,
17,34,3.4000000000000004,1700,motorcycle,-7.442190189094832,3.015521102121999,-2.468277428737008,0.505130922911876,2.2,0.8,0.0,15.0,0.0,
17,34,3.4000000000000004,1701,motorcycle,39.10150524268416,1.6118984209047569,13.627251187043882,0.5190640562609875,2.2,0.8,0.0,15.0,0.0,
17,34,3.4000000000000004,1702,bicycle,163.01016636750055,0.6204990714723854,19.221378589462258,0.5320225964599448,1.8,0.6,0.0,15.0,0.0,
17,34,3.4000000000000004,1703,car,31.403187264188265,4.667073089068016,12.537727564812274,0.5472214850709995,4.5,1.8,0.0,15.0,0.0,
17,35,3.5,1700,motorcycle,-7.577513675011481,3.15636607878818,-2.357857343802873,0.6994041114785292,2.2,0.8,0.0,15.0,0.0,
17,35,3.5,1701,motorcycle,40.35352353048592,1.8690225086117271,13.672416509275955,0.7346032804987135,2.2,0.8,0.0,15.0,0.0,
17,35,3.5,1702,bicycle,165.08582348908817,0.7430110325654771,19.299873623994245,0.7241187201581012,1.8,0.6,0.0,15.0,0.0,
17,35,3.5,1703,car,32.74715490313968,4.79089113415073,12.521463378060762,0.7015196032157763,4.5,1.8,0.0,15.0,0.0,
17,36,3.6,1700,motorcycle,-7.852585630922787,3.2704147883198136,-2.380647464122798,0.8967949782051924,2.2,0.8,0.0,15.0,0.0,
17,36,3.6,1701,motorcycle,41.760955338080784,1.977037921969029,13.683542442762816,0.8466920788777347,2.2,0.8,0.0,15.0,0.0,
17,36,3.6,1702,bicycle,166.98761321470323,0.6634501499641958,19.29388015667914,0.8257094384939426,1.8,0.6,0.0,15.0,0.0,
17,36,3.6,1703,car,34.00928648402407,4.806942221909384,12.418929738138319,0.9876221489834236,4.5,1.8,0.0,15.0,0.0,
17,37,3.7,1700,motorcycle,-8.113793314669634,3.5179829936393663,-2.4069969490512326,1.1135300127272407,2.2,0.8,0.0,15.0,0.0,
17,37,3.7,1701,motorcycle,43.01413979601524,2.0975034987057675,13.628927971780438,1.1586613509432209,2.2,0.8,0.0,15.0,0.0,
17,37,3.7,1702,bicycle,168.8920750828973,0.8491578244109556,19.316409027995082,1.0273484101725623,1.8,0.6,0.0,15.0,0.0,
17,37,3.7,1703,car,35.302951444296205,5.045721934927092,12.452340034693266,1.0367469351757745,4.5,1.8,0.0,15.0,0.0,
17,38,3.8000000000000003,1700,motorcycle,-8.302560715776922,3.8265847183054453,-2.4278374677051837,1.0782842158955928,2.2,0.8,0.0,15.0,0.0,
17,38,3.8000000000000003,1701,motorcycle,44.26738249612876,2.1123890040413444,13.584863989961772,1.1286332120522022,2.2,0.8,0.0,15.0,0.0,
17,38,3.8000000000000003,1702,bicycle,170.8213560281819,0.9909974734131356,19.328242614268024,1.134464665451743,1.8,0.6,0.0,15.0,0.0,
17,38,3.8000000000000003,1703,car,36.64757545454501,5.2162653732177455,12.53140546656614,1.2133166131503381,4.5,1.8,0.0,15.0,0.0,
17,39,3.9000000000000004,1700,motorcycle,-8.580297638406318,4.087183893127239,-2.414158163389541,1.3404023755294676,2.2,0.8,0.0,15.0,0.0,
17,39,3.9000000000000004,1701,motorcycle,45.69791186859467,2.2300073651719146,13.590027508983303,1.2939347129827303,2.2,0.8,0.0,15.0,0.0,
17,39,3.9000000000000004,1702,bicycle,172.66888566078455,0.9065783400761132,19.293552336629674,1.3104617274087595,1.8,0.6,0.0,15.0,0.0,
17,39,3.9000000000000004,1703,car,38.009274489124,5.42591471652112,12.517424811816728,1.2664946128944257,4.5,1.8,0.0,15.0,0.0,
17,40,4.0,1700,motorcycle,-8.83970087387456,4.13126122078501,-2.5199216447570363,1.338522508907421,2.2,0.8,0.0,15.0,0.0,
17,40,4.0,1701,motorcycle,47.19438875530915,2.5573138297313793,13.627724557679873,1.4128721088936524,2.2,0.8,0.0,15.0,0.0,
17,40,4.0,1702,bicycle,174.4589428571825,1.032043111539242,19.32414429901336,1.4572738037808577,1.8,0.6,0.0,15.0,0.0,
17,40,4.0,1703,car,39.32989807038717,5.688449497305863,12.614572425027289,1.3955286225691528,4.5,1.8,0.0,15.0,0.0,
17,41,4.1000000000000005,1700,motorcycle,-8.811161833539956,4.0808219116105455,-2.558837217034796,1.5255444692935054,2.2,0.8,0.0,15.0,0.0,
17,41,4.1000000000000005,1701,motorcycle,48.61206380333898,2.690704710020997,13.602936260692541,1.625673727323016,2.2,0.8,0.0,15.0,0.0,
17,41,4.1000000000000005,1702,bicycle,176.33700502947437,1.0816601612784753,19.40868558165747,1.5580020911807477,1.8,0.6,0.0,15.0,0.0,
17,41,4.1000000000000005,1703,car,40.70082703506467,5.8595910667256925,12.545773090485893,1.5197754423643972,4.5,1.8,0.0,15.0,0.0,
17,42,4.2,1700,motorcycle,-9.218414314714554,4.264923073257474,-2.5261670703457755,1.652475535253696,2.2,0.8,0.0,15.0,0.0,
17,42,4.2,1701,motorcycle,49.963118619428144,2.925384129547043,13.557743983675717,1.6470361237479385,2.2,0.8,0.0,15.0,0.0,
17,42,4.2,1702,bicycle,178.34533138124812,1.1615048566372748,19.435203713836305,1.6531906113775816,1.8,0.6,0.0,15.0,0.0,
17,42,4.2,1703,car,41.96326893653143,5.937210258924089,12.554660880739188,1.626327088218752,4.5,1.8,0.0,15.0,0.0,
17,43,4.3,1700,motorcycle,-9.55403296681071,4.330593569726324,-2.5000859532529773,1.7055148011052697,2.2,0.8,0.0,15.0,0.0,
17,43,4.3,1701,motorcycle,51.53386875257004,3.1583916821340074,13.497289898626915,1.76633808043277,2.2,0.8,0.0,15.0,0.0,
17,43,4.3,1702,bicycle,180.3943504674297,1.1274126348220816,19.383689213222876,1.639770982471272,1.8,0.6,0.0,15.0,0.0,
17,43,4.3,1703,car,43.30254484382149,5.86569965283395,12.548705259934867,1.7034013462892925,4.5,1.8,0.0,15.0,0.0,
17,44,4.4,1700,motorcycle,-10.087452803686919,4.576445241783576,-2.456738780658384,1.6694256744567455,2.2,0.8,0.0,15.0,0.0,
17,44,4.4,1701,motorcycle,52.76826901559982,3.243338156679971,13.36368500441448,1.6954488065781248,2.2,0.8,0.0,15.0,0.0,
17,44,4.4,1702,bicycle,182.35467901432727,1.1766547852211866,19.4322916923508,1.716886660316928,1.8,0.6,0.0,15.0,0.0,
17,44,4.4,1703,car,44.58341714463032,5.996675816673934,12.585857457335987,1.776286335576954,4.5,1.8,0.0,15.0,0.0,
17,45,4.5,1700,motorcycle,-10.373878545999858,4.82658975056252,-2.4181374077669804,1.7613068473865547,2.2,0.8,0.0,15.0,0.0,
17,45,4.5,1701,motorcycle,54.27234293545192,3.344730521099354,13.342607588662633,1.7015653480763533,2.2,0.8,0.0,15.0,0.0,
17,45,4.5,1702,bicycle,184.37041034803647,1.3234474904356817,19.397504235403456,1.8235706982317055,1.8,0.6,0.0,15.0,0.0,
17,45,4.5,1703,car,46.02295347176999,6.137847857737224,12.517487053834007,1.833589189411926,4.5,1.8,0.0,15.0,0.0,
17,46,4.6000000000000005,1700,motorcycle,-10.568619233001911,5.043661988123812,-2.4128873572872016,1.7099841135649545,2.2,0.8,0.0,15.0,0.0,
17,46,4.6000000000000005,1701,motorcycle,55.56527514872431,3.5875025253431345,13.320229570635924,1.7716491764125777,2.2,0.8,0.0,15.0,0.0,
17,46,4.6000000000000005,1702,bicycle,186.3114973292925,1.3927587923355325,19.478560767543765,1.7797016463780977,1.8,0.6,0.0,15.0,0.0,
17,46,4.6000000000000005,1703,car,47.307766944743356,6.368349979818164,12.42784246839959,1.7253410198973191,4.5,1.8,0.0,15.0,0.0,
17,47,4.7,1700,motorcycle,-10.962638022773314,5.230171941792392,-2.396591747065515,1.7474802581401783,2.2,0.8,0.0,15.0,0.0,
17,47,4.7,1701,motorcycle,57.0151570211215,3.6118086356123476,13.280267022017412,1.761130716868445,2.2,0.8,0.0,15.0,0.0,
17,47,4.7,1702,bicycle,188.2857470717717,1.4352570507365292,19.53838726094273,1.8175744230187323,1.8,0.6,0.0,15.0,0.0,
17,47,4.7,1703,car,48.59310989231103,6.391484171651642,12.435828730669014,1.7574304451902814,4.5,1.8,0.0,15.0,0.0,
17,48,4.800000000000001,1700,motorcycle,-11.229481429116666,5.536072234728918,-2.4023886800973977,1.816985418986984,2.2,0.8,0.0,15.0,0.0,
17,48,4.800000000000001,1701,motorcycle,58.421495444776596,3.8105924787369676,13.326288391217433,1.7883025649407478,2.2,0.8,0.0,15.0,0.0,
17,48,4.800000000000001,1702,bicycle,190.32949099961036,1.5988493791965623,19.505391247579862,1.6556529344209205,1.8,0.6,0.0,15.0,0.0,
17,48,4.800000000000001,1703,car,49.59262085439261,6.580083339809806,12.416445248763068,1.6950518742865268,4.5,1.8,0.0,15.0,0.0,
17,49,4.9,1700,motorcycle,-11.366834543693052,5.691299874017378,-2.3076334976851025,1.6356939119395588,2.2,0.8,0.0,15.0,0.0,
17,49,4.9,1701,motorcycle,59.657029167656276,3.8512637316535607,13.362425944102315,1.7219232063080216,2.2,0.8,0.0,15.0,0.0,
17,49,4.9,1702,bicycle,192.22059063474248,1.658885999335525,19.581905058682903,1.591828809500742,1.8,0.6,0.0,15.0,0.0,
17,49,4.9,1703,car,50.93528739705558,6.689420094129173,12.436300016618578,1.7181949896325497,4.5,1.8,0.0,15.0,0.0,
17,50,5.0,1700,motorcycle,-11.54997227449282,5.821644722825931,-2.2378286346243965,1.613159620121034,2.2,0.8,0.0,15.0,0.0,
17,50,5.0,1701,motorcycle,61.36152271266473,3.8406187200084885,13.276429595440499,1.6484175792712379,2.2,0.8,0.0,15.0,0.0,
17,50,5.0,1702,bicycle,194.17560602400422,1.8980173939543075,19.5269860141891,1.6014111883352504,1.8,0.6,0.0,15.0,0.0,
17,50,5.0,1703,car,52.22464914682905,6.794919464845125,12.44789150191074,1.530628241830642,4.5,1.8,0.0,15.0,0.0,
17,51,5.1000000000000005,1700,motorcycle,-11.734272852140428,6.117743970925262,-2.299707532850296,1.4506467894218757,2.2,0.8,0.0,15.0,0.0,
17,51,5.1000000000000005,1701,motorcycle,62.808157778579194,3.8606093847311524,13.318459644364253,1.5183118809200895,2.2,0.8,0.0,15.0,0.0,
17,51,5.1000000000000005,1702,bicycle,196.0865224311404,2.196224322417183,19.57339340460995,1.5295302380373612,1.8,0.6,0.0,15.0,0.0,
17,51,5.1000000000000005,1703,car,53.25417164516575,7.017699282147507,12.39434850561979,1.5044753591612725,4.5,1.8,0.0,15.0,0.0,
17,52,5.2,1700,motorcycle,-11.963510198582505,6.449049677063375,-2.3123696357477566,1.3446411483535077,2.2,0.8,0.0,15.0,0.0,
17,52,5.2,1701,motorcycle,64.28696811384798,4.074760580246591,13.35660843461117,1.4902006403326167,2.2,0.8,0.0,15.0,0.0,
17,52,5.2,1702,bicycle,198.2161826564647,2.2486288900478453,19.503843916972862,1.4579032023322434,1.8,0.6,0.0,15.0,0.0,
17,52,5.2,1703,car,54.46735976404702,7.1420994558601345,12.33826503597485,1.4449745709455406,4.5,1.8,0.0,15.0,0.0,
17,53,5.300000000000001,1700,motorcycle,-12.1545340447762,6.563550212857132,-2.381786748129533,1.3609609460257628,2.2,0.8,0.0,15.0,0.0,
17,53,5.300000000000001,1701,motorcycle,65.64819940813318,4.316595297720759,13.251457808467192,1.3033446022336042,2.2,0.8,0.0,15.0,0.0,
17,53,5.300000000000001,1702,bicycle,200.09487716729535,2.3822939632088547,19.551004445245223,1.3190008128952715,1.8,0.6,0.0,15.0,0.0,
17,53,5.300000000000001,1703,car,55.70299849105321,7.273427843821652,12.260276777089514,1.2551750418947103,4.5,1.8,0.0,15.0,0.0,
17,54,5.4,1700,motorcycle,-12.280583965134985,6.630094385784248,-2.324765795891037,1.212297107902027,2.2,0.8,0.0,15.0,0.0,
17,54,5.4,1701,motorcycle,67.06126570001666,4.466984592813211,13.229657396804466,1.163420958120396,2.2,0.8,0.0,15.0,0.0,
17,54,5.4,1702,bicycle,202.11401620187854,2.2868304068947287,19.613193264876614,1.1459725889679775,1.8,0.6,0.0,15.0,0.0,
17,54,5.4,1703,car,56.92039775284195,7.382759445979966,12.25828514808472,1.105296476925092,4.5,1.8,0.0,15.0,0.0,
17,55,5.5,1700,motorcycle,-12.497888041356193,6.792393268135531,-2.426988371460842,0.9635849036312121,2.2,0.8,0.0,15.0,0.0,
17,55,5.5,1701,motorcycle,68.47381797532668,4.640826726374193,13.244594458569004,0.9945167867482105,2.2,0.8,0.0,15.0,0.0,
17,55,5.5,1702,bicycle,204.1468967893922,2.2694027569603334,19.60632646272829,0.9632995446668977,1.8,0.6,0.0,15.0,0.0,
17,55,5.5,1703,car,58.13002607336826,7.382582777893948,12.296075691125234,1.0502832830510833,4.5,1.8,0.0,15.0,0.0,
17,56,5.6000000000000005,1700,motorcycle,-12.797644436527351,6.988923189782806,-2.4748041392976243,0.8732357765765957,2.2,0.8,0.0,15.0,0.0,
17,56,5.6000000000000005,1701,motorcycle,69.73679528843547,4.802563903178642,13.276766581348571,0.9400978269738015,2.2,0.8,0.0,15.0,0.0,
17,56,5.6000000000000005,1702,bicycle,206.11582788052277,2.060943081134135,19.584783039241575,0.9532629852671444,1.8,0.6,0.0,15.0,0.0,
17,56,5.6000000000000005,1703,car,59.327134178257126,7.278329157048184,12.318542283844213,0.901202968617242,4.5,1.8,0.0,15.0,0.0,
17,57,5.7,1700,motorcycle,-13.117844748309698,7.035427191811852,-2.5171689361537983,0.7379176103384559,2.2,0.8,0.0,15.0,0.0,
17,57,5.7,1701,motorcycle,71.07013189156706,4.757165299363299,13.276289389987461,0.6751379067642914,2.2,0.8,0.0,15.0,0.0,
17,57,5.7,1702,bicycle,208.22041225382648,2.221491766993241,19.57866907204522,0.7158423331123811,1.8,0.6,0.0,15.0,0.0,
17,57,5.7,1703,car,60.660366029435345,7.332147030647292,12.356461910067388,0.7856584318594173,4.5,1.8,0.0,15.0,0.0,
17,58,5.800000000000001,1700,motorcycle,-13.418649848510007,7.254119675919398,-2.449413091628506,0.5532076802752045,2.2,0.8,0.0,15.0,0.0,
17,58,5.800000000000001,1701,motorcycle,72.35336963037645,4.83485442718763,13.264064345193571,0.5011411473593022,2.2,0.8,0.0,15.0,0.0,
17,58,5.800000000000001,1702,bicycle,210.2315066805637,2.1732173110762925,19.56174134254591,0.5245096554657965,1.8,0.6,0.0,15.0,0.0,
17,58,5.800000000000001,1703,car,61.75948627476499,7.452072206974461,12.34504500804585,0.6057219056608777,4.5,1.8,0.0,15.0,0.0,
17,59,5.9,1700,motorcycle,-13.688056457960185,7.249844704260089,-2.4946452273708823,0.3657969192325427,2.2,0.8,0.0,15.0,0.0,
17,59,5.9,1701,motorcycle,73.68424388811637,4.945415646604087,13.267415294710238,0.46854134370880607,2.2,0.8,0.0,15.0,0.0,
17,59,5.9,1702,bicycle,212.23330254123036,2.1109181585137926,19.50816752539763,0.3905853323733638,1.8,0.6,0.0,15.0,0.0,
17,59,5.9,1703,car,62.89215796411287,7.547941191321634,12.38982696029617,0.4098325677399447,4.5,1.8,0.0,15.0,0.0,
17,60,6.0,1700,motorcycle,-14.02443970571984,7.360284302826681,-2.47851576545339,0.1525312576826643,2.2,0.8,0.0,15.0,0.0,
17,60,6.0,1701,motorcycle,74.99504530300415,5.01083610362735,13.233772739819019,0.1980177833395432,2.2,0.8,0.0,15.0,0.0,
17,60,6.0,1702,bicycle,214.32867948862406,2.2256162526212377,19.51226683507335,0.19463194115245214,1.8,0.6,0.0,15.0,0.0,
17,60,6.0,1703,car,64.07733436634167,7.515244031670107,12.312967145521,0.19548029672453043,4.5,1.8,0.0,15.0,0.0,
17,61,6.1000000000000005,1700,motorcycle,-14.204041439105504,7.353199954258376,-2.5223819752101018,0.003306423776392432,2.2,0.8,0.0,15.0,0.0,
17,61,6.1000000000000005,1701,motorcycle,76.452599033767,5.100634269050963,13.232299021622703,0.10237152008731912,2.2,0.8,0.0,15.0,0.0,
17,61,6.1000000000000005,1702,bicycle,216.5497778711204,2.177601991167545,19.499972596664836,0.034666564962080884,1.8,0.6,0.0,15.0,0.0,
17,61,6.1000000000000005,1703,car,65.21733344418004,7.600157455015978,12.318040530194073,0.018581924474345975,4.5,1.8,0.0,15.0,0.0,
17,62,6.2,1700,motorcycle,-14.513823421066412,7.274429618563749,-2.6216552485058777,0.07423904482288173,2.2,0.8,0.0,15.0,0.0,
17,62,6.2,1701,motorcycle,77.86997358023396,5.167970169676874,13.249715329166676,-0.11521138703873966,2.2,0.8,0.0,15.0,0.0,
17,62,6.2,1702,bicycle,218.42466501328485,2.1519938958039915,19.445905279039437,-0.08467609774678592,1.8,0.6,0.0,15.0,0.0,
17,62,6.2,1703,car,66.35140121226958,7.6050717498757185,12.320510479270068,0.045376141696886,4.5,1.8,0.0,15.0,0.0,
17,63,6.300000000000001,1700,motorcycle,-14.569670975827702,7.343005770573549,-2.630432732698734,0.09001632560308438,2.2,0.8,0.0,15.0,0.0,
17,63,6.300000000000001,1701,motorcycle,79.03675147035743,4.960085859815184,13.205379158653441,0.04060937239491514,2.2,0.8,0.0,15.0,0.0,
17,63,6.300000000000001,1702,bicycle,220.386111566391,2.039161525250332,19.409550552269693,-0.06207417502454765,1.8,0.6,0.0,15.0,0.0,
17,63,6.300000000000001,1703,car,67.45930141920685,7.760177527350847,12.313338730832552,0.08847910441594571,4.5,1.8,0.0,15.0,0.0,
17,64,6.4,1700,motorcycle,-14.921715686947122,7.392118271896359,-2.619078599682906,0.043984078649949326,2.2,0.8,0.0,15.0,0.0,
17,64,6.4,1701,motorcycle,80.38274423670418,5.058594199142431,13.233089039278932,-0.054563594495752245,2.2,0.8,0.0,15.0,0.0,
17,64,6.4,1702,bicycle,222.4003380980607,2.028851622176098,19.37071457331172,0.034698888835040555,1.8,0.6,0.0,15.0,0.0,
17,64,6.4,1703,car,68.78279114707084,7.71182101091998,12.295810484917384,-0.06935601506589985,4.5,1.8,0.0,15.0,0.0,
17,65,6.5,1700,motorcycle,-15.36409625969909,7.367887442192256,-2.5794758755755285,-0.028663284720338827,2.2,0.8,0.0,15.0,0.0,
17,65,6.5,1701,motorcycle,81.84883250702009,5.038086799959248,13.223038573022755,-0.014454585526857567,2.2,0.8,0.0,15.0,0.0,
17,65,6.5,1702,bicycle,224.43556881277163,1.9329605651457307,19.36426656494544,-0.027368597639320466,1.8,0.6,0.0,15.0,0.0,
17,65,6.5,1703,car,69.9562153917284,7.7153364453678135,12.29014432037828,0.05258356493270109,4.5,1.8,0.0,15.0,0.0,
17,66,6.6000000000000005,1700,motorcycle,-15.62312126727663,7.42338801669049,-2.570838118247445,0.07018795001047304,2.2,0.8,0.0,15.0,0.0,
17,66,6.6000000000000005,1701,motorcycle,83.14089786744707,5.0081296606024965,13.26029050241158,-0.01580014209295582,2.2,0.8,0.0,15.0,0.0,
17,66,6.6000000000000005,1702,bicycle,226.42183463774055,2.166752005699411,19.31531893181044,0.0765835233194182,1.8,0.6,0.0,15.0,0.0,
17,66,6.6000000000000005,1703,car,71.13600916093519,7.8491043114688885,12.324446613139568,0.030016382965775606,4.5,1.8,0.0,15.0,0.0,
17,67,6.7,1700,motorcycle,-15.895301393817487,7.398337689758173,-2.6069384972495233,0.00031380207482382234,2.2,0.8,0.0,15.0,0.0,
17,67,6.7,1701,motorcycle,84.44853577306182,5.027231485913705,13.189757747334681,0.0011322559912772872,2.2,0.8,0.0,15.0,0.0,
17,67,6.7,1702,bicycle,228.47963182948138,2.2611568591677513,19.316469020630777,0.12812090511124918,1.8,0.6,0.0,15.0,0.0,
17,67,6.7,1703,car,72.31071849175709,7.840437107187025,12.25192086329106,-0.02018176558046381,4.5,1.8,0.0,15.0,0.0,
17,68,6.800000000000001,1700,motorcycle,-15.97721383060574,7.36178957153622,-2.683330056907325,0.04359994416473191,2.2,0.8,0.0,15.0,0.0,
17,68,6.800000000000001,1701,motorcycle,85.80643257201618,5.110296092516237,13.174905193422537,-0.05035619323011773,2.2,0.8,0.0,15.0,0.0,
17,68,6.800000000000001,1702,bicycle,230.39291640123423,2.3166413578062066,19.312852673626942,0.01939775866410826,1.8,0.6,0.0,15.0,0.0,
17,68,6.800000000000001,1703,car,73.48222874930192,7.8829467600801255,12.251770166393047,-0.03529369580949373,4.5,1.8,0.0,15.0,0.0,
17,69,6.9,1700,motorcycle,-16.231551820787455,7.323120356941745,-2.6524718335133985,0.043657845561613874,2.2,0.8,0.0,15.0,0.0,
17,69,6.9,1701,motorcycle,87.17407687051364,4.946797351362159,13.126666655734402,-0.03182884332201381,2.2,0.8,0.0,15.0,0.0,
17,69,6.9,1702,bicycle,232.24457026416383,2.2623566603067085,19.359115097330317,0.03493272192694395,1.8,0.6,0.0,15.0,0.0,
17,69,6.9,1703,car,74.66502063296757,7.94212612607929,12.268212269016322,-0.0016429405501928369,4.5,1.8,0.0,15.0,0.0,
17,70,7.0,1700,motorcycle,-16.38197653387829,7.256990726199404,-2.6498338566502273,-0.05254300511677012,2.2,0.8,0.0,15.0,0.0,
17,70,7.0,1701,motorcycle,88.38645059060843,4.810720848873409,13.07737379817784,0.004155028057774282,2.2,0.8,0.0,15.0,0.0,
17,70,7.0,1702,bicycle,234.1502333559727,2.23536953126605,19.344156941420724,0.0886371312529372,1.8,0.6,0.0,15.0,0.0,
17,70,7.0,1703,car,75.7781238449895,7.81771679410605,12.22594113938765,-0.003594741732249479,4.5,1.8,0.0,15.0,0.0,
17,71,7.1000000000000005,1700,motorcycle,-16.59548278828461,7.318849487587951,-2.602601940831738,-0.00541194330210959,2.2,0.8,0.0,15.0,0.0,
17,71,7.1000000000000005,1701,motorcycle,89.65455585843553,4.9740669183686395,12.938163379330513,0.003137951122207363,2.2,0.8,0.0,15.0,0.0,
17,71,7.1000000000000005,1702,bicycle,236.12764974456417,2.422737931503742,19.261128632827962,-0.021006881921467827,1.8,0.6,0.0,15.0,0.0,
17,71,7.1000000000000005,1703,car,76.86495693881709,7.637889157348423,12.21571485475633,0.04165468788062038,4.5,1.8,0.0,15.0,0.0,
17,72,7.2,1700,motorcycle,-16.73514602353467,7.265662206826526,-2.5692756288051584,-0.009885934916598817,2.2,0.8,0.0,15.0,0.0,
17,72,7.2,1701,motorcycle,91.00402957428084,5.089514443134562,12.92845185736305,0.053848719121250346,2.2,0.8,0.0,15.0,0.0,
17,72,7.2,1702,bicycle,237.93245987906155,2.4883889832006454,19.312812296467385,0.04651046033115601,1.8,0.6,0.0,15.0,0.0,
17,72,7.2,1703,car,77.96802629306028,7.617308057404554,12.23082361126748,0.022152622020069648,4.5,1.8,0.0,15.0,0.0,
17,73,7.300000000000001,1700,motorcycle,-16.9804859914784,7.4085808350350115,-2.634057929338663,-0.012012541699158462,2.2,0.8,0.0,15.0,0.0,
17,73,7.300000000000001,1701,motorcycle,92.12809755001325,5.151639324154952,12.956182829735065,0.16743016828581295,2.2,0.8,0.0,15.0,0.0,
17,73,7.300000000000001,1702,bicycle,239.96637707454687,2.521525497315981,19.325557050251078,-0.015830545531322297,1.8,0.6,0.0,15.0,0.0,
17,73,7.300000000000001,1703,car,79.20415742358347,7.644932953563942,12.132585644368602,0.009845679525349933,4.5,1.8,0.0,15.0,0.0,
17,74,7.4,1700,motorcycle,-17.233790827574794,7.583982162707627,-2.640641517328787,-0.03827726769147623,2.2,0.8,0.0,15.0,0.0,
17,74,7.4,1701,motorcycle,93.45056904119475,5.159074131343083,12.949652798578898,-0.06394944053983044,2.2,0.8,0.0,15.0,0.0,
17,74,7.4,1702,bicycle,241.88333082969103,2.4636063100925796,19.31473297530546,0.03660766115955497,1.8,0.6,0.0,15.0,0.0,
17,74,7.4,1703,car,80.34996455409573,7.622809705263988,12.159645892715677,-0.013470114206121743,4.5,1.8,0.0,15.0,0.0,
17,75,7.5,1700,motorcycle,-17.23693638058772,7.608868812798932,-2.702736368942579,-0.04196513715382156,2.2,0.8,0.0,15.0,0.0,
17,75,7.5,1701,motorcycle,94.65154084219391,5.0765715027081795,12.976501704489868,-0.05532547281503819,2.2,0.8,0.0,15.0,0.0,
17,75,7.5,1702,bicycle,243.78168355158806,2.577881000918648,19.28874436757785,0.03357432814048164,1.8,0.6,0.0,15.0,0.0,
17,75,7.5,1703,car,81.39763211798626,7.585748199851588,12.115348623343637,0.014988547829614932,4.5,1.8,0.0,15.0,0.0,
17,76,7.6000000000000005,1700,motorcycle,-17.61068783025285,7.815834500820771,-2.784705613646821,0.05678905719393709,2.2,0.8,0.0,15.0,0.0,
17,76,7.6000000000000005,1701,motorcycle,96.03701872120332,5.10755761836118,12.979223367165467,0.09274793353282876,2.2,0.8,0.0,15.0,0.0,
17,76,7.6000000000000005,1702,bicycle,245.95765437728696,2.5571543320913697,19.296632836267055,-0.02762001088764752,1.8,0.6,0.0,15.0,0.0,
17,76,7.6000000000000005,1703,car,82.49223824052815,7.632059475278046,12.127829743492907,-0.0805110643192522,4.5,1.8,0.0,15.0,0.0,
17,77,7.7,1700,motorcycle,-17.843558193098566,7.844148486126371,-2.8147678480239007,-0.03332613304394148,2.2,0.8,0.0,15.0,0.0,
17,77,7.7,1701,motorcycle,97.3773190346609,5.268445783879245,12.999143148648237,0.03902421256263804,2.2,0.8,0.0,15.0,0.0,
17,77,7.7,1702,bicycle,247.80409802154966,2.5157270931337523,19.327033674911355,-0.06791724423245325,1.8,0.6,0.0,15.0,0.0,
17,77,7.7,1703,car,83.7257413847078,7.681401778597792,12.125903038494828,0.015968601621913377,4.5,1.8,0.0,15.0,0.0,
17,78,7.800000000000001,1700,motorcycle,-18.11925299312258,7.781932325853588,-2.873673186336177,-0.004515667464895642,2.2,0.8,0.0,15.0,0.0,
17,78,7.800000000000001,1701,motorcycle,98.80768394986508,5.3708838569719575,12.981876533873098,-0.018305221931515164,2.2,0.8,0.0,15.0,0.0,
17,78,7.800000000000001,1702,bicycle,249.6928301500971,2.4717687062148377,19.341421146066466,0.05287406976832019,1.8,0.6,0.0,15.0,0.0,
17,78,7.800000000000001,1703,car,85.1646126120538,7.598417026545858,12.158462055840534,0.027116720150302677,4.5,1.8,0.0,15.0,0.0,
17,79,7.9,1700,motorcycle,-18.4395949537039,7.679331400948302,-2.859904531493943,0.10599398934375306,2.2,0.8,0.0,15.0,0.0,
17,79,7.9,1701,motorcycle,100.13277631370426,5.292160696260218,12.974013218440607,-0.05700870135542316,2.2,0.8,0.0,15.0,0.0,
17,79,7.9,1702,bicycle,251.6288232932931,2.5401095089815158,19.306791141837266,-0.16278050172977818,1.8,0.6,0.0,15.0,0.0,
17,79,7.9,1703,car,86.40814692491408,7.548261770516561,12.12092856410131,-0.03796508016823271,4.5,1.8,0.0,15.0,0.0,
17,80,8.0,1700,motorcycle,-18.685560214283612,7.638540809715657,-2.813382249872922,0.04762258335539779,2.2,0.8,0.0,15.0,0.0,
17,80,8.0,1701,motorcycle,101.40311443506089,5.240074098759242,12.980398643709101,-0.007269659090109718,2.2,0.8,0.0,15.0,0.0,
17,80,8.0,1702,bicycle,253.38425103833956,2.731519884187424,19.342507929207795,-0.023174252076396014,1.8,0.6,0.0,15.0,0.0,
17,80,8.0,1703,car,87.42860146013695,7.530218584309676,12.091529723099542,-0.003028660153842501,4.5,1.8,0.0,15.0,0.0,
17,81,8.1,1700,motorcycle,-19.18328548769887,7.591316145526952,-2.8339483449949725,-0.009613763795691729,2.2,0.8,0.0,15.0,0.0,
17,81,8.1,1701,motorcycle,102.67753353132431,5.245299182046515,13.056457512633054,-0.025750709362351534,2.2,0.8,0.0,15.0,0.0,
17,81,8.1,1702,bicycle,255.22738603567385,2.5587868320550586,19.316952371349444,-0.0700625461983093,1.8,0.6,0.0,15.0,0.0,
17,81,8.1,1703,car,88.73376406190773,7.520608001246198,12.138502972349869,0.07328485282250476,4.5,1.8,0.0,15.0,0.0,
17,82,8.200000000000001,1700,motorcycle,-19.55318610892912,7.556580169512271,-2.7673640049181154,0.009460878968855035,2.2,0.8,0.0,15.0,0.0,
17,82,8.200000000000001,1701,motorcycle,104.0353302762874,5.34859693919349,13.101283245316257,0.02051797766455192,2.2,0.8,0.0,15.0,0.0,
17,82,8.200000000000001,1702,bicycle,257.2987174213266,2.551961401196247,19.342923091262335,-0.008837925217591506,1.8,0.6,0.0,15.0,0.0,
17,82,8.200000000000001,1703,car,90.04966952605012,7.450531537454126,12.05436015544589,0.032746239371007485,4.5,1.8,0.0,15.0,0.0,
17,83,8.3,1700,motorcycle,-19.931936362674,7.444655903413967,-2.7041175081940954,0.04831397755955874,2.2,0.8,0.0,15.0,0.0,
17,83,8.3,1701,motorcycle,105.3112085277345,5.0440506264654115,13.127945252278312,0.03312524362817624,2.2,0.8,0.0,15.0,0.0,
17,83,8.3,1702,bicycle,259.2846908639392,2.599046750285968,19.333853632655035,-0.020523457188379484,1.8,0.6,0.0,15.0,0.0,
17,83,8.3,1703,car,91.14448935463342,7.380791869885447,12.070434388442981,0.01689634754475066,4.5,1.8,0.0,15.0,0.0,
17,84,8.4,1700,motorcycle,-20.123365658584714,7.304012777876955,-2.7870787904289323,-0.01898525562073931,2.2,0.8,0.0,15.0,0.0,
17,84,8.4,1701,motorcycle,106.5220082884178,5.062649372114198,13.062451421401317,0.05901160712950318,2.2,0.8,0.0,15.0,0.0,
17,84,8.4,1702,bicycle,261.13587019136077,2.758314174415917,19.36006872518063,-0.052761602500541765,1.8,0.6,0.0,15.0,0.0,
17,84,8.4,1703,car,92.5610072950131,7.407337101347198,12.07874035875142,-0.0032606026186543682,4.5,1.8,0.0,15.0,0.0,
17,85,8.5,1700,motorcycle,-20.355418205433914,7.356554839024218,-2.830327488022187,-0.010677572526514235,2.2,0.8,0.0,15.0,0.0,
17,85,8.5,1701,motorcycle,107.83982352633296,5.1209234185795935,13.092435885254515,0.008227089708698171,2.2,0.8,0.0,15.0,0.0,
17,85,8.5,1702,bicycle,263.0168447683166,2.6981549833672935,19.30049430503023,0.02963005821902176,1.8,0.6,0.0,15.0,0.0,
17,85,8.5,1703,car,93.70728362147683,7.388161651593806,12.090627554100294,0.0001967084113845661,4.5,1.8,0.0,15.0,0.0,
17,86,8.6,1700,motorcycle,-20.63901208590901,7.266058647092991,-2.8168843601028324,-0.015641432871395286,2.2,0.8,0.0,15.0,0.0,
17,86,8.6,1701,motorcycle,109.14042707011272,5.236720267686193,13.117701794951172,-0.028540280272184818,2.2,0.8,0.0,15.0,0.0,
17,86,8.6,1702,bicycle,264.93200280626064,2.858098673818644,19.28512518243215,0.001994062158833386,1.8,0.6,0.0,15.0,0.0,
17,86,8.6,1703,car,94.98276093375262,7.409680800384148,12.071986648167943,-0.037171028112906256,4.5,1.8,0.0,15.0,0.0,
17,87,8.700000000000001,1700,motorcycle,-20.921710416092616,7.331860581529378,-2.750839349770743,-0.07326770434975205,2.2,0.8,0.0,15.0,0.0,
17,87,8.700000000000001,1701,motorcycle,110.62847568235749,5.207879362413799,13.163943128363952,-0.03687676386044158,2.2,0.8,0.0,15.0,0.0,
17,87,8.700000000000001,1702,bicycle,266.6994313820213,2.72680405681019,19.268577344946898,0.026204657628559946,1.8,0.6,0.0,15.0,0.0,
17,87,8.700000000000001,1703,car,96.1930788442671,7.384657337318284,12.127887814094521,9.92910530578475e-05,4.5,1.8,0.0,15.0,0.0,
17,88,8.8,1700,motorcycle,-21.1688158840403,7.642963313713102,-2.751241275104045,-0.03479225564331159,2.2,0.8,0.0,15.0,0.0,
17,88,8.8,1701,motorcycle,111.99296597193724,5.281288257402323,13.178992301277997,0.007845623113469506,2.2,0.8,0.0,15.0,0.0,
17,88,8.8,1702,bicycle,268.7745122127818,2.8625287780377526,19.2627222873413,-0.03217472809449309,1.8,0.6,0.0,15.0,0.0,
17,88,8.8,1703,car,97.44878790999118,7.319734001520106,12.172145897500005,0.021202813811345297,4.5,1.8,0.0,15.0,0.0,
17,89,8.9,1700,motorcycle,-21.176936907703258,7.7902930032685225,-2.805178300002714,-0.025939434080469188,2.2,0.8,0.0,15.0,0.0,
17,89,8.9,1701,motorcycle,113.11947016862464,5.067513576737583,13.184683644643735,-0.05961918531458358,2.2,0.8,0.0,15.0,0.0,
17,89,8.9,1702,bicycle,270.8649030146789,2.9783203236729645,19.24914756566302,-0.01641562201711914,1.8,0.6,0.0,15.0,0.0,
17,89,8.9,1703,car,98.81453979541992,7.491194730752269,12.125516002101978,-0.053059156975183874,4.5,1.8,0.0,15.0,0.0,
17,90,9.0,1700,motorcycle,-21.487563852409505,7.83341217380581,-2.8308618828195096,0.022610708208099437,2.2,0.8,0.0,15.0,0.0,
17,90,9.0,1701,motorcycle,114.63296839696686,4.926910457021159,13.162399850640607,-0.06934959577472971,2.2,0.8,0.0,15.0,0.0,
17,90,9.0,1702,bicycle,272.7061592900523,2.948852674459719,19.212787007424975,0.025998878317400206,1.8,0.6,0.0,15.0,0.0,
17,90,9.0,1703,car,100.04218702394252,7.521096638815445,12.110181113120346,-0.010730399360453127,4.5,1.8,0.0,15.0,0.0,
17,91,9.1,1700,motorcycle,-21.805719095451465,7.8085464008103145,-2.8099114172591557,-0.09617453427792833,2.2,0.8,0.0,15.0,0.0,
17,91,9.1,1701,motorcycle,115.97800251468406,4.840037400663092,13.145456968635667,-0.07807664492517497,2.2,0.8,0.0,15.0,0.0,
17,91,9.1,1702,bicycle,274.5915708203162,2.976641077771556,19.235641225273387,-0.05931657587804066,1.8,0.6,0.0,15.0,0.0,
17,91,9.1,1703,car,101.29408899704862,7.635074249711802,12.085496611142705,4.56557528208921e-05,4.5,1.8,0.0,15.0,0.0,
17,92,9.200000000000001,1700,motorcycle,-22.29356489379495,7.718842995246263,-2.796385406399249,0.04777337021029648,2.2,0.8,0.0,15.0,0.0,
17,92,9.200000000000001,1701,motorcycle,117.23262043247003,5.106976007838769,13.161151450645741,-0.06366784378770818,2.2,0.8,0.0,15.0,0.0,
17,92,9.200000000000001,1702,bicycle,276.64385321396793,2.851346764673482,19.25206257654328,-0.046462053134744136,1.8,0.6,0.0,15.0,0.0,
17,92,9.200000000000001,1703,car,102.36689521322712,7.731289468666175,12.072507762970403,0.08628360272801266,4.5,1.8,0.0,15.0,0.0,
17,93,9.3,1700,motorcycle,-22.674996793236122,7.562878925082187,-2.8203686806115367,0.144525439986649,2.2,0.8,0.0,15.0,0.0,
17,93,9.3,1701,motorcycle,118.6321271382713,5.162365309212426,13.190498411153538,-0.02424217208308686,2.2,0.8,0.0,15.0,0.0,
17,93,9.3,1702,bicycle,278.8419944989921,2.8971553070654665,19.270278390722545,0.049243147475675215,1.8,0.6,0.0,15.0,0.0,
17,93,9.3,1703,car,103.44682166715947,7.643354776750355,12.06023206846244,0.049566410921673056,4.5,1.8,0.0,15.0,0.0,
17,94,9.4,1700,motorcycle,-23.086838962571093,7.556143483178505,-2.8308111566298417,-0.07871929038128449,2.2,0.8,0.0,15.0,0.0,
17,94,9.4,1701,motorcycle,119.90028381548598,5.216590521029729,13.116334928868964,0.07056672968544801,2.2,0.8,0.0,15.0,0.0,
17,94,9.4,1702,bicycle,280.8158268766076,2.9317559721986073,19.27068779462005,-0.05461609865367856,1.8,0.6,0.0,15.0,0.0,
17,94,9.4,1703,car,104.58787518896814,7.679540248051067,12.027649308238535,0.009437453670472636,4.5,1.8,0.0,15.0,0.0,
17,95,9.5,1700,motorcycle,-23.459808210158563,7.60128647447887,-2.8045071267300465,-0.0813844327949834,2.2,0.8,0.0,15.0,0.0,
17,95,9.5,1701,motorcycle,121.21864816202297,5.064423728240694,13.02328288001613,-0.029694612525618638,2.2,0.8,0.0,15.0,0.0,
17,95,9.5,1702,bicycle,283.0225874122875,3.0092947675010984,19.340292996802898,0.030420826926184693,1.8,0.6,0.0,15.0,0.0,
17,95,9.5,1703,car,105.81118445822227,7.769079409724501,11.99567073980541,0.023525730836538743,4.5,1.8,0.0,15.0,0.0,
17,96,9.600000000000001,1700,motorcycle,-23.622549141589086,7.6712286466798485,-2.7423681284782133,0.00913000798143311,2.2,0.8,0.0,15.0,0.0,
17,96,9.600000000000001,1701,motorcycle,122.69018451520765,5.0436005528589645,13.129167501516571,0.02868037111970767,2.2,0.8,0.0,15.0,0.0,
17,96,9.600000000000001,1702,bicycle,284.91822208638513,2.8913817490881506,19.29989344514937,-0.04796808331282825,1.8,0.6,0.0,15.0,0.0,
17,96,9.600000000000001,1703,car,107.0018796115647,7.641683576153182,12.060308662240107,0.005536143720216423,4.5,1.8,0.0,15.0,0.0,
17,97,9.700000000000001,1700,motorcycle,-23.889770986551138,7.554689963763454,-2.7808200136577432,-0.11101836725393398,2.2,0.8,0.0,15.0,0.0,
17,97,9.700000000000001,1701,motorcycle,124.16488177940705,4.901828888482978,13.062072314363279,0.07065866960360226,2.2,0.8,0.0,15.0,0.0,
17,97,9.700000000000001,1702,bicycle,286.88696789678204,2.9034554278341584,19.31690686891897,0.047695018663058336,1.8,0.6,0.0,15.0,0.0,
17,97,9.700000000000001,1703,car,108.21789800946308,7.487330101751399,12.096968155858885,0.02111719383216432,4.5,1.8,0.0,15.0,0.0,
17,98,9.8,1700,motorcycle,-24.050697653171532,7.429780077415905,-2.817287108537027,0.01960444423570922,2.2,0.8,0.0,15.0,0.0,
17,98,9.8,1701,motorcycle,125.3766378541892,4.666544638192401,13.071938843300122,0.04475038165501172,2.2,0.8,0.0,15.0,0.0,
17,98,9.8,1702,bicycle,288.8057654015798,2.958268940559604,19.337075244634864,0.0005247678798015003,1.8,0.6,0.0,15.0,0.0,
17,98,9.8,1703,car,109.44119114071867,7.622243912951022,12.048755627039204,0.0386522406145496,4.5,1.8,0.0,15.0,0.0,
17,99,9.9,1700,motorcycle,-24.450514139890387,7.350302056149382,-2.7574912428007043,-0.060491569762375574,2.2,0.8,0.0,15.0,0.0,
17,99,9.9,1701,motorcycle,126.65967261374482,4.902679348745132,13.123216376315671,-0.036858598146873055,2.2,0.8,0.0,15.0,0.0,
17,99,9.9,1702,bicycle,290.6828904010406,2.941257327741249,19.40267245618682,-0.05008235714961909,1.8,0.6,0.0,15.0,0.0,
17,99,9.9,1703,car,110.53984980923576,7.693579218638965,11.96469877867532,-0.04555385763255376,4.5,1.8,0.0,15.0,0.0,
18,0,0.0,1800,pedestrian,31.152709400351938,7.25,-15.0,-1.3058412365431906,0.5,0.5,0.0,15.0,0.0,
18,0,0.0,1801,car,25.79828174500685,8.149899568002029,4.32934396066305,0.10586792017231106,4.5,1.8,0.0,15.0,0.0,
18,1,0.1,1800,pedestrian,29.709501124707433,6.994920651544819,-15.025438825976671,-1.3732257438352644,0.5,0.5,0.0,15.0,0.0,
18,1,0.1,1801,car,26.198007023546165,8.102665232421261,4.411257550536751,0.11793624030986777,4.5,1.8,0.0,15.0,0.0,
18,2,0.2,1800,pedestrian,28.250935844124356,6.746847720417991,-14.988434970334525,-1.2913144448164575,0.5,0.5,0.0,15.0,0.0,
18,2,0.2,1801,car,26.72612369545646,7.983257598950379,4.38805045789718,0.12336074586461017,4.5,1.8,0.0,15.0,0.0,
18,3,0.30000000000000004,1800,pedestrian,26.694376029509456,6.871015361262426,-15.01254879187262,-1.293482012352517,0.5,0.5,0.0,15.0,0.0,
18,3,0.30000000000000004,1801,car,27.104905942495254,8.01876204492135,4.457167958698289,0.12910351850346474,4.5,1.8,0.0,15.0,0.0,
18,4,0.4,1800,pedestrian,25.17121982484396,6.634276115402586,-14.952106973454251,-1.3006667092565414,0.5,0.5,0.0,15.0,0.0,
18,4,0.4,1801,car,27.531953109897778,7.7977786787068135,4.450807128654783,0.10904826963518156,4.5,1.8,0.0,15.0,0.0,
18,5,0.5,1800,pedestrian,23.493408686461233,6.603170587498048,-14.978869094415598,-1.2058882653710423,0.5,0.5,0.0,15.0,0.0,
18,5,0.5,1801,car,28.118477976732162,7.736693144595288,4.51927281126833,0.18957537935914331,4.5,1.8,0.0,15.0,0.0,
18,6,0.6000000000000001,1800,pedestrian,21.939618221467484,6.379315750015866,-15.08663682836702,-1.1868661854165556,0.5,0.5,0.0,15.0,0.0,
18,6,0.6000000000000001,1801,car,28.473072670609668,7.796699975283514,4.490880262035409,0.15058879980637882,4.5,1.8,0.0,15.0,0.0,
18,7,0.7000000000000001,1800,pedestrian,20.374805414860912,6.130647439527388,-15.1147344923859,-1.2236968188617623,0.5,0.5,0.0,15.0,0.0,
18,7,0.7000000000000001,1801,car,28.92074513297773,7.822184663882685,4.437321507648465,0.20562905933687603,4.5,1.8,0.0,15.0,0.0,
18,8,0.8,1800,pedestrian,18.847375102243166,6.1585216926369455,-15.102680377336595,-1.2202416169190693,0.5,0.5,0.0,15.0,0.0,
18,8,0.8,1801,car,29.31537947368994,7.9042315090234645,4.438999845206549,0.24855234479302526,4.5,1.8,0.0,15.0,0.0,
18,9,0.9,1800,pedestrian,17.49757330426535,5.963812244127025,-15.0720071984197,-1.1909858080982971,0.5,0.5,0.0,15.0,0.0,
18,9,0.9,1801,car,29.80509064903648,7.885766825533317,4.418351525435786,0.21935823627807474,4.5,1.8,0.0,15.0,0.0,
18,10,1.0,1800,pedestrian,15.930000878321476,5.76070121672195,-15.077232062707278,-1.2288767257971924,0.5,0.5,0.0,15.0,0.0,
18,10,1.0,1801,car,30.290490170964663,7.913398058110479,4.42680765433015,0.20568378009094582,4.5,1.8,0.0,15.0,0.0,
18,11,1.1,1800,pedestrian,14.42916750141412,5.613081296322145,-15.03825490871888,-1.2509961897612971,0.5,0.5,0.0,15.0,0.0,
18,11,1.1,1801,car,30.77072338327128,7.803329341744592,4.462411395927076,0.17772073559093213,4.5,1.8,0.0,15.0,0.0,
18,12,1.2000000000000002,1800,pedestrian,12.834114870761335,5.374101713990445,-15.099150981048695,-1.2750697563675564,0.5,0.5,0.0,15.0,0.0,
18,12,1.2000000000000002,1801,car,31.366827292338,7.756769129619099,4.351952836807008,0.19599404991869956,4.5,1.8,0.0,15.0,0.0,
18,13,1.3,1800,pedestrian,11.212774118400201,5.328075496243455,-15.120204818990048,-1.2887701572472539,0.5,0.5,0.0,15.0,0.0,
18,13,1.3,1801,car,31.921753661404228,7.8381414856878076,4.289633984290026,0.1410311204958946,4.5,1.8,0.0,15.0,0.0,
18,14,1.4000000000000001,1800,pedestrian,9.522400642474633,5.459520576770869,-15.16334018324526,-1.2302795080108897,0.5,0.5,0.0,15.0,0.0,
18,14,1.4000000000000001,1801,car,32.297489603269845,7.744259043013217,4.2907120230938585,0.12469791106372285,4.5,1.8,0.0,15.0,0.0,
18,15,1.5,1800,pedestrian,8.086254092426472,5.417931017427905,-15.192847234191975,-1.3022772288944882,0.5,0.5,0.0,15.0,0.0,
18,15,1.5,1801,car,32.606844400564086,7.528483037789825,4.276989041014508,0.12410789363918782,4.5,1.8,0.0,15.0,0.0,
18,16,1.6,1800,pedestrian,6.452686577172863,5.161338183773607,-15.193651428111753,-1.3338749613208076,0.5,0.5,0.0,15.0,0.0,
18,16,1.6,1801,car,33.01325040913406,7.504171342255829,4.289425553050325,0.09584394277765333,4.5,1.8,0.0,15.0,0.0,
18,17,1.7000000000000002,1800,pedestrian,4.8844470140650955,4.839770809258763,-15.196168056314724,-1.3294403702009259,0.5,0.5,0.0,15.0,0.0,
18,17,1.7000000000000002,1801,car,33.424423019481345,7.704939140584446,4.297564488168245,0.08802008771480407,4.5,1.8,0.0,15.0,0.0,
18,18,1.8,1800,pedestrian,3.414744705319613,4.9181131260054425,-15.183531904117595,-1.4406145377387247,0.5,0.5,0.0,15.0,0.0,
18,18,1.8,1801,car,33.89738532349563,7.625817606717933,4.201440728877888,0.17289815006882853,4.5,1.8,0.0,15.0,0.0,
18,19,1.9000000000000001,1800,pedestrian,2.044536164940692,4.683533920140558,-15.228463460062551,-1.4326061771430707,0.5,0.5,0.0,15.0,0.0,
18,19,1.9000000000000001,1801,car,34.229011512204096,7.629600057359247,4.165781627746186,0.15287803436319802,4.5,1.8,0.0,15.0,0.0,
18,20,2.0,1800,pedestrian,0.38125429939981154,4.622963135171687,-15.16827400808256,-1.4376163766017427,0.5,0.5,0.0,15.0,0.0,
18,20,2.0,1801,car,34.641965424591305,7.70780356265904,4.165876684988131,0.23935622680486834,4.5,1.8,0.0,15.0,0.0,
18,21,2.1,1800,pedestrian,-1.2672093870461572,4.565295693479697,-15.173984126337654,-1.4936770012856266,0.5,0.5,0.0,15.0,0.0,
18,21,2.1,1801,car,35.283261967378024,7.970259222591107,4.155483188116741,0.26159249420698116,4.5,1.8,0.0,15.0,0.0,
18,22,2.2,1800,pedestrian,-2.8317264259306167,4.384898509094685,-15.23060908566023,-1.557690110837949,0.5,0.5,0.0,15.0,0.0,
18,22,2.2,1801,car,35.883225283381975,7.992541683628177,4.1580124344613125,0.2210665832391968,4.5,1.8,0.0,15.0,0.0,
18,23,2.3000000000000003,1800,pedestrian,-4.335790314269334,4.078750080825977,-15.269296013784132,-1.617678846437143,0.5,0.5,0.0,15.0,0.0,
18,23,2.3000000000000003,1801,car,36.42831493870036,7.849458505579297,4.099051659600254,0.11868711966508161,4.5,1.8,0.0,15.0,0.0,
18,24,2.4000000000000004,1800,pedestrian,-5.951721148847536,3.871030098090946,-15.220406994931176,-1.6287787384106307,0.5,0.5,0.0,15.0,0.0,
18,24,2.4000000000000004,1801,car,36.79716141377719,7.891318029910303,4.076906503456233,0.23918251279962582,4.5,1.8,0.0,15.0,0.0,
18,25,2.5,1800,pedestrian,-7.532862190666851,3.749523402506861,-15.179084205763393,-1.6597644386228376,0.5,0.5,0.0,15.0,0.0,
18,25,2.5,1801,car,37.22138929738695,7.865151736014029,4.090607543853568,0.2442287223523952,4.5,1.8,0.0,15.0,0.0,
18,26,2.6,1800,pedestrian,-9.064798910279073,3.467990602997639,-15.08589946590305,-1.6304444767140496,0.5,0.5,0.0,15.0,0.0,
18,26,2.6,1801,car,37.47158631651817,7.84753764924883,4.012137742398246,0.28233279065464173,4.5,1.8,0.0,15.0,0.0,
18,27,2.7,1800,pedestrian,-10.575567127116797,3.3053539328425052,-15.128017827207808,-1.6462226760272423,0.5,0.5,0.0,15.0,0.0,
18,27,2.7,1801,car,37.95151850081929,7.981354143499072,4.054458798395484,0.20472444742883672,4.5,1.8,0.0,15.0,0.0,
18,28,2.8000000000000003,1800,pedestrian,-12.106980512492045,3.1660630109675907,-15.16475660667537,-1.7291734623727093,0.5,0.5,0.0,15.0,0.0,
18,28,2.8000000000000003,1801,car,38.22830132603363,8.151804065112199,3.994885729328517,0.20710248234871673,4.5,1.8,0.0,15.0,0.0,
18,29,2.9000000000000004,1800,pedestrian,-13.639089672660642,2.9777674969571857,-15.180749680016252,-1.6897166117001579,0.5,0.5,0.0,15.0,0.0,
18,29,2.9000000000000004,1801,car,38.63135119087168,8.109948847351475,3.997452920540277,0.14322527415820197,4.5,1.8,0.0,15.0,0.0,
18,30,3.0,1800,pedestrian,-15.10957018093688,2.7406991507535516,-15.211918237654736,-1.6640642348461094,0.5,0.5,0.0,15.0,0.0,
18,30,3.0,1801,car,38.990364891465035,8.089169759311108,4.055834432306011,0.09456588747959034,4.5,1.8,0.0,15.0,0.0,
18,31,3.1,1800,pedestrian,-16.58092350453108,2.669245130001039,-15.153573377706154,-1.5552382339039963,0.5,0.5,0.0,15.0,0.0,
18,31,3.1,1801,car,39.33173431084782,8.011832764729554,4.09669520487647,0.14157794317295824,4.5,1.8,0.0,15.0,0.0,
18,32,3.2,1800,pedestrian,-18.175354307077438,2.562201755733601,-15.017363034671199,-1.5500050135886732,0.5,0.5,0.0,15.0,0.0,
18,32,3.2,1801,car,39.83375371182696,8.183664297606843,4.221882512356663,0.15386292473774207,4.5,1.8,0.0,15.0,0.0,
18,33,3.3000000000000003,1800,pedestrian,-19.551787255959503,2.3283518427486425,-15.016118987447514,-1.5723276373336623,0.5,0.5,0.0,15.0,0.0,
18,33,3.3000000000000003,1801,car,40.06740789634769,8.03874721279839,4.243384140998127,0.17634737103688802,4.5,1.8,0.0,15.0,0.0,
18,34,3.4000000000000004,1800,pedestrian,-21.157562012710226,2.326857615228465,-15.071618067303117,-1.5594641893582388,0.5,0.5,0.0,15.0,0.0,
18,34,3.4000000000000004,1801,car,40.45022236471297,8.06707675232384,4.28831080432877,0.21421447185242068,4.5,1.8,0.0,15.0,0.0,
18,35,3.5,1800,pedestrian,-22.593939593063393,2.2289267590343127,-15.135255289390255,-1.502737707795755,0.5,0.5,0.0,15.0,0.0,
18,35,3.5,1801,car,40.77302459576953,8.077894790324084,4.270744458261997,0.2317206364835575,4.5,1.8,0.0,15.0,0.0,
18,36,3.6,1800,pedestrian,-24.15593664663997,2.0628019269732207,-15.054311887474785,-1.5675003764549484,0.5,0.5,0.0,15.0,0.0,"[{""type"": ""near_miss"", ""scenario_type"": ""crossing_pedestrian"", ""time"": 4.0}]"
18,36,3.6,1801,car,41.19985239842558,7.989654137545682,4.304461940240326,0.1953841958597108,4.5,1.8,0.0,15.0,0.0,"[{""type"": ""near_miss"", ""scenario_type"": ""crossing_pedestrian"", ""time"": 4.0}]"
18,37,3.7,1800,pedestrian,-25.65751419136227,1.7735853959341101,-14.989734895915044,-1.5638608806088319,0.5,0.5,0.0,15.0,0.0,"[{""type"": ""near_miss"", ""scenario_type"": ""crossing_pedestrian"", ""time"": 4.0}]"
18,37,3.7,1801,car,41.644075143889395,8.092098719232991,4.241891513927148,0.16463308042238395,4.5,1.8,0.0,15.0,0.0,"[{""type"": ""near_miss"", ""scenario_type"": ""crossing_pedestrian"", ""time"": 4.0}]"
18,38,3.8000000000000003,1800,pedestrian,-27.13948226479579,1.4410004735524051,-15.072466230174674,-1.6049239968816238,0.5,0.5,0.0,15.0,0.0,"[{""type"": ""near_miss"", ""scenario_type"": ""crossing_pedestrian"", ""time"": 4.0}]"
18,38,3.8000000000000003,1801,car,41.954164530980584,8.07417569258318,4.268013121007425,0.2021270967766955,4.5,1.8,0.0,15.0,0.0,"[{""type"": ""near_miss"", ""scenario_type"": ""crossing_pedestrian"", ""time"": 4.0}]"
18,39,3.9000000000000004,1800,pedestrian,-28.465787822969727,1.2782456294686044,-15.064748290256254,-1.6061680249884205,0.5,0.5,0.0,15.0,0.0,"[{""type"": ""near_miss"", ""scenario_type"": ""crossing_pedestrian"", ""time"": 4.0}]"
18,39,3.9000000000000004,1801,car,42.41299266954864,8.134225143093332,4.314119008981478,0.24803750935691365,4.5,1.8,0.0,15.0,0.0,"[{""type"": ""near_miss"", ""scenario_type"": ""crossing_pedestrian"", ""time"": 4.0}]"
18,40,4.0,1800,pedestrian,-29.920326324710757,1.2686461091351435,-15.063410437274312,-1.6367464099532993,0.5,0.5,0.0,15.0,0.0,"[{""type"": ""near_miss"", ""scenario_type"": ""crossing_pedestrian"", ""time"": 4.0}]"
18,40,4.0,1801,car,42.79960006523801,8.148445409334798,4.259937254929832,0.21736913129925745,4.5,1.8,0.0,15.0,0.0,"[{""type"": ""near_miss"", ""scenario_type"": ""crossing_pedestrian"", ""time"": 4.0}]"
18,41,4.1000000000000005,1800,pedestrian,-31.54065113127837,1.1393674943033103,-15.045719382317905,-1.7251921612929175,0.5,0.5,0.0,15.0,0.0,"[{""type"": ""near_miss"", ""scenario_type"": ""crossing_pedestrian"", ""time"": 4.0}]"
18,41,4.1000000000000005,1801,car,43.16018557640677,8.35270120705675,4.291426255320307,0.2400859564515172,4.5,1.8,0.0,15.0,0.0,"[{""type"": ""near_miss"", ""scenario_type"": ""crossing_pedestrian"", ""time"": 4.0}]"
18,42,4.2,1800,pedestrian,-33.11164839523346,0.9955765335779418,-15.046444878237308,-1.765029479191142,0.5,0.5,0.0,15.0,0.0,"[{""type"": ""near_miss"", ""scenario_type"": ""crossing_pedestrian"", ""time"": 4.0}]"
18,42,4.2,1801,car,43.53994925343146,8.329584460828046,4.216992592270004,0.17390759316167476,4.5,1.8,0.0,15.0,0.0,"[{""type"": ""near_miss"", ""scenario_type"": ""crossing_pedestrian"", ""time"": 4.0}]"
18,43,4.3,1800,pedestrian,-34.63623976136456,0.7342737765205192,-15.061490785060444,-1.8453121212723016,0.5,0.5,0.0,15.0,0.0,"[{""type"": ""near_miss"", ""scenario_type"": ""crossing_pedestrian"", ""time"": 4.0}]"
18,43,4.3,1801,car,44.04178111336621,8.555023164296252,4.268362372245057,0.23043432791969126,4.5,1.8,0.0,15.0,0.0,"[{""type"": ""near_miss"", ""scenario_type"": ""crossing_pedestrian"", ""time"": 4.0}]"
18,44,4.4,1800,pedestrian,-36.07977659007053,0.5763011485078998,-15.057164640027429,-1.8910384519197452,0.5,0.5,0.0,15.0,0.0,"[{""type"": ""near_miss"", ""scenario_type"": ""crossing_pedestrian"", ""time"": 4.0}]"
18,44,4.4,1801,car,44.53762292669347,8.641137442002915,4.245211892930969,0.25673453206523944,4.5,1.8,0.0,15.0,0.0,"[{""type"": ""near_miss"", ""scenario_type"": ""crossing_pedestrian"", ""time"": 4.0}]"
18,45,4.5,1800,pedestrian,-37.65488758410164,0.3241717664530797,-15.01840937257318,-1.869512080242151,0.5,0.5,0.0,15.0,0.0,
18,45,4.5,1801,car,44.9389496823129,8.632044279729849,4.253950530396275,0.16496450462866213,4.5,1.8,0.0,15.0,0.0,
18,46,4.6000000000000005,1800,pedestrian,-39.23250546314372,0.010709647127281757,-15.01781671919017,-1.8150811572090397,0.5,0.5,0.0,15.0,0.0,
18,46,4.6000000000000005,1801,car,45.412060607300326,8.59739093338205,4.218620688207193,0.12727118471974175,4.5,1.8,0.0,15.0,0.0,
18,47,4.7,1800,pedestrian,-40.53432542270725,-0.1639922389426892,-15.007829172175727,-1.9206376385044421,0.5,0.5,0.0,15.0,0.0,
18,47,4.7,1801,car,45.71582881768168,8.605700363667012,4.193712584728799,0.13392408873072484,4.5,1.8,0.0,15.0,0.0,
18,48,4.800000000000001,1800,pedestrian,-42.0231204528233,-0.2960107780910966,-15.10128725424937,-1.97589906766621,0.5,0.5,0.0,15.0,0.0,
18,48,4.800000000000001,1801,car,46.1252388433601,8.554352451708414,4.17819870543827,0.1393754597978929,4.5,1.8,0.0,15.0,0.0,
18,49,4.9,1800,pedestrian,-43.607742481963385,-0.474373672598385,-15.07408802768213,-1.972645114261311,0.5,0.5,0.0,15.0,0.0,
18,49,4.9,1801,car,46.61513149183555,8.350995859320292,4.148896957802764,0.1839920052430732,4.5,1.8,0.0,15.0,0.0,
18,50,5.0,1800,pedestrian,-45.20158659202865,-0.7716440899890028,-15.080401437177397,-1.9735110658001402,0.5,0.5,0.0,15.0,0.0,
18,50,5.0,1801,car,46.97655149465858,8.553752443293465,4.163221495492908,0.13884786118732062,4.5,1.8,0.0,15.0,0.0,
18,51,5.1000000000000005,1800,pedestrian,-46.853577479539666,-0.9284375423687701,-15.126730374301175,-1.8658801006795096,0.5,0.5,0.0,15.0,0.0,
18,51,5.1000000000000005,1801,car,47.43566792463171,8.623634426549446,4.1756558539198485,0.19492633298266054,4.5,1.8,0.0,15.0,0.0,
18,52,5.2,1800,pedestrian,-48.605785386413785,-1.2353525558349039,-15.075023473950402,-1.7908511050876097,0.5,0.5,0.0,15.0,0.0,
18,52,5.2,1801,car,47.72970530740588,8.461263943243491,4.184031943270697,0.2191969539202927,4.5,1.8,0.0,15.0,0.0,
18,53,5.300000000000001,1800,pedestrian,-50.09854949609102,-1.420400573938115,-15.167616226380767,-1.809601612041816,0.5,0.5,0.0,15.0,0.0,
18,53,5.300000000000001,1801,car,48.125518398634036,8.428359618484201,4.088095021926013,0.24843378058653204,4.5,1.8,0.0,15.0,0.0,
18,54,5.4,1800,pedestrian,-51.5287348705703,-1.6808251912117445,-15.176914806787282,-1.8344471891171164,0.5,0.5,0.0,15.0,0.0,
18,54,5.4,1801,car,48.485608674182615,8.502519585103531,4.11396096952387,0.3021723424834092,4.5,1.8,0.0,15.0,0.0,
18,55,5.5,1800,pedestrian,-52.941033449246746,-1.8814505194456068,-15.034809584981643,-1.7569495912256778,0.5,0.5,0.0,15.0,0.0,
18,55,5.5,1801,car,48.83119077748413,8.545396698011093,4.014670303061518,0.3035352241247561,4.5,1.8,0.0,15.0,0.0,
18,56,5.6000000000000005,1800,pedestrian,-54.27714493148832,-1.7790150315313489,-15.040873511599873,-1.7402054719740276,0.5,0.5,0.0,15.0,0.0,
18,56,5.6000000000000005,1801,car,49.29318901068022,8.77372057757591,3.9655215861616404,0.436310876560724,4.5,1.8,0.0,15.0,0.0,
18,57,5.7,1800,pedestrian,-55.81293947132509,-2.0700509726208054,-15.056636571795996,-1.7806857222588464,0.5,0.5,0.0,15.0,0.0,
18,57,5.7,1801,car,49.731666738458905,8.652112251468589,3.9726035880646857,0.4695093235283795,4.5,1.8,0.0,15.0,0.0,
18,58,5.800000000000001,1800,pedestrian,-57.170319729253734,-2.1800589360847273,-14.985572847846079,-1.8109691058942579,0.5,0.5,0.0,15.0,0.0,
18,58,5.800000000000001,1801,car,50.16834612288979,8.476140484375316,3.966904190122057,0.48884688764885914,4.5,1.8,0.0,15.0,0.0,
18,59,5.9,1800,pedestrian,-58.62115375977823,-2.5185635638173856,-15.005081143391113,-1.823507130937132,0.5,0.5,0.0,15.0,0.0,
18,59,5.9,1801,car,50.522129032269554,8.597525757804156,3.956062818392139,0.4938132356787879,4.5,1.8,0.0,15.0,0.0,
18,60,6.0,1800,pedestrian,-60.17062383404423,-2.59443183272709,-14.948119434075373,-1.8389242181590795,0.5,0.5,0.0,15.0,0.0,
18,60,6.0,1801,car,51.20279423742899,8.570259301598732,4.006422664086152,0.44626320194941943,4.5,1.8,0.0,15.0,0.0,
18,61,6.1000000000000005,1800,pedestrian,-61.588133352625476,-2.7088238551963553,-14.998706339942963,-1.8454543663843577,0.5,0.5,0.0,15.0,0.0,
18,61,6.1000000000000005,1801,car,51.79021044847406,8.533455464768862,4.02651596344205,0.46303739626366824,4.5,1.8,0.0,15.0,0.0,
18,62,6.2,1800,pedestrian,-63.09223228207662,-3.0664823305888764,-14.957275088227298,-1.8448735522909367,0.5,0.5,0.0,15.0,0.0,
18,62,6.2,1801,car,52.30324661208854,8.602935014915511,4.029739425021897,0.48166444789553675,4.5,1.8,0.0,15.0,0.0,
18,63,6.300000000000001,1800,pedestrian,-64.68671287234369,-3.095159063091102,-14.976045805366523,-1.863001629004566,0.5,0.5,0.0,15.0,0.0,
18,63,6.300000000000001,1801,car,52.83545018631593,8.675835679255737,4.017916923432095,0.5023554525732019,4.5,1.8,0.0,15.0,0.0,
18,64,6.4,1800,pedestrian,-66.12171904501768,-3.293293188665931,-14.929929301115784,-1.9265293474876048,0.5,0.5,0.0,15.0,0.0,
18,64,6.4,1801,car,53.263422857564635,8.806098192928694,4.0490066786796355,0.3903029796894925,4.5,1.8,0.0,15.0,0.0,
18,65,6.5,1800,pedestrian,-67.62737123068298,-3.60734981466723,-14.865640715898936,-1.946063042587436,0.5,0.5,0.0,15.0,0.0,
18,65,6.5,1801,car,53.78579391068658,8.723424106722382,4.068538817882896,0.39070000979222735,4.5,1.8,0.0,15.0,0.0,
18,66,6.6000000000000005,1800,pedestrian,-68.83752837626731,-3.6841633501631583,-14.809946502400395,-1.844672655488812,0.5,0.5,0.0,15.0,0.0,
18,66,6.6000000000000005,1801,car,54.221024551601445,8.752543481596767,4.057862623896108,0.4070908426757851,4.5,1.8,0.0,15.0,0.0,
18,67,6.7,1800,pedestrian,-70.59553528832643,-3.8683979949412013,-14.798606925543648,-1.852465179358205,0.5,0.5,0.0,15.0,0.0,
18,67,6.7,1801,car,54.473720061529114,8.778268907269668,3.981177663433037,0.49577872965062114,4.5,1.8,0.0,15.0,0.0,
18,68,6.800000000000001,1800,pedestrian,-72.1011310008276,-4.259914918195647,-14.808932473122148,-1.8076952600338416,0.5,0.5,0.0,15.0,0.0,
18,68,6.800000000000001,1801,car,54.8894456352739,8.736461172751252,3.947265254190941,0.48143636741360285,4.5,1.8,0.0,15.0,0.0,
18,69,6.9,1800,pedestrian,-73.62599059094006,-4.566641058344317,-14.812312360504663,-1.8743819717604733,0.5,0.5,0.0,15.0,0.0,
18,69,6.9,1801,car,55.37907664528123,8.891715394382572,3.897105882354273,0.44560417175918104,4.5,1.8,0.0,15.0,0.0,
18,70,7.0,1800,pedestrian,-75.1495218405039,-4.7572310349517695,-14.799469973333057,-1.851229335968404,0.5,0.5,0.0,15.0,0.0,
18,70,7.0,1801,car,55.81275941966341,9.091662366842224,3.900124085636849,0.3804800960389796,4.5,1.8,0.0,15.0,0.0,
18,71,7.1000000000000005,1800,pedestrian,-76.79038698132116,-4.778775281050404,-14.773987179910556,-1.8409067193951891,0.5,0.5,0.0,15.0,0.0,
18,71,7.1000000000000005,1801,car,56.24767297284471,9.145737268934326,3.92178353079273,0.3618506751111235,4.5,1.8,0.0,15.0,0.0,
18,72,7.2,1800,pedestrian,-78.16226604034847,-5.01535247744886,-14.819151535826776,-1.925448951388859,0.5,0.5,0.0,15.0,0.0,
18,72,7.2,1801,car,56.61607885502538,9.308672592585705,3.8989160236683076,0.2929232813619344,4.5,1.8,0.0,15.0,0.0,
18,73,7.300000000000001,1800,pedestrian,-79.61569838503415,-5.273004152215141,-14.74173818101542,-1.8717190631181966,0.5,0.5,0.0,15.0,0.0,
18,73,7.300000000000001,1801,car,56.87888097790476,9.320575447200008,3.8611524564899646,0.2348980520578785,4.5,1.8,0.0,15.0,0.0,
18,74,7.4,1800,pedestrian,-81.09546565231668,-5.378352782145726,-14.745823545407218,-1.8975266257005514,0.5,0.5,0.0,15.0,0.0,
18,74,7.4,1801,car,57.044372571934645,9.277483720433212,3.888742694562338,0.16780100547595006,4.5,1.8,0.0,15.0,0.0,
18,75,7.5,1800,pedestrian,-82.44179179506516,-5.626468930900455,-14.736137554408238,-1.917483583474455,0.5,0.5,0.0,15.0,0.0,
18,75,7.5,1801,car,57.31561516734871,9.338293426455639,3.8588420593997474,0.1261494472740394,4.5,1.8,0.0,15.0,0.0,
18,76,7.6000000000000005,1800,pedestrian,-84.15302047777439,-5.687948611917582,-14.735830116992789,-1.8621551140967012,0.5,0.5,0.0,15.0,0.0,
18,76,7.6000000000000005,1801,car,57.76351861398828,9.461551613000568,3.830634818634607,0.05752666667898679,4.5,1.8,0.0,15.0,0.0,
18,77,7.7,1800,pedestrian,-85.55033420193227,-5.86114424896068,-14.75914843613881,-1.8250194437096017,0.5,0.5,0.0,15.0,0.0,
18,77,7.7,1801,car,58.17739515535752,9.531198127081932,3.779515097094393,0.10640748977879781,4.5,1.8,0.0,15.0,0.0,
18,78,7.800000000000001,1800,pedestrian,-87.02671211314598,-5.935159176179554,-14.710735770115523,-1.7907045440818572,0.5,0.5,0.0,15.0,0.0,
18,78,7.800000000000001,1801,car,58.54423404395274,9.61279579837195,3.835054374775835,0.1367441330479714,4.5,1.8,0.0,15.0,0.0,
18,79,7.9,1800,pedestrian,-88.47752595558183,-6.043044746156457,-14.737020994886546,-1.7150050665900545,0.5,0.5,0.0,15.0,0.0,
18,79,7.9,1801,car,58.75955674299011,9.629910483757891,3.8147564788462693,0.10469954838161208,4.5,1.8,0.0,15.0,0.0,
19,0,0.0,1900,car,1.7508183344474615,-6.78747438302037,23.716267281415412,-0.06329411161109269,4.5,1.8,0.0,15.0,0.0,
19,0,0.0,1901,car,-9.27239572133319,7.7824545318756,-9.589458599735279,-0.25002233813501884,4.5,1.8,0.0,15.0,0.0,
19,0,0.0,1902,motorcycle,-4.328353491840087,6.160512516376459,4.016702569940631,0.16565874021638446,2.2,0.8,0.0,15.0,0.0,
19,0,0.0,1903,car,20.951442227884645,-0.39324837693990966,15.02818043623889,0.20173203842551973,4.5,1.8,0.0,15.0,0.0,
19,0,0.0,1904,car,59.06661292147599,-7.312820834571594,21.806718837922766,0.25993272317027655,4.5,1.8,0.0,15.0,0.0,
19,1,0.1,1900,car,4.072749251940133,-6.615501717109921,23.700260646883148,-0.06643540247735778,4.5,1.8,0.0,15.0,0.0,
19,1,0.1,1901,car,-10.277991529524604,7.903903104325034,-9.60169031473024,-0.3126141031968968,4.5,1.8,0.0,15.0,0.0,
19,1,0.1,1902,motorcycle,-3.6688017225908753,6.03957604639812,4.011833558467506,0.12356902505313852,2.2,0.8,0.0,15.0,0.0,
19,1,0.1,1903,car,22.384100163448526,-0.47905841775902236,15.001180828192936,0.2509337010322282,4.5,1.8,0.0,15.0,0.0,
19,1,0.1,1904,car,61.05708618304489,-7.160746803999123,21.861138741257914,0.28538568532068426,4.5,1.8,0.0,15.0,0.0,
19,2,0.2,1900,car,6.455392364385475,-6.594481338175303,23.771431268396988,-0.15372463920132512,4.5,1.8,0.0,15.0,0.0,
19,2,0.2,1901,car,-11.165431592014107,7.798024498677728,-9.560402938622438,-0.34329412044888663,4.5,1.8,0.0,15.0,0.0,
19,2,0.2,1902,motorcycle,-3.1969313705795983,5.897084415397334,3.9272048873945433,0.11791588303295968,2.2,0.8,0.0,15.0,0.0,
19,2,0.2,1903,car,24.027771248893607,-0.4003366055387742,15.027636551329016,0.2939433917076793,4.5,1.8,0.0,15.0,0.0,
19,2,0.2,1904,car,63.20350241560994,-7.07113334940346,21.83215509258627,0.2696849392729884,4.5,1.8,0.0,15.0,0.0,
19,3,0.30000000000000004,1900,car,8.813550540575795,-6.664406573052173,23.768128741143755,-0.16645254416287808,4.5,1.8,0.0,15.0,0.0,
19,3,0.30000000000000004,1901,car,-12.192238384027224,7.749634915666102,-9.552639634227672,-0.39828733492605334,4.5,1.8,0.0,15.0,0.0,
19,3,0.30000000000000004,1902,motorcycle,-2.762465240798829,5.859507991801262,3.937115076120751,0.08465102103287653,2.2,0.8,0.0,15.0,0.0,
19,3,0.30000000000000004,1903,car,25.635584444360045,-0.2753306953161008,14.975167112714828,0.3201933502027521,4.5,1.8,0.0,15.0,0.0,
19,3,0.30000000000000004,1904,car,65.53134508062314,-7.138982726690299,21.788707374618365,0.30643791186270375,4.5,1.8,0.0,15.0,0.0,
19,4,0.4,1900,car,11.059645567154279,-6.758803121717673,23.717395479411028,-0.12907832942333755,4.5,1.8,0.0,15.0,0.0,
19,4,0.4,1901,car,-13.216745323328217,7.681345841690823,-9.590055846163668,-0.34086165989061,4.5,1.8,0.0,15.0,0.0,
19,4,0.4,1902,motorcycle,-2.45469242904016,5.727213088339619,3.8647754580866254,0.11933400276211818,2.2,0.8,0.0,15.0,0.0,
19,4,0.4,1903,car,27.209687668281248,-0.11845590455066529,14.912118446884216,0.3086327429981921,4.5,1.8,0.0,15.0,0.0,
19,4,0.4,1904,car,67.95294575884893,-7.138570597002928,21.760536942971502,0.30538742583885037,4.5,1.8,0.0,15.0,0.0,
19,5,0.5,1900,car,13.484380192450272,-6.720387632559736,23.686673918292435,-0.15833009389088032,4.5,1.8,0.0,15.0,0.0,
19,5,0.5,1901,car,-14.205396913761389,7.574251011324679,-9.65179399997992,-0.25046408395893616,4.5,1.8,0.0,15.0,0.0,
19,5,0.5,1902,motorcycle,-2.108907344654067,5.704122171328166,3.8488211278974944,0.11530850274498691,2.2,0.8,0.0,15.0,0.0,
19,5,0.5,1903,car,28.744375489922398,-0.13411181061668592,14.969086123353291,0.33852353696018306,4.5,1.8,0.0,15.0,0.0,
19,5,0.5,1904,car,70.10990959208365,-7.1746553167686855,21.814783269771198,0.2972853164517826,4.5,1.8,0.0,15.0,0.0,
19,6,0.6000000000000001,1900,car,15.728772459244114,-6.634114189619366,23.650357495871773,-0.11490505509921659,4.5,1.8,0.0,15.0,0.0,
19,6,0.6000000000000001,1901,car,-15.422003080780671,7.512338351804709,-9.593795569943119,-0.25020754745412366,4.5,1.8,0.0,15.0,0.0,
19,6,0.6000000000000001,1902,motorcycle,-1.6642117031003059,5.6254599479309375,3.8662063892381204,0.11549611609451726,2.2,0.8,0.0,15.0,0.0,
19,6,0.6000000000000001,1903,car,30.265617508764596,0.10366853349500094,15.03431560519109,0.3781232042166968,4.5,1.8,0.0,15.0,0.0,
19,6,0.6000000000000001,1904,car,72.37184983315127,-7.23584237132052,21.79122181545164,0.22065622953634945,4.5,1.8,0.0,15.0,0.0,
19,7,0.7000000000000001,1900,car,17.966849672593177,-6.7342580775950704,23.64890126674178,-0.17615548996485644,4.5,1.8,0.0,15.0,0.0,
19,7,0.7000000000000001,1901,car,-16.385299656433684,7.4719146462466535,-9.650507009299673,-0.1739282042276015,4.5,1.8,0.0,15.0,0.0,
19,7,0.7000000000000001,1902,motorcycle,-1.4100436343407086,5.7487420409169445,3.7534925781441753,0.10838445541584696,2.2,0.8,0.0,15.0,0.0,
19,7,0.7000000000000001,1903,car,31.649286585979606,0.07603538215717143,15.124823327967919,0.3607748236135292,4.5,1.8,0.0,15.0,0.0,
19,7,0.7000000000000001,1904,car,74.44051713498958,-7.16501316163056,21.77343446964995,0.22819188791259049,4.5,1.8,0.0,15.0,0.0,
19,8,0.8,1900,car,20.240294343633515,-6.838395269797828,23.609517226651132,-0.1362338328417693,4.5,1.8,0.0,15.0,0.0,
19,8,0.8,1901,car,-17.373033332600222,7.349695801468142,-9.642416035869543,-0.16995422819416697,4.5,1.8,0.0,15.0,0.0,
19,8,0.8,1902,motorcycle,-0.9773340967221584,5.7114003631458665,3.7496140026021707,0.12946838712201503,2.2,0.8,0.0,15.0,0.0,
19,8,0.8,1903,car,33.060833616293834,0.20073515072461087,15.125645509378181,0.30572418295873677,4.5,1.8,0.0,15.0,0.0,
19,8,0.8,1904,car,76.50701835137073,-7.152133829433079,21.745923179129747,0.2659222190105445,4.5,1.8,0.0,15.0,0.0,
19,9,0.9,1900,car,22.57257087504724,-6.821713996693793,23.567086170830407,-0.13738363164702216,4.5,1.8,0.0,15.0,0.0,
19,9,0.9,1901,car,-18.20572134162782,7.317887549440517,-9.670064244065951,-0.21314447569509604,4.5,1.8,0.0,15.0,0.0,
19,9,0.9,1902,motorcycle,-0.6042497494501601,5.865278678672188,3.6814342811227196,0.12697250280681263,2.2,0.8,0.0,15.0,0.0,
19,9,0.9,1903,car,34.402010976671875,0.19026534798634226,15.138783977576317,0.2267054289540893,4.5,1.8,0.0,15.0,0.0,
19,9,0.9,1904,car,78.63712971460377,-7.09648966153868,21.752480083696817,0.28287013237159825,4.5,1.8,0.0,15.0,0.0,
19,10,1.0,1900,car,24.83181982846364,-6.806441589481666,23.53708575950338,-0.10168216421428047,4.5,1.8,0.0,15.0,0.0,
19,10,1.0,1901,car,-19.40379290000182,7.267612164031794,-9.66512038932433,-0.14567287316693286,4.5,1.8,0.0,15.0,0.0,
19,10,1.0,1902,motorcycle,-0.22742661746526258,5.896804504120874,3.700208792546863,0.18962686283424585,2.2,0.8,0.0,15.0,0.0,
19,10,1.0,1903,car,35.87769993321189,0.07262579144398412,15.059056613770093,0.25991519196459445,4.5,1.8,0.0,15.0,0.0,
19,10,1.0,1904,car,80.83469842239802,-7.093836895212217,21.723175360617734,0.29191176762347915,4.5,1.8,0.0,15.0,0.0,
19,11,1.1,1900,car,27.20650072708742,-6.768626825098079,23.481652412981628,-0.18989744253308208,4.5,1.8,0.0,15.0,0.0,
19,11,1.1,1901,car,-20.461657626805007,7.117931990782186,-9.735266686049608,-0.0671860556977031,4.5,1.8,0.0,15.0,0.0,
19,11,1.1,1902,motorcycle,-0.0841059355564909,5.962737661384813,3.7455587032719464,0.23900009453873355,2.2,0.8,0.0,15.0,0.0,
19,11,1.1,1903,car,37.411328796319765,0.23060828021581592,15.148226600316152,0.2448036395099652,4.5,1.8,0.0,15.0,0.0,
19,11,1.1,1904,car,83.05176312848792,-6.937066310214404,21.68007739627131,0.279666372287933,4.5,1.8,0.0,15.0,0.0,
19,12,1.2000000000000002,1900,car,29.49208381110765,-6.741518771722633,23.386747450314896,-0.11806609355987235,4.5,1.8,0.0,15.0,0.0,
19,12,1.2000000000000002,1901,car,-21.3818046389749,7.170207502362415,-9.853432393605251,-0.1191930103826714,4.5,1.8,0.0,15.0,0.0,
19,12,1.2000000000000002,1902,motorcycle,0.4394968517909419,5.968897083796898,3.6593555076335544,0.25008120243261767,2.2,0.8,0.0,15.0,0.0,
19,12,1.2000000000000002,1903,car,38.99406726674007,0.3082378821773915,15.140706339585844,0.30158181918813426,4.5,1.8,0.0,15.0,0.0,
19,12,1.2000000000000002,1904,car,85.14956966952805,-6.855090769752728,21.686828278444615,0.27301205501544923,4.5,1.8,0.0,15.0,0.0,
19,13,1.3,1900,car,31.792858881654983,-6.787684620416119,23.388360121126567,-0.1327021334776915,4.5,1.8,0.0,15.0,0.0,
19,13,1.3,1901,car,-22.29384088714769,7.104689669699753,-9.775017843738262,-0.14822643630740887,4.5,1.8,0.0,15.0,0.0,
19,13,1.3,1902,motorcycle,0.8974404806586583,6.09022689064978,3.6676486159005184,0.2539192014444317,2.2,0.8,0.0,15.0,0.0,
19,13,1.3,1903,car,40.43524119912773,0.2866889191319107,15.151695519392323,0.2993250392547471,4.5,1.8,0.0,15.0,0.0,
19,13,1.3,1904,car,87.43656091497158,-6.873248543626048,21.667125055397108,0.18977552465725478,4.5,1.8,0.0,15.0,0.0,
19,14,1.4000000000000001,1900,car,34.1960476801392,-6.745632951569495,23.43721421592623,-0.0810303199975563,4.5,1.8,0.0,15.0,0.0,
19,14,1.4000000000000001,1901,car,-23.192448017576343,7.1729786210658215,-9.74451440559524,-0.11002177050650175,4.5,1.8,0.0,15.0,0.0,
19,14,1.4000000000000001,1902,motorcycle,1.0800091710343247,6.005639739618534,3.6044889146690573,0.3174278519920718,2.2,0.8,0.0,15.0,0.0,
19,14,1.4000000000000001,1903,car,41.87211479532774,0.25433520492315514,15.152028382721817,0.23714106689870404,4.5,1.8,0.0,15.0,0.0,
19,14,1.4000000000000001,1904,car,89.64132789844535,-7.067310011431254,21.608250571550908,0.1997163340582741,4.5,1.8,0.0,15.0,0.0,
19,15,1.5,1900,car,36.41560547845511,-6.623824673205547,23.43952818785791,-0.024426813369474644,4.5,1.8,0.0,15.0,0.0,
19,15,1.5,1901,car,-24.131107793050557,7.160783467020937,-9.794342513342956,-0.06356445809154218,4.5,1.8,0.0,15.0,0.0,
19,15,1.5,1902,motorcycle,1.4845835284017597,6.245847315073299,3.645908933065117,0.2975577031777959,2.2,0.8,0.0,15.0,0.0,
19,15,1.5,1903,car,43.41625979088503,0.32026310934879476,15.210176297533542,0.30323456491667944,4.5,1.8,0.0,15.0,0.0,
19,15,1.5,1904,car,91.7859554257744,-7.168890485872849,21.515558640597,0.14273886107232286,4.5,1.8,0.0,15.0,0.0,
19,16,1.6,1900,car,38.700380652663675,-6.475833817593454,23.515503462300803,0.023581189338271746,4.5,1.8,0.0,15.0,0.0,
19,16,1.6,1901,car,-24.987502157003657,7.083687747648498,-9.870108301945535,-0.11389088540961287,4.5,1.8,0.0,15.0,0.0,
19,16,1.6,1902,motorcycle,1.6456925649488916,6.16420756021753,3.620611584246346,0.3058928873149107,2.2,0.8,0.0,15.0,0.0,
19,16,1.6,1903,car,44.95082314573689,0.2816229030895928,15.238623694454413,0.26971258069645354,4.5,1.8,0.0,15.0,0.0,
19,16,1.6,1904,car,93.93851575989817,-7.265614823976929,21.569992006199218,0.14378059234411575,4.5,1.8,0.0,15.0,0.0,
19,17,1.7000000000000002,1900,car,41.119813500490494,-6.595095037371603,23.524224670861557,0.052197875572714714,4.5,1.8,0.0,15.0,0.0,
19,17,1.7000000000000002,1901,car,-26.178899718415078,7.1891083592678715,-9.932579531151097,-0.10334587463677133,4.5,1.8,0.0,15.0,0.0,
19,17,1.7000000000000002,1902,motorcycle,2.186524015181521,6.290287150182589,3.546114688271133,0.2969911321858805,2.2,0.8,0.0,15.0,0.0,
19,17,1.7000000000000002,1903,car,46.598028490855604,0.22691665957657042,15.220629707348824,0.2503184613777303,4.5,1.8,0.0,15.0,0.0,
19,17,1.7000000000000002,1904,car,96.15251885309033,-7.404935907575591,21.601297517077096,0.11264063339880606,4.5,1.8,0.0,15.0,0.0,
19,18,1.8,1900,car,43.47110226710516,-6.612362378523419,23.554213012901908,0.051145867864779794,4.5,1.8,0.0,15.0,0.0,
19,18,1.8,1901,car,-27.028114227301224,7.2777166780256355,-9.972345666023326,-0.03508098632866577,4.5,1.8,0.0,15.0,0.0,
19,18,1.8,1902,motorcycle,2.573076109521545,6.336974598034017,3.5885251408749954,0.24493370143314694,2.2,0.8,0.0,15.0,0.0,
19,18,1.8,1903,car,47.98214763438997,0.25444265239899533,15.190314615496513,0.35400438995639627,4.5,1.8,0.0,15.0,0.0,
19,18,1.8,1904,car,98.23621632337657,-7.3896471094460665,21.61089574072497,0.17420434137946628,4.5,1.8,0.0,15.0,0.0,
19,19,1.9000000000000001,1900,car,45.727067466190896,-6.768454331633794,23.623934753260393,0.05517181207184675,4.5,1.8,0.0,15.0,0.0,
19,19,1.9000000000000001,1901,car,-27.9443745416402,7.359878303093236,-9.920845237235042,-0.05397415974591724,4.5,1.8,0.0,15.0,0.0,
19,19,1.9000000000000001,1902,motorcycle,2.8670351079720846,6.161842264582594,3.538780069084642,0.24804125602156527,2.2,0.8,0.0,15.0,0.0,
19,19,1.9000000000000001,1903,car,49.43103947156969,0.17575300517652848,15.192835693474205,0.42115149212448244,4.5,1.8,0.0,15.0,0.0,
19,19,1.9000000000000001,1904,car,100.39170431353249,-7.485508634393929,21.67451697642066,0.13549846893644524,4.5,1.8,0.0,15.0,0.0,
19,20,2.0,1900,car,48.23739811380675,-6.789250510146952,23.62909125863942,0.13321646585178729,4.5,1.8,0.0,15.0,0.0,
19,20,2.0,1901,car,-29.07160880685946,7.249470359941522,-9.93717263531487,-0.0609725549131783,4.5,1.8,0.0,15.0,0.0,
19,20,2.0,1902,motorcycle,3.4851200929256394,6.097840257985212,3.473567694351857,0.20124951106481706,2.2,0.8,0.0,15.0,0.0,
19,20,2.0,1903,car,50.97353634551851,0.2670717307422476,15.1574813389053,0.422203299298489,4.5,1.8,0.0,15.0,0.0,
19,20,2.0,1904,car,102.75367624507948,-7.4684419393142045,21.690566477583292,0.22994787961762608,4.5,1.8,0.0,15.0,0.0,
19,21,2.1,1900,car,50.530504668185806,-6.852269735419499,23.605607153622046,0.10682093997138387,4.5,1.8,0.0,15.0,0.0,
19,21,2.1,1901,car,-30.24742738162544,7.257172518749808,-9.926325570202307,-0.07026548240477637,4.5,1.8,0.0,15.0,0.0,
19,21,2.1,1902,motorcycle,3.8572239466442255,6.1437760930966885,3.4077600958804424,0.21568150842065356,2.2,0.8,0.0,15.0,0.0,
19,21,2.1,1903,car,52.54513568728222,0.1495819142020385,15.230637140023738,0.3604134841532462,4.5,1.8,0.0,15.0,0.0,
19,21,2.1,1904,car,104.80890908102892,-7.425251620166393,21.717301417122457,0.26883144484741267,4.5,1.8,0.0,15.0,0.0,
19,22,2.2,1900,car,52.94716461706886,-6.8935579428580604,23.611035218296347,0.0909874213040633,4.5,1.8,0.0,15.0,0.0,
19,22,2.2,1901,car,-31.222634034953202,7.256991636469933,-9.951571000681112,-0.0876263782129243,4.5,1.8,0.0,15.0,0.0,
19,22,2.2,1902,motorcycle,4.012779523701984,6.248357245904812,3.4226379712298716,0.10034750095152224,2.2,0.8,0.0,15.0,0.0,
19,22,2.2,1903,car,54.14751542815802,0.18032048176171542,15.183796034205669,0.30914222518498097,4.5,1.8,0.0,15.0,0.0,
19,22,2.2,1904,car,106.9118170058664,-7.491521009079472,21.677442017100592,0.35386315566523546,4.5,1.8,0.0,15.0,0.0,
19,23,2.3000000000000003,1900,car,55.34538073833676,-6.680858168940307,23.62232214907736,0.11995070730825486,4.5,1.8,0.0,15.0,0.0,
19,23,2.3000000000000003,1901,car,-32.30586165432808,7.2314261604040695,-9.955655009238026,-0.05662175594493683,4.5,1.8,0.0,15.0,0.0,
19,23,2.3000000000000003,1902,motorcycle,4.350094962749752,6.293524745173175,3.4384143650828247,0.08520461732551093,2.2,0.8,0.0,15.0,0.0,
19,23,2.3000000000000003,1903,car,55.62532592513615,0.1443353908107195,15.237911218657104,0.29402064461906036,4.5,1.8,0.0,15.0,0.0,
19,23,2.3000000000000003,1904,car,109.11245095802254,-7.471790206978482,21.730572886744458,0.25445877266411954,4.5,1.8,0.0,15.0,0.0,
19,24,2.4000000000000004,1900,car,57.73790993780417,-6.7943541481802665,23.64185722405076,0.1126233797405445,4.5,1.8,0.0,15.0,0.0,
19,24,2.4000000000000004,1901,car,-33.44926326609934,7.259527963491245,-9.944445918255106,-0.06818281381577454,4.5,1.8,0.0,15.0,0.0,
19,24,2.4000000000000004,1902,motorcycle,4.683479841508237,6.318196315155539,3.497325375242355,0.06948827389887413,2.2,0.8,0.0,15.0,0.0,
19,24,2.4000000000000004,1903,car,57.25042024264152,0.16999242821410718,15.302697949883006,0.2822635611960371,4.5,1.8,0.0,15.0,0.0,
19,24,2.4000000000000004,1904,car,111.21887582504945,-7.556111980169983,21.728882112367003,0.2148001189659776,4.5,1.8,0.0,15.0,0.0,
19,25,2.5,1900,car,60.242544494314544,-6.87021306438221,23.607356055577352,0.14167753519173026,4.5,1.8,0.0,15.0,0.0,
19,25,2.5,1901,car,-34.325128662723976,7.3258142194255775,-9.891511684432754,-0.0721936188126325,4.5,1.8,0.0,15.0,0.0,
19,25,2.5,1902,motorcycle,5.026599865186105,6.526320929271287,3.5818388109360737,0.10519839197083879,2.2,0.8,0.0,15.0,0.0,
19,25,2.5,1903,car,58.891350691397186,0.2840720497680107,15.242399227076477,0.2802809556979361,4.5,1.8,0.0,15.0,0.0,
19,25,2.5,1904,car,113.54144146518762,-7.4625980504405245,21.72570262933862,0.29023800897751845,4.5,1.8,0.0,15.0,0.0,
19,26,2.6,1900,car,62.64021029066515,-6.780487347033973,23.62608262786595,0.16873564843565547,4.5,1.8,0.0,15.0,0.0,
19,26,2.6,1901,car,-35.25301291447711,7.448562265237626,-9.820013858330498,-0.09474817476341423,4.5,1.8,0.0,15.0,0.0,
19,26,2.6,1902,motorcycle,5.420334854874556,6.663941660323107,3.5752608408354307,0.039753583660257844,2.2,0.8,0.0,15.0,0.0,
19,26,2.6,1903,car,60.32472579482503,0.2281422414558787,15.219490276892387,0.24296954024887726,4.5,1.8,0.0,15.0,0.0,
19,26,2.6,1904,car,115.81692233644368,-7.4612566579068105,21.78875771497119,0.23372334154886995,4.5,1.8,0.0,15.0,0.0,
19,27,2.7,1900,car,64.9674862756929,-6.753186046803254,23.66661570788073,0.2259169866959611,4.5,1.8,0.0,15.0,0.0,
19,27,2.7,1901,car,-36.28884602950129,7.5384292986021455,-9.904108499530325,-0.05118161556286675,4.5,1.8,0.0,15.0,0.0,
19,27,2.7,1902,motorcycle,5.643754435711015,6.712581412740408,3.6317201672477117,0.08411510063069452,2.2,0.8,0.0,15.0,0.0,
19,27,2.7,1903,car,61.68275703145935,0.20771595427915335,15.25533693295419,0.2773842859554955,4.5,1.8,0.0,15.0,0.0,
19,27,2.7,1904,car,118.02339122714865,-7.658045048975513,21.848660158023886,0.30253636104027437,4.5,1.8,0.0,15.0,0.0,
19,28,2.8000000000000003,1900,car,67.35052183156041,-6.707736554458526,23.691768726896694,0.2989391268671984,4.5,1.8,0.0,15.0,0.0,
19,28,2.8000000000000003,1901,car,-37.254201461090666,7.514193672514624,-9.885032493856182,-0.051737109461712345,4.5,1.8,0.0,15.0,0.0,
19,28,2.8000000000000003,1902,motorcycle,6.006951400005385,6.544406985695157,3.6578617470484844,0.1426878530693247,2.2,0.8,0.0,15.0,0.0,
19,28,2.8000000000000003,1903,car,63.310328001131715,0.33055352980458397,15.252686817392615,0.2846680956142956,4.5,1.8,0.0,15.0,0.0,
19,28,2.8000000000000003,1904,car,120.3273975126692,-7.5410559835553075,21.922977970687498,0.2689005387612193,4.5,1.8,0.0,15.0,0.0,
19,29,2.9000000000000004,1900,car,69.65180310817496,-6.7110994742589245,23.644617094139708,0.2328663714646344,4.5,1.8,0.0,15.0,0.0,
19,29,2.9000000000000004,1901,car,-38.195840987870184,7.5490750010145105,-9.872721199244442,-0.03404984731252067,4.5,1.8,0.0,15.0,0.0,
19,29,2.9000000000000004,1902,motorcycle,6.22636640516565,6.510670522484936,3.6431883248541577,0.14511315521954593,2.2,0.8,0.0,15.0,0.0,
19,29,2.9000000000000004,1903,car,64.68962038107728,0.26624122093360686,15.230862894788318,0.33758236570266653,4.5,1.8,0.0,15.0,0.0,
19,29,2.9000000000000004,1904,car,122.545882338587,-7.412009310081537,21.916856413844712,0.2689499834299713,4.5,1.8,0.0,15.0,0.0,
19,30,3.0,1900,car,72.06617240933464,-6.705533918813636,23.613380819959737,0.15837710029881774,4.5,1.8,0.0,15.0,0.0,
19,30,3.0,1901,car,-39.242904825258336,7.629288741946496,-9.809687492109681,-0.07270769239038724,4.5,1.8,0.0,15.0,0.0,
19,30,3.0,1902,motorcycle,6.417311489311236,6.617842925352839,3.646653258236602,0.07776081414677201,2.2,0.8,0.0,15.0,0.0,
19,30,3.0,1903,car,65.90162772891364,0.20365839339944963,15.207715601437116,0.27999981975915894,4.5,1.8,0.0,15.0,0.0,
19,30,3.0,1904,car,124.80675861661399,-7.466371094318065,21.917476511085656,0.3876244478676202,4.5,1.8,0.0,15.0,0.0,
19,31,3.1,1900,car,74.43925662127585,-6.701248046837853,23.608734433964063,0.19182782394071696,4.5,1.8,0.0,15.0,0.0,
19,31,3.1,1901,car,-40.169365070243884,7.521662524920743,-9.83024513844644,-0.10607413965503906,4.5,1.8,0.0,15.0,0.0,
19,31,3.1,1902,motorcycle,6.753712501182332,6.808281106907854,3.677525634296398,0.07377268373785294,2.2,0.8,0.0,15.0,0.0,
19,31,3.1,1903,car,67.5468525071238,0.2505055025171456,15.125813083235837,0.36319805466470745,4.5,1.8,0.0,15.0,0.0,
19,31,3.1,1904,car,126.98286637376256,-7.653211323926369,21.83749520046878,0.44400871893007693,4.5,1.8,0.0,15.0,0.0,
19,32,3.2,1900,car,76.64179010887983,-6.547142809715245,23.612786813407098,0.22752253169062386,4.5,1.8,0.0,15.0,0.0,
19,32,3.2,1901,car,-41.17807022564929,7.563391596547469,-9.81441677830761,-0.10800064684507409,4.5,1.8,0.0,15.0,0.0,
19,32,3.2,1902,motorcycle,7.014921191388807,6.851511212852597,3.586674429418963,0.1203477498226371,2.2,0.8,0.0,15.0,0.0,
19,32,3.2,1903,car,69.07913331925205,0.33324495879222493,14.994967754566078,0.3069113694540113,4.5,1.8,0.0,15.0,0.0,
19,32,3.2,1904,car,129.11603927450753,-7.5414426282903015,21.79035465362529,0.5714089066451119,4.5,1.8,0.0,15.0,0.0,
19,33,3.3000000000000003,1900,car,78.97673752761877,-6.625990107042782,23.60344431986082,0.17997515868696115,4.5,1.8,0.0,15.0,0.0,
19,33,3.3000000000000003,1901,car,-42.27794605206934,7.653689494599402,-9.788754747740075,-0.08219342543484809,4.5,1.8,0.0,15.0,0.0,
19,33,3.3000000000000003,1902,motorcycle,7.501263943289077,6.91221318673363,3.533304075914139,0.15577992902063836,2.2,0.8,0.0,15.0,0.0,
19,33,3.3000000000000003,1903,car,70.46596822237476,0.3161322275072026,14.992681848832147,0.29955235911205613,4.5,1.8,0.0,15.0,0.0,
19,33,3.3000000000000003,1904,car,131.11595642479833,-7.58106219225943,21.789229220984637,0.5408745711232817,4.5,1.8,0.0,15.0,0.0,
19,34,3.4000000000000004,1900,car,81.44970774444245,-6.478244014529468,23.54742502072062,0.18296289604096166,4.5,1.8,0.0,15.0,0.0,
19,34,3.4000000000000004,1901,car,-43.09854977839319,7.632048361534284,-9.80910372150606,-0.03918237742083722,4.5,1.8,0.0,15.0,0.0,
19,34,3.4000000000000004,1902,motorcycle,7.8271741710585925,7.054878197951648,3.503566749494012,0.13205053231353883,2.2,0.8,0.0,15.0,0.0,
19,34,3.4000000000000004,1903,car,72.04425205396754,0.35614183576660613,14.998102151688125,0.2040857852326815,4.5,1.8,0.0,15.0,0.0,
19,34,3.4000000000000004,1904,car,133.25953801414113,-7.440570989531429,21.750043721877937,0.5759079744052721,4.5,1.8,0.0,15.0,0.0,
19,35,3.5,1900,car,83.83124922871275,-6.479919235676828,23.615312753867403,0.16597069475363285,4.5,1.8,0.0,15.0,0.0,
19,35,3.5,1901,car,-44.106474853998115,7.607016485357258,-9.805077476106138,-0.0008344989850984086,4.5,1.8,0.0,15.0,0.0,
19,35,3.5,1902,motorcycle,8.030275326577389,7.154887778010131,3.506971652879203,0.1597522613036056,2.2,0.8,0.0,15.0,0.0,
19,35,3.5,1903,car,73.78324731079563,0.32538437417445876,14.93686862312535,0.21377573665727048,4.5,1.8,0.0,15.0,0.0,
19,35,3.5,1904,car,135.46975906996778,-7.295819259151676,21.723124884678825,0.5344026308526435,4.5,1.8,0.0,15.0,0.0,
19,36,3.6,1900,car,86.03948341878726,-6.600071519089256,23.594514642802494,0.160141447957677,4.5,1.8,0.0,15.0,0.0,
19,36,3.6,1901,car,-44.880469184969044,7.437674703886931,-9.788307409746986,-0.03713129165024424,4.5,1.8,0.0,15.0,0.0,
19,36,3.6,1902,motorcycle,8.403259164228196,7.115539416822835,3.5587408822314903,0.21121178101888483,2.2,0.8,0.0,15.0,0.0,
19,36,3.6,1903,car,75.26562406948918,0.49067314255888217,14.974874056644612,0.28340368483420275,4.5,1.8,0.0,15.0,0.0,
19,36,3.6,1904,car,137.6377578371369,-7.1471991212479375,21.684711730329525,0.4909196791305492,4.5,1.8,0.0,15.0,0.0,
19,37,3.7,1900,car,88.61691744708396,-6.692644563131845,23.572709361167973,0.06524110651190325,4.5,1.8,0.0,15.0,0.0,
19,37,3.7,1901,car,-45.9438862380889,7.334538018308,-9.82182194504842,-0.02213710268056364,4.5,1.8,0.0,15.0,0.0,
19,37,3.7,1902,motorcycle,8.813236790678138,7.035979642398144,3.519257554866703,0.26538729249082343,2.2,0.8,0.0,15.0,0.0,
19,37,3.7,1903,car,76.93364078203129,0.6446051969003402,14.892557500673904,0.3428740419537035,4.5,1.8,0.0,15.0,0.0,
19,37,3.7,1904,car,139.99159789582126,-7.267702082075747,21.73884675817138,0.5021805098840265,4.5,1.8,0.0,15.0,0.0,
19,38,3.8000000000000003,1900,car,90.94147461224097,-6.675502167705735,23.59487238964817,0.12312035912859538,4.5,1.8,0.0,15.0,0.0,
19,38,3.8000000000000003,1901,car,-46.815466979648285,7.181631576149626,-9.854255557657154,-0.01745882663515282,4.5,1.8,0.0,15.0,0.0,
19,38,3.8000000000000003,1902,motorcycle,9.322384419857254,6.789769219454419,3.488715784555513,0.18899275881146815,2.2,0.8,0.0,15.0,0.0,
19,38,3.8000000000000003,1903,car,78.285958776289,0.7774661106399858,14.865963221026757,0.22618914321928024,4.5,1.8,0.0,15.0,0.0,
19,38,3.8000000000000003,1904,car,142.14963866661512,-7.013898082241274,21.64851219833019,0.5288273786576,4.5,1.8,0.0,15.0,0.0,
19,39,3.9000000000000004,1900,car,93.45773223238716,-6.668132399760612,23.691272405634777,0.09012981818052132,4.5,1.8,0.0,15.0,0.0,
19,39,3.9000000000000004,1901,car,-47.656298531586025,7.300879415639689,-9.855882191594949,-0.09181903440577703,4.5,1.8,0.0,15.0,0.0,
19,39,3.9000000000000004,1902,motorcycle,9.571083005820118,6.574249786563847,3.518423280881164,0.21270778427023737,2.2,0.8,0.0,15.0,0.0,
19,39,3.9000000000000004,1903,car,79.78047684358704,0.7878136403058006,14.933842808366084,0.24107905161642695,4.5,1.8,0.0,15.0,0.0,
19,39,3.9000000000000004,1904,car,144.2590253707277,-6.946292518504169,21.750887453835123,0.5599357231496799,4.5,1.8,0.0,15.0,0.0,
19,40,4.0,1900,car,95.78786765151405,-6.663566662289625,23.71444134234106,0.06907551636904535,4.5,1.8,0.0,15.0,0.0,
19,40,4.0,1901,car,-48.69284120422442,7.290565315152107,-9.779927685835851,-0.05227020874758371,4.5,1.8,0.0,15.0,0.0,
19,40,4.0,1902,motorcycle,9.881972447762143,6.682421857719006,3.5188519514731817,0.22993720165304357,2.2,0.8,0.0,15.0,0.0,
19,40,4.0,1903,car,81.29922350656888,0.6008958479203427,14.781471008628863,0.2524101226568482,4.5,1.8,0.0,15.0,0.0,
19,40,4.0,1904,car,146.3488279893275,-7.054225205166638,21.70978698772675,0.6061678495844096,4.5,1.8,0.0,15.0,0.0,
19,41,4.1000000000000005,1900,car,98.19509435443052,-6.57948299037073,23.73709612022601,0.023133917099121493,4.5,1.8,0.0,15.0,0.0,
19,41,4.1000000000000005,1901,car,-49.59317948861389,7.34391226080952,-9.785801851532534,-0.049328199318652365,4.5,1.8,0.0,15.0,0.0,
19,41,4.1000000000000005,1902,motorcycle,10.313104228577913,6.630470646313149,3.5732460997222857,0.25819189988546243,2.2,0.8,0.0,15.0,0.0,
19,41,4.1000000000000005,1903,car,82.77759639710233,0.7792605006421406,14.716754430213012,0.22940088403842834,4.5,1.8,0.0,15.0,0.0,
19,41,4.1000000000000005,1904,car,148.45158160820668,-6.9577993155674305,21.768907640981794,0.557016752633063,4.5,1.8,0.0,15.0,0.0,
19,42,4.2,1900,car,100.89935377317688,-6.643445228329663,23.75513029386309,0.023268232224584157,4.5,1.8,0.0,15.0,0.0,
19,42,4.2,1901,car,-50.56714402241218,7.259738292435651,-9.732424527806252,-0.09202426205097597,4.5,1.8,0.0,15.0,0.0,
19,42,4.2,1902,motorcycle,10.49353593014361,6.54409009307895,3.6455118806874065,0.32071540927595954,2.2,0.8,0.0,15.0,0.0,
19,42,4.2,1903,car,84.04854827182834,0.8835735488780412,14.617657784032685,0.22803949146442204,4.5,1.8,0.0,15.0,0.0,
19,42,4.2,1904,car,150.50769721634185,-6.813019486686962,21.796640686147757,0.6059957155239732,4.5,1.8,0.0,15.0,0.0,
19,43,4.3,1900,car,103.24534282145439,-6.660251299071392,23.68016800441421,-0.028255997720242204,4.5,1.8,0.0,15.0,0.0,
19,43,4.3,1901,car,-51.445533131707805,7.287262362610978,-9.72720777804489,-0.02891857404271904,4.5,1.8,0.0,15.0,0.0,
19,43,4.3,1902,motorcycle,10.728072899662717,6.648176423885421,3.5865540497360087,0.3946091028049273,2.2,0.8,0.0,15.0,0.0,
19,43,4.3,1903,car,85.56476146750897,1.0028276340943334,14.582575445843883,0.33714440272798296,4.5,1.8,0.0,15.0,0.0,
19,43,4.3,1904,car,152.8872170740635,-6.7093820130838635,21.855403771802475,0.59090137592108,4.5,1.8,0.0,15.0,0.0,
19,44,4.4,1900,car,105.48651149866987,-6.5834978470869725,23.63420250001421,0.037255009488970106,4.5,1.8,0.0,15.0,0.0,
19,44,4.4,1901,car,-52.313468095673606,7.307892770260488,-9.718242983909722,0.02054585013476204,4.5,1.8,0.0,15.0,0.0,
19,44,4.4,1902,motorcycle,11.11418470694595,6.647191161435992,3.5108286885363458,0.4425540892757903,2.2,0.8,0.0,15.0,0.0,
19,44,4.4,1903,car,87.0596629121308,1.3121080820610167,14.577779888018949,0.352246205382185,4.5,1.8,0.0,15.0,0.0,
19,44,4.4,1904,car,155.10530780696166,-6.585216239690255,21.807059825482742,0.5870406132821645,4.5,1.8,0.0,15.0,0.0,
19,45,4.5,1900,car,107.93269769055914,-6.613048688980018,23.673711937203525,0.042090807887657435,4.5,1.8,0.0,15.0,0.0,
19,45,4.5,1901,car,-53.24510528730909,7.425060996632245,-9.729610763662295,-0.052046710402900404,4.5,1.8,0.0,15.0,0.0,
19,45,4.5,1902,motorcycle,11.438633582763487,6.60889105225481,3.4045418859602856,0.43722000791716176,2.2,0.8,0.0,15.0,0.0,
19,45,4.5,1903,car,88.53734396683764,1.4494088368801,14.52081436520615,0.35667250660827726,4.5,1.8,0.0,15.0,0.0,
19,45,4.5,1904,car,157.39882292271497,-6.583976898700019,21.83387091344676,0.6669265136998122,4.5,1.8,0.0,15.0,0.0,
19,46,4.6000000000000005,1900,car,110.11382745662121,-6.581574176088111,23.73185643110497,0.024555165861794872,4.5,1.8,0.0,15.0,0.0,
19,46,4.6000000000000005,1901,car,-54.07939036655319,7.483278504071514,-9.641142905406653,-0.022923469158639465,4.5,1.8,0.0,15.0,0.0,
19,46,4.6000000000000005,1902,motorcycle,11.964341641590178,6.6826130559097185,3.3361521042583773,0.405669988906148,2.2,0.8,0.0,15.0,0.0,
19,46,4.6000000000000005,1903,car,90.09126174987401,1.584945051271394,14.50528429272056,0.44688754736124797,4.5,1.8,0.0,15.0,0.0,
19,46,4.6000000000000005,1904,car,159.5468132502709,-6.471086548143676,21.855585075953694,0.6004030040400363,4.5,1.8,0.0,15.0,0.0,
19,47,4.7,1900,car,112.47596390744515,-6.341085701895257,23.685743086634037,0.05581304472600257,4.5,1.8,0.0,15.0,0.0,
19,47,4.7,1901,car,-55.15894291335663,7.387717239641778,-9.711857292261945,0.024130079532858298,4.5,1.8,0.0,15.0,0.0,
19,47,4.7,1902,motorcycle,12.210818091153106,6.8499294693668435,3.309586097786374,0.4120699519537767,2.2,0.8,0.0,15.0,0.0,
19,47,4.7,1903,car,91.58292826184295,1.4679461737140422,14.515466755233565,0.46438243657059225,4.5,1.8,0.0,15.0,0.0,
19,47,4.7,1904,car,161.8463734565968,-6.506996586679656,21.81473398358037,0.6333804021625342,4.5,1.8,0.0,15.0,0.0,
19,48,4.800000000000001,1900,car,114.98577741363019,-6.3947546480220705,23.62398290384139,0.03997663810175939,4.5,1.8,0.0,15.0,0.0,
19,48,4.800000000000001,1901,car,-56.23146094334609,7.429908357530374,-9.765849031092463,0.07277531508302217,4.5,1.8,0.0,15.0,0.0,
19,48,4.800000000000001,1902,motorcycle,12.563038370263218,6.9915464587231595,3.188420666861484,0.3241624164303375,2.2,0.8,0.0,15.0,0.0,
19,48,4.800000000000001,1903,car,93.16374219981438,1.4424323192665804,14.442147617639069,0.4542475162429649,4.5,1.8,0.0,15.0,0.0,
19,48,4.800000000000001,1904,car,164.0520814296679,-6.459459998405792,21.83813469090501,0.6500054114650334,4.5,1.8,0.0,15.0,0.0,
19,49,4.9,1900,car,117.37619083835726,-6.25591988539411,23.623273887510766,0.03779762547552792,4.5,1.8,0.0,15.0,0.0,
19,49,4.9,1901,car,-57.12776469750851,7.492451859809322,-9.810991943222403,0.0681696277287507,4.5,1.8,0.0,15.0,0.0,
19,49,4.9,1902,motorcycle,12.925703346783985,6.965279886342661,3.161461894061759,0.25458949150289645,2.2,0.8,0.0,15.0,0.0,
19,49,4.9,1903,car,94.31967902527964,1.4504492067193702,14.448511907529264,0.3994768068862233,4.5,1.8,0.0,15.0,0.0,
19,49,4.9,1904,car,166.37368211325352,-6.499129474698926,21.883761218769315,0.670938913384153,4.5,1.8,0.0,15.0,0.0,
19,50,5.0,1900,car,119.95615176631408,-6.198156190570848,23.550960084305046,0.09051595576302547,4.5,1.8,0.0,15.0,0.0,
19,50,5.0,1901,car,-57.939105708334274,7.322047595641321,-9.779035497833283,0.11118537013280236,4.5,1.8,0.0,15.0,0.0,
19,50,5.0,1902,motorcycle,13.220566718185449,6.748543369339228,3.1466639995373376,0.2255360307737767,2.2,0.8,0.0,15.0,0.0,
19,50,5.0,1903,car,95.91750780233893,1.4815377581061726,14.427896349192597,0.3701511834379995,4.5,1.8,0.0,15.0,0.0,
19,50,5.0,1904,car,168.5946329968096,-6.426348764110697,21.844263972395833,0.6841399446019341,4.5,1.8,0.0,15.0,0.0,
19,51,5.1000000000000005,1900,car,122.25552228139635,-6.448330573365062,23.584361229470012,0.11917516082563541,4.5,1.8,0.0,15.0,0.0,
19,51,5.1000000000000005,1901,car,-58.89703534549988,7.288919360395441,-9.782638506086489,0.15214950250288822,4.5,1.8,0.0,15.0,0.0,
19,51,5.1000000000000005,1902,motorcycle,13.47205195197921,6.857061553881503,3.072921617461699,0.2339441609711337,2.2,0.8,0.0,15.0,0.0,
19,51,5.1000000000000005,1903,car,97.36287318226204,1.6188213752270146,14.381949877722551,0.32966067603307425,4.5,1.8,0.0,15.0,0.0,
19,51,5.1000000000000005,1904,car,170.6396099617432,-6.414608215268102,21.857034870970047,0.5942477724382235,4.5,1.8,0.0,15.0,0.0,
19,52,5.2,1900,car,124.56966715337008,-6.375334021985812,23.579217259935508,0.12293543727840898,4.5,1.8,0.0,15.0,0.0,
19,52,5.2,1901,car,-60.0259091142245,7.294129751632377,-9.781204229298144,0.14396300224052366,4.5,1.8,0.0,15.0,0.0,
19,52,5.2,1902,motorcycle,13.79462429311713,6.849543424740289,3.050119745667097,0.18195561789445303,2.2,0.8,0.0,15.0,0.0,
19,52,5.2,1903,car,98.89851433142913,1.5291216082224057,14.389847227736421,0.4203205297666545,4.5,1.8,0.0,15.0,0.0,
19,52,5.2,1904,car,172.93545695169922,-6.304246964254903,21.869521979248354,0.5878592100254152,4.5,1.8,0.0,15.0,0.0,
19,53,5.300000000000001,1900,car,126.83745392726199,-6.3884236155538074,23.60796104215203,0.14242118466915255,4.5,1.8,0.0,15.0,0.0,
19,53,5.300000000000001,1901,car,-60.92515728782396,7.430493238360885,-9.789127087942056,0.1535555765071319,4.5,1.8,0.0,15.0,0.0,
19,53,5.300000000000001,1902,motorcycle,13.90972913137111,7.093358764033281,3.0294273001573107,0.21454024424505663,2.2,0.8,0.0,15.0,0.0,
19,53,5.300000000000001,1903,car,100.2960463303101,1.5273791247928108,14.377997131988211,0.35806459626178266,4.5,1.8,0.0,15.0,0.0,
19,53,5.300000000000001,1904,car,174.87438788494075,-6.129492036291393,21.896807107098372,0.5420664671146503,4.5,1.8,0.0,15.0,0.0,
19,54,5.4,1900,car,129.24344107702876,-6.291788097387995,23.57331002801588,0.16301358250013104,4.5,1.8,0.0,15.0,0.0,
19,54,5.4,1901,car,-61.80338966805946,7.3020135626799245,-9.762456528760536,0.1717749349678844,4.5,1.8,0.0,15.0,0.0,
19,54,5.4,1902,motorcycle,14.400716928343568,7.170516313832086,3.0088832526856484,0.19978079477745145,2.2,0.8,0.0,15.0,0.0,
19,54,5.4,1903,car,101.93618541176279,1.527700533577192,14.407304438730895,0.34614556870521224,4.5,1.8,0.0,15.0,0.0,
19,54,5.4,1904,car,177.17219479661267,-5.962218383291573,21.89567371863161,0.5217284079692418,4.5,1.8,0.0,15.0,0.0,
19,55,5.5,1900,car,131.55771127433835,-6.448212757262089,23.578337974638828,0.1670333952881149,4.5,1.8,0.0,15.0,0.0,
19,55,5.5,1901,car,-62.861248515551885,7.135709943476236,-9.752142253961544,0.18840608535357004,4.5,1.8,0.0,15.0,0.0,
19,55,5.5,1902,motorcycle,14.741069777613351,7.091500547291119,3.028721906957197,0.19085166924031013,2.2,0.8,0.0,15.0,0.0,
19,55,5.5,1903,car,103.4633646459655,1.4648329927586452,14.464814599335462,0.42164488781137155,4.5,1.8,0.0,15.0,0.0,
19,55,5.5,1904,car,179.37337003852753,-5.869678141492468,21.934868347259066,0.47044330535451806,4.5,1.8,0.0,15.0,0.0,
19,56,5.6000000000000005,1900,car,133.86691860352312,-6.413086965517952,23.679682700457125,0.10722808045735216,4.5,1.8,0.0,15.0,0.0,
19,56,5.6000000000000005,1901,car,-63.67269028544885,7.135227913751644,-9.75386410302975,0.24930830296269035,4.5,1.8,0.0,15.0,0.0,
19,56,5.6000000000000005,1902,motorcycle,15.246086916483218,7.152870293379225,3.086959256276335,0.14483628700703566,2.2,0.8,0.0,15.0,0.0,
19,56,5.6000000000000005,1903,car,104.85689927640377,1.371752716684384,14.439035195106172,0.4499066274164727,4.5,1.8,0.0,15.0,0.0,
19,56,5.6000000000000005,1904,car,181.58807141920843,-5.649923540334211,22.037603899038118,0.4636180845882346,4.5,1.8,0.0,15.0,0.0,
19,57,5.7,1900,car,136.1669184325567,-6.2863605675325855,23.742893882445056,0.12929048704664786,4.5,1.8,0.0,15.0,0.0,
19,57,5.7,1901,car,-64.57752058953696,7.215074013535029,-9.803301937512884,0.18837972339448636,4.5,1.8,0.0,15.0,0.0,
19,57,5.7,1902,motorcycle,15.549692652221397,7.147262377558664,3.100806446618623,0.13827504563973356,2.2,0.8,0.0,15.0,0.0,
19,57,5.7,1903,car,106.1304763258263,1.2055240543511583,14.475906715924623,0.41676710399880107,4.5,1.8,0.0,15.0,0.0,
19,57,5.7,1904,car,183.7686193685793,-5.659359196849167,21.991951443924858,0.41662549215006783,4.5,1.8,0.0,15.0,0.0,
19,58,5.800000000000001,1900,car,138.64319145814807,-6.297346550679136,23.77463209724169,0.1677447323291877,4.5,1.8,0.0,15.0,0.0,
19,58,5.800000000000001,1901,car,-65.52619436868751,7.3141163334821115,-9.802586478181906,0.2565704928189431,4.5,1.8,0.0,15.0,0.0,
19,58,5.800000000000001,1902,motorcycle,15.942114937180843,7.256734201379213,3.0538805630295793,0.15143723498497988,2.2,0.8,0.0,15.0,0.0,
19,58,5.800000000000001,1903,car,107.3945646843985,1.3873030587393538,14.444740375272794,0.3925320041554507,4.5,1.8,0.0,15.0,0.0,
19,58,5.800000000000001,1904,car,185.83107820654533,-5.621323813083548,21.978538833311696,0.5077603754669093,4.5,1.8,0.0,15.0,0.0,
19,59,5.9,1900,car,141.10657820656886,-6.332037188751114,23.691320449636063,0.053561206716987705,4.5,1.8,0.0,15.0,0.0,
19,59,5.9,1901,car,-66.60907834450056,7.206651728001937,-9.785155807236022,0.24932314152090426,4.5,1.8,0.0,15.0,0.0,
19,59,5.9,1902,motorcycle,16.24923562108868,7.1769857340295165,3.061482182766596,0.0804169109429658,2.2,0.8,0.0,15.0,0.0,
19,59,5.9,1903,car,108.8302087310216,1.5095809754509877,14.426468736173357,0.4147141953588651,4.5,1.8,0.0,15.0,0.0,
19,59,5.9,1904,car,187.83124561201944,-5.776256255228154,21.994901770091516,0.5601113276300103,4.5,1.8,0.0,15.0,0.0,
19,60,6.0,1900,car,143.45188685418285,-6.112160225853459,23.61915054909879,0.019562016295049632,4.5,1.8,0.0,15.0,0.0,
19,60,6.0,1901,car,-67.57358475541906,7.278021526870892,-9.814350942262262,0.19635989154946165,4.5,1.8,0.0,15.0,0.0,
19,60,6.0,1902,motorcycle,16.61741012588888,7.198351490720918,3.0442511316561847,0.10535763886203045,2.2,0.8,0.0,15.0,0.0,
19,60,6.0,1903,car,110.25922081965011,1.5370781766672215,14.417639889615772,0.37366130768392924,4.5,1.8,0.0,15.0,0.0,
19,60,6.0,1904,car,189.9384614408306,-5.772815354428489,21.996505318741725,0.466547652322058,4.5,1.8,0.0,15.0,0.0,
19,61,6.1000000000000005,1900,car,145.90827637924616,-6.108359898476174,23.56589607053608,0.10039177490181783,4.5,1.8,0.0,15.0,0.0,
19,61,6.1000000000000005,1901,car,-68.5508406167491,7.164142633133784,-9.73576489656959,0.2641032997054136,4.5,1.8,0.0,15.0,0.0,
19,61,6.1000000000000005,1902,motorcycle,16.830957138163804,7.176589242797539,3.021371785843019,0.010884201706897217,2.2,0.8,0.0,15.0,0.0,
19,61,6.1000000000000005,1903,car,111.7334535592011,1.658958847977149,14.450484330271017,0.3752989976946582,4.5,1.8,0.0,15.0,0.0,
19,61,6.1000000000000005,1904,car,192.2323278787335,-5.83969517333128,22.087419398337378,0.4279435469904739,4.5,1.8,0.0,15.0,0.0,
19,62,6.2,1900,car,148.19876522138244,-6.155842297226794,23.53348873479326,0.09075557207820342,4.5,1.8,0.0,15.0,0.0,
19,62,6.2,1901,car,-69.54756158811162,7.203516961567916,-9.776699753536652,0.27243351750642186,4.5,1.8,0.0,15.0,0.0,
19,62,6.2,1902,motorcycle,17.02405158735933,7.250925134966815,3.0573752899782045,0.010594856184929016,2.2,0.8,0.0,15.0,0.0,
19,62,6.2,1903,car,113.11353228009293,1.7276020790117157,14.406101972141316,0.37702600926148133,4.5,1.8,0.0,15.0,0.0,
19,62,6.2,1904,car,194.4258882903118,-5.533909975265805,22.02606677253814,0.2945780491540874,4.5,1.8,0.0,15.0,0.0,
19,63,6.300000000000001,1900,car,150.4883560505512,-6.318319901933332,23.49715399174581,0.025875365196245004,4.5,1.8,0.0,15.0,0.0,
19,63,6.300000000000001,1901,car,-70.61568162971871,7.124269347417484,-9.728552179381788,0.27000704363916905,4.5,1.8,0.0,15.0,0.0,
19,63,6.300000000000001,1902,motorcycle,17.43733439667134,7.256032769002347,3.1038047861264153,-0.004512398986934793,2.2,0.8,0.0,15.0,0.0,
19,63,6.300000000000001,1903,car,114.71359768036129,1.812401497816137,14.367110916092988,0.4079834893569147,4.5,1.8,0.0,15.0,0.0,
19,63,6.300000000000001,1904,car,196.63120480715648,-5.524702938563308,22.030867836730547,0.3321405358598537,4.5,1.8,0.0,15.0,0.0,
19,64,6.4,1900,car,152.62632019135935,-6.350826410186433,23.53128752747569,0.03828672844739765,4.5,1.8,0.0,15.0,0.0,
19,64,6.4,1901,car,-71.701174946597,6.914493814730513,-9.643505846041997,0.26065294117035437,4.5,1.8,0.0,15.0,0.0,
19,64,6.4,1902,motorcycle,17.899119826158888,7.335077804085925,3.0641241082985724,-0.12958408844111788,2.2,0.8,0.0,15.0,0.0,
19,64,6.4,1903,car,116.10409382955115,1.8494756101016065,14.389643917171869,0.35243955902462093,4.5,1.8,0.0,15.0,0.0,
19,64,6.4,1904,car,198.8520922491348,-5.4737246942193405,22.080165495043627,0.3168001851799713,4.5,1.8,0.0,15.0,0.0,
19,65,6.5,1900,car,155.02372488373538,-6.31815404242735,23.57506686113157,-0.002708792903496758,4.5,1.8,0.0,15.0,0.0,
19,65,6.5,1901,car,-72.97261113001007,6.9168728077952535,-9.655054156497835,0.2027769979762481,4.5,1.8,0.0,15.0,0.0,
19,65,6.5,1902,motorcycle,18.054726166024963,7.264649299725971,3.058380246402993,-0.12481269407522524,2.2,0.8,0.0,15.0,0.0,
19,65,6.5,1903,car,117.31452766763867,1.7093655678235482,14.44612169320173,0.342959151848161,4.5,1.8,0.0,15.0,0.0,
19,65,6.5,1904,car,201.0598654351318,-5.5753703386678835,22.079945311660325,0.2980166361303596,4.5,1.8,0.0,15.0,0.0,
19,66,6.6000000000000005,1900,car,157.31937835473727,-6.464608338751246,23.531642504564985,0.095892080497617,4.5,1.8,0.0,15.0,0.0,
19,66,6.6000000000000005,1901,car,-73.97306360396348,7.016112469499276,-9.664874046437202,0.18717119661882814,4.5,1.8,0.0,15.0,0.0,
19,66,6.6000000000000005,1902,motorcycle,18.296963927225487,7.386731229745446,3.077033841214549,-0.16429314933620726,2.2,0.8,0.0,15.0,0.0,
19,66,6.6000000000000005,1903,car,118.71972883531606,1.8512521841362681,14.3041947725789,0.3584842628589342,4.5,1.8,0.0,15.0,0.0,
19,66,6.6000000000000005,1904,car,203.32162011384676,-5.620543317612277,22.0876750270137,0.32313212937858593,4.5,1.8,0.0,15.0,0.0,
19,67,6.7,1900,car,159.54942795573785,-6.370825610392356,23.54650951056706,0.08824339680181159,4.5,1.8,0.0,15.0,0.0,
19,67,6.7,1901,car,-74.92905816975498,7.105548829449292,-9.549068223350677,0.2176685167524257,4.5,1.8,0.0,15.0,0.0,
19,67,6.7,1902,motorcycle,18.685725560228107,7.389654597878145,3.1721164060061726,-0.23759282350491764,2.2,0.8,0.0,15.0,0.0,
19,67,6.7,1903,car,119.97640813192713,1.9024038833874206,14.337201881821748,0.22975348278333688,4.5,1.8,0.0,15.0,0.0,
19,67,6.7,1904,car,205.53004405376288,-5.60627908053825,22.1248829364392,0.3445689064446123,4.5,1.8,0.0,15.0,0.0,
19,68,6.800000000000001,1900,car,161.72325672130785,-6.470006994867749,23.50617002696521,0.125190653598581,4.5,1.8,0.0,15.0,0.0,
19,68,6.800000000000001,1901,car,-75.84650036888853,7.0652432129223754,-9.541840861552261,0.16476818811409555,4.5,1.8,0.0,15.0,0.0,
19,68,6.800000000000001,1902,motorcycle,19.207901070890127,7.423331055593358,3.2114252548283106,-0.1687522717856476,2.2,0.8,0.0,15.0,0.0,
19,68,6.800000000000001,1903,car,121.51175263943111,1.9285318627979096,14.327953633560005,0.29416770354227,4.5,1.8,0.0,15.0,0.0,
19,68,6.800000000000001,1904,car,207.7451858756355,-5.646723968344824,22.223214560234307,0.2977725122202966,4.5,1.8,0.0,15.0,0.0,
19,69,6.9,1900,car,163.90040321649903,-6.358210293614209,23.469607707433077,0.14694548780674804,4.5,1.8,0.0,15.0,0.0,
19,69,6.9,1901,car,-76.61896337142487,6.944235386213298,-9.543886630236825,0.2389386492656885,4.5,1.8,0.0,15.0,0.0,
19,69,6.9,1902,motorcycle,19.597232238712767,7.388473741070195,3.330894232011191,-0.1735181439024156,2.2,0.8,0.0,15.0,0.0,
19,69,6.9,1903,car,122.98423545563998,2.1228840827431514,14.376996812129336,0.3602536835533938,4.5,1.8,0.0,15.0,0.0,
19,69,6.9,1904,car,209.87755338197732,-5.494129238904033,22.231694164783004,0.2604835664981244,4.5,1.8,0.0,15.0,0.0,
19,70,7.0,1900,car,166.26955841158627,-6.324491116017844,23.563012132559237,0.16601027308815813,4.5,1.8,0.0,15.0,0.0,
19,70,7.0,1901,car,-77.65143251388696,6.866986489953147,-9.546256502776389,0.17162036272771003,4.5,1.8,0.0,15.0,0.0,
19,70,7.0,1902,motorcycle,19.858786069765326,7.3467027915468455,3.3097999643154723,-0.13717276378391938,2.2,0.8,0.0,15.0,0.0,
19,70,7.0,1903,car,124.34815237511235,1.911911326634796,14.29270816666276,0.3593627767783342,4.5,1.8,0.0,15.0,0.0,
19,70,7.0,1904,car,212.04204247145495,-5.59174805545003,22.329616731237472,0.3019210725674421,4.5,1.8,0.0,15.0,0.0,
19,71,7.1000000000000005,1900,car,168.6200169088279,-6.284560364459108,23.549755082008886,0.10331951085339582,4.5,1.8,0.0,15.0,0.0,
19,71,7.1000000000000005,1901,car,-78.50298613552552,6.969281534336812,-9.64512319192999,0.18294198783349777,4.5,1.8,0.0,15.0,0.0,
19,71,7.1000000000000005,1902,motorcycle,20.22344928875463,7.300812392282859,3.4146632312470437,-0.03773553047094717,2.2,0.8,0.0,15.0,0.0,
19,71,7.1000000000000005,1903,car,125.73967239525388,1.92556568326322,14.2756946450923,0.3287961581259694,4.5,1.8,0.0,15.0,0.0,
19,71,7.1000000000000005,1904,car,214.18292809332266,-5.510870237024093,22.42768880307375,0.3794251670622078,4.5,1.8,0.0,15.0,0.0,
19,72,7.2,1900,car,171.05391011651946,-6.514939605170633,23.45652760783927,0.15652767617815783,4.5,1.8,0.0,15.0,0.0,
19,72,7.2,1901,car,-79.30556110992565,7.042949195522439,-9.660402207682504,0.2505570383032974,4.5,1.8,0.0,15.0,0.0,
19,72,7.2,1902,motorcycle,20.640274989067226,7.4107833673091,3.321834775883966,-0.02056853486936134,2.2,0.8,0.0,15.0,0.0,
19,72,7.2,1903,car,127.34469897447644,2.0111901421224534,14.323106881673432,0.3306148036512359,4.5,1.8,0.0,15.0,0.0,
19,72,7.2,1904,car,216.43630448585935,-5.33267496608049,22.394199385648403,0.34104321114921854,4.5,1.8,0.0,15.0,0.0,
19,73,7.300000000000001,1900,car,173.35174147482627,-6.496942197305856,23.37602316227253,0.19308062269714157,4.5,1.8,0.0,15.0,0.0,
19,73,7.300000000000001,1901,car,-80.28802601930111,7.15337382536386,-9.766355704008868,0.29343318962754483,4.5,1.8,0.0,15.0,0.0,
19,73,7.300000000000001,1902,motorcycle,21.106147961050937,7.452581297222337,3.3233357252923614,0.0226916300974812,2.2,0.8,0.0,15.0,0.0,
19,73,7.300000000000001,1903,car,128.9041524885179,2.0965442792719187,14.352988940722398,0.4134618973595505,4.5,1.8,0.0,15.0,0.0,
19,73,7.300000000000001,1904,car,218.75184012298888,-5.378596558237619,22.457531480743782,0.3348571466572429,4.5,1.8,0.0,15.0,0.0,
19,74,7.4,1900,car,175.6926720919138,-6.466946092293779,23.424466555655325,0.2805232680799534,4.5,1.8,0.0,15.0,0.0,
19,74,7.4,1901,car,-81.26221944549073,7.355843355337863,-9.75812628837034,0.3635415868136936,4.5,1.8,0.0,15.0,0.0,
19,74,7.4,1902,motorcycle,21.458324840733585,7.405608094586348,3.419440678680699,-0.006702609841538556,2.2,0.8,0.0,15.0,0.0,
19,74,7.4,1903,car,130.27397047477325,2.0122864394534417,14.416352316682516,0.48863426233121676,4.5,1.8,0.0,15.0,0.0,
19,74,7.4,1904,car,221.03490625519862,-5.443498157175698,22.457192541457037,0.3197261791068377,4.5,1.8,0.0,15.0,0.0,
19,75,7.5,1900,car,177.93207188777095,-6.487782921804392,23.449753338220177,0.2502648267207772,4.5,1.8,0.0,15.0,0.0,
19,75,7.5,1901,car,-82.20885868601265,7.2145652940451,-9.674167235480498,0.3439710078873363,4.5,1.8,0.0,15.0,0.0,
19,75,7.5,1902,motorcycle,21.887293796999057,7.423806335745858,3.439565584558374,-0.06330182951537688,2.2,0.8,0.0,15.0,0.0,
19,75,7.5,1903,car,131.63954980802282,1.9873645242823812,14.417619687984555,0.5549420413564349,4.5,1.8,0.0,15.0,0.0,
19,75,7.5,1904,car,223.32395099333147,-5.501559576476585,22.461559240220108,0.3156944873638299,4.5,1.8,0.0,15.0,0.0,
19,76,7.6000000000000005,1900,car,180.24196071150308,-6.464298091714285,23.487938934287154,0.21426850579665535,4.5,1.8,0.0,15.0,0.0,
19,76,7.6000000000000005,1901,car,-83.2108645099273,7.347174475123115,-9.650719096812699,0.4079265985681121,4.5,1.8,0.0,15.0,0.0,
19,76,7.6000000000000005,1902,motorcycle,22.37483532721456,7.281422040775449,3.4539804739388944,-0.08869966089296957,2.2,0.8,0.0,15.0,0.0,
19,76,7.6000000000000005,1903,car,132.9614398700194,1.963939390008142,14.402581270523413,0.5402160070979243,4.5,1.8,0.0,15.0,0.0,
19,76,7.6000000000000005,1904,car,225.5094180485304,-5.471354267252049,22.583891550114572,0.22943355761316714,4.5,1.8,0.0,15.0,0.0,
19,77,7.7,1900,car,182.7044722966639,-6.444708672469079,23.46604499192929,0.11335800199217788,4.5,1.8,0.0,15.0,0.0,
19,77,7.7,1901,car,-84.09966008835116,7.2438703852473285,-9.609324401591635,0.4949931420177998,4.5,1.8,0.0,15.0,0.0,
19,77,7.7,1902,motorcycle,22.591952998249127,7.389388133181892,3.455252442176251,-0.193409892485034,2.2,0.8,0.0,15.0,0.0,
19,77,7.7,1903,car,134.281216311577,2.0357836549817883,14.42264043280506,0.46118144431797414,4.5,1.8,0.0,15.0,0.0,
19,77,7.7,1904,car,227.7709777129072,-5.366055315455919,22.633820326085537,0.20879175924987847,4.5,1.8,0.0,15.0,0.0,
19,78,7.800000000000001,1900,car,185.0949236737125,-6.326129333623432,23.508667790890225,0.15792986275863402,4.5,1.8,0.0,15.0,0.0,
19,78,7.800000000000001,1901,car,-85.04924186694696,7.28391792574485,-9.59571872290389,0.4568047060677065,4.5,1.8,0.0,15.0,0.0,
19,78,7.800000000000001,1902,motorcycle,23.04868774177439,7.217006688256579,3.4300369265802972,-0.19522203331965138,2.2,0.8,0.0,15.0,0.0,
19,78,7.800000000000001,1903,car,135.77044830475117,2.1476546509138057,14.497089740669855,0.465069050008218,4.5,1.8,0.0,15.0,0.0,
19,78,7.800000000000001,1904,car,229.9625611605328,-5.359679812682514,22.617850448275036,0.23478843241835057,4.5,1.8,0.0,15.0,0.0,
19,79,7.9,1900,car,187.33909055304073,-6.327879319459999,23.589800891816477,0.1669224693053676,4.5,1.8,0.0,15.0,0.0,
19,79,7.9,1901,car,-86.11410701881309,7.295619934647349,-9.707367886780677,0.4538617019010693,4.5,1.8,0.0,15.0,0.0,
19,79,7.9,1902,motorcycle,23.556459570526446,7.078824188185774,3.357234583024595,-0.22788503415717626,2.2,0.8,0.0,15.0,0.0,
19,79,7.9,1903,car,137.3122889128511,2.364625314334314,14.5195003482005,0.4007735639526871,4.5,1.8,0.0,15.0,0.0,
19,79,7.9,1904,car,232.2221237180976,-5.157258421231639,22.60230541318078,0.24181205767712238,4.5,1.8,0.0,15.0,0.0,
19,80,8.0,1900,car,189.7221266026223,-6.465773368446162,23.63969822744749,0.20961055678019058,4.5,1.8,0.0,15.0,0.0,
19,80,8.0,1901,car,-87.28419784727645,7.207940943000566,-9.755852893037456,0.491279164214013,4.5,1.8,0.0,15.0,0.0,
19,80,8.0,1902,motorcycle,23.81707182181167,7.096170794695616,3.3481458332578926,-0.22432644650801922,2.2,0.8,0.0,15.0,0.0,
19,80,8.0,1903,car,138.81383249062935,2.431936082869687,14.518551754422141,0.4171275854177315,4.5,1.8,0.0,15.0,0.0,
19,80,8.0,1904,car,234.5040514671345,-5.154043912593405,22.580743642925466,0.3358341985785539,4.5,1.8,0.0,15.0,0.0,
19,81,8.1,1900,car,192.04182593618077,-6.308112813332105,23.605441770114076,0.25011928252892235,4.5,1.8,0.0,15.0,0.0,
19,81,8.1,1901,car,-88.08140731358233,7.223318210734217,-9.789222500824632,0.4698176831800757,4.5,1.8,0.0,15.0,0.0,
19,81,8.1,1902,motorcycle,24.149949641672176,7.105925283887343,3.3461459737763737,-0.2453256744880893,2.2,0.8,0.0,15.0,0.0,
19,81,8.1,1903,car,140.46114185185255,2.453604958866211,14.487546685565166,0.45865314379675926,4.5,1.8,0.0,15.0,0.0,
19,81,8.1,1904,car,236.8467694113764,-4.979211555044765,22.67713683087793,0.35314779959048215,4.5,1.8,0.0,15.0,0.0,
19,82,8.200000000000001,1900,car,194.37354468863785,-6.473324591783131,23.558549199196673,0.2605473709455672,4.5,1.8,0.0,15.0,0.0,
19,82,8.200000000000001,1901,car,-89.1784237483217,7.111787803583079,-9.785931106077054,0.5086556441338563,4.5,1.8,0.0,15.0,0.0,
19,82,8.200000000000001,1902,motorcycle,24.459916434460894,7.171071476711229,3.376975121972577,-0.18786400883315635,2.2,0.8,0.0,15.0,0.0,
19,82,8.200000000000001,1903,car,142.12724036624863,2.7608729373127967,14.524130241390385,0.4356606343013208,4.5,1.8,0.0,15.0,0.0,
19,82,8.200000000000001,1904,car,239.12066668311638,-4.78657131657299,22.6324755831133,0.4255308544226136,4.5,1.8,0.0,15.0,0.0,
19,83,8.3,1900,car,196.71240720256574,-6.4245572595406575,23.51816482110866,0.19436111081599372,4.5,1.8,0.0,15.0,0.0,
19,83,8.3,1901,car,-90.18490045968554,7.292954537430019,-9.821029134091308,0.589281702134884,4.5,1.8,0.0,15.0,0.0,
19,83,8.3,1902,motorcycle,24.740326608531635,7.045462360189801,3.389656974401631,-0.15391040944345202,2.2,0.8,0.0,15.0,0.0,
19,83,8.3,1903,car,143.59846218203973,2.8195343403021265,14.604278251937451,0.4404063616759271,4.5,1.8,0.0,15.0,0.0,
19,83,8.3,1904,car,241.3368735628868,-4.857315185455694,22.696157367584817,0.4042469532679047,4.5,1.8,0.0,15.0,0.0,
19,84,8.4,1900,car,199.03141338584794,-6.299933207952107,23.620872210847523,0.20692770650753425,4.5,1.8,0.0,15.0,0.0,
19,84,8.4,1901,car,-91.18070320040114,7.351317460126197,-9.84380604832814,0.5714893338514674,4.5,1.8,0.0,15.0,0.0,
19,84,8.4,1902,motorcycle,25.04424338290216,7.1211441270458895,3.385248444773261,-0.08594478881298495,2.2,0.8,0.0,15.0,0.0,
19,84,8.4,1903,car,145.047262291234,2.826872061375459,14.668172002142779,0.4414838626572438,4.5,1.8,0.0,15.0,0.0,
19,84,8.4,1904,car,243.59384587293567,-4.813534425847309,22.769489843243733,0.41955083985727415,4.5,1.8,0.0,15.0,0.0,
19,85,8.5,1900,car,201.51844900582503,-6.302702877517248,23.67534240620896,0.21881194832868173,4.5,1.8,0.0,15.0,0.0,
19,85,8.5,1901,car,-92.0768262390359,7.505131017179339,-9.890887024780136,0.5750872141706705,4.5,1.8,0.0,15.0,0.0,
19,85,8.5,1902,motorcycle,25.47848802263454,7.2241981851383095,3.4479201686128906,-0.08070840255786034,2.2,0.8,0.0,15.0,0.0,
19,85,8.5,1903,car,146.66810044556124,2.8052997906796286,14.593433743658228,0.42760331796462997,4.5,1.8,0.0,15.0,0.0,
19,85,8.5,1904,car,245.99037908569468,-4.88020005897409,22.695996942599844,0.3335253904633799,4.5,1.8,0.0,15.0,0.0,
19,86,8.6,1900,car,203.9595776748651,-6.4255821552124734,23.70279392250981,0.20240761914667285,4.5,1.8,0.0,15.0,0.0,
19,86,8.6,1901,car,-93.1429747598787,7.46276750605401,-9.88057248274629,0.5373793234582943,4.5,1.8,0.0,15.0,0.0,
19,86,8.6,1902,motorcycle,25.82278275852643,7.256267983559845,3.478553230321103,-0.03399238196754327,2.2,0.8,0.0,15.0,0.0,
19,86,8.6,1903,car,148.14391665445578,2.7430511172451317,14.616720110404241,0.46041350007806014,4.5,1.8,0.0,15.0,0.0,
19,86,8.6,1904,car,248.24182285689847,-4.875637832769205,22.819755811868045,0.2688728320482059,4.5,1.8,0.0,15.0,0.0,
19,87,8.700000000000001,1900,car,206.37922450431037,-6.300738248659491,23.685730660448666,0.19398178155163148,4.5,1.8,0.0,15.0,0.0,
19,87,8.700000000000001,1901,car,-94.17117867122624,7.516527669686248,-9.83559785461193,0.527468925763206,4.5,1.8,0.0,15.0,0.0,
19,87,8.700000000000001,1902,motorcycle,26.481697295464844,7.207594986108809,3.547428988604386,-0.006796138848907219,2.2,0.8,0.0,15.0,0.0,
19,87,8.700000000000001,1903,car,149.61643597761056,2.9361685766886976,14.536716298121402,0.48167242300138935,4.5,1.8,0.0,15.0,0.0,
19,87,8.700000000000001,1904,car,250.45216044425246,-4.892349343074901,22.795605697266247,0.2206816173920855,4.5,1.8,0.0,15.0,0.0,
19,88,8.8,1900,car,208.5825395520529,-6.242461646951791,23.682437166278028,0.17895221585328863,4.5,1.8,0.0,15.0,0.0,
19,88,8.8,1901,car,-95.07882098787947,7.614468044457621,-9.84893967734086,0.6800151098745759,4.5,1.8,0.0,15.0,0.0,
19,88,8.8,1902,motorcycle,26.938239065912676,7.451395443034842,3.526681242394052,0.005688817202602109,2.2,0.8,0.0,15.0,0.0,
19,88,8.8,1903,car,150.94628068120562,2.9512879875122904,14.507518334389749,0.6314476853342312,4.5,1.8,0.0,15.0,0.0,
19,88,8.8,1904,car,252.6624732842085,-4.893684563016535,22.722922181923128,0.2473677857800288,4.5,1.8,0.0,15.0,0.0,
19,89,8.9,1900,car,210.8607607276717,-6.132711852463829,23.593020935900636,0.1728710513483539,4.5,1.8,0.0,15.0,0.0,
19,89,8.9,1901,car,-96.2482949456556,7.633418259769905,-9.86330031987505,0.6500635366583998,4.5,1.8,0.0,15.0,0.0,
19,89,8.9,1902,motorcycle,27.240885563573016,7.549081151690838,3.635403958321189,0.0226541772805798,2.2,0.8,0.0,15.0,0.0,
19,89,8.9,1903,car,152.31102815554289,3.020840499976985,14.489804876085987,0.6759173285641258,4.5,1.8,0.0,15.0,0.0,
19,89,8.9,1904,car,254.9635516250848,-5.026727279249727,22.777818956309346,0.29570981275757385,4.5,1.8,0.0,15.0,0.0,
19,90,9.0,1900,car,213.36956569161856,-6.167068837412075,23.608069624746392,0.11363221759203294,4.5,1.8,0.0,15.0,0.0,
19,90,9.0,1901,car,-97.23974945844675,7.738123147195649,-9.895103108443143,0.6671805357300098,4.5,1.8,0.0,15.0,0.0,
19,90,9.0,1902,motorcycle,27.62122596881832,7.50636292374887,3.7052775286247503,0.010932038825532283,2.2,0.8,0.0,15.0,0.0,
19,90,9.0,1903,car,153.7732935156193,2.9417419079101848,14.515764429687877,0.6520726431436494,4.5,1.8,0.0,15.0,0.0,
19,90,9.0,1904,car,257.3370546176632,-5.128270921527256,22.79935380385898,0.18660700316697215,4.5,1.8,0.0,15.0,0.0,
19,91,9.1,1900,car,215.79195946393128,-6.173185879730044,23.628037300203765,0.08362409161048859,4.5,1.8,0.0,15.0,0.0,
19,91,9.1,1901,car,-98.3241896791633,7.761390889299681,-9.885502508831383,0.6960090690130514,4.5,1.8,0.0,15.0,0.0,
19,91,9.1,1902,motorcycle,28.02213808435878,7.413780047781154,3.797161499521218,0.027572742471507355,2.2,0.8,0.0,15.0,0.0,
19,91,9.1,1903,car,155.16263350773062,3.0493711927411984,14.528563793638135,0.6433059813367531,4.5,1.8,0.0,15.0,0.0,
19,91,9.1,1904,car,259.587711133096,-5.011123098336575,22.88574618543212,0.08480681480916544,4.5,1.8,0.0,15.0,0.0,
19,92,9.200000000000001,1900,car,218.27781675154995,-6.162830518228333,23.639871827395147,0.15120620811466345,4.5,1.8,0.0,15.0,0.0,
19,92,9.200000000000001,1901,car,-99.57822081926894,7.912470737126424,-9.821377655744662,0.6615782319805439,4.5,1.8,0.0,15.0,0.0,
19,92,9.200000000000001,1902,motorcycle,28.26245893100554,7.5805302036463384,3.7093419127311344,0.048505232240498464,2.2,0.8,0.0,15.0,0.0,
19,92,9.200000000000001,1903,car,156.71780072173357,3.153361691399834,14.556795423137807,0.6300550011080196,4.5,1.8,0.0,15.0,0.0,
19,92,9.200000000000001,1904,car,261.9225578208275,-5.073489276441023,22.85679896275239,0.08658410301776397,4.5,1.8,0.0,15.0,0.0,
19,93,9.3,1900,car,220.48781954777436,-6.0900058860906805,23.515834908688664,0.1693469813833275,4.5,1.8,0.0,15.0,0.0,
19,93,9.3,1901,car,-100.51467138975603,7.899176522679698,-9.883075962694209,0.641169745878719,4.5,1.8,0.0,15.0,0.0,
19,93,9.3,1902,motorcycle,28.69736084915351,7.6199506384094065,3.653765257286634,0.05378928693939622,2.2,0.8,0.0,15.0,0.0,
19,93,9.3,1903,car,158.19967594286845,3.23832419952699,14.50746585729183,0.637840137619976,4.5,1.8,0.0,15.0,0.0,
19,93,9.3,1904,car,264.3000122182919,-5.011134694221741,22.877372958497762,0.16871823140295922,4.5,1.8,0.0,15.0,0.0,
19,94,9.4,1900,car,222.85618215154713,-6.15726209504691,23.47389781641552,0.1781483402304473,4.5,1.8,0.0,15.0,0.0,
19,94,9.4,1901,car,-101.64673332307989,7.932195209994599,-9.859867280112715,0.6997269960171223,4.5,1.8,0.0,15.0,0.0,
19,94,9.4,1902,motorcycle,28.90833600015545,7.635237329000224,3.6503534516157004,0.05566457199352257,2.2,0.8,0.0,15.0,0.0,
19,94,9.4,1903,car,159.66457907915625,3.2989415135780704,14.577076304818434,0.7000399734414151,4.5,1.8,0.0,15.0,0.0,
19,94,9.4,1904,car,266.8020784329987,-4.995320091024568,22.856838485523372,0.12033013099347811,4.5,1.8,0.0,15.0,0.0,
19,95,9.5,1900,car,225.15162811072352,-6.067990147748369,23.517324070838548,0.21192407746218467,4.5,1.8,0.0,15.0,0.0,
19,95,9.5,1901,car,-102.69916681931241,7.936260418850776,-9.762044077907188,0.6581273467950182,4.5,1.8,0.0,15.0,0.0,
19,95,9.5,1902,motorcycle,29.415023811979506,7.681261391022101,3.61372350466051,-0.0035597060102691078,2.2,0.8,0.0,15.0,0.0,
19,95,9.5,1903,car,161.05339476810386,3.410708672325693,14.531594905116394,0.7777604915270834,4.5,1.8,0.0,15.0,0.0,
19,95,9.5,1904,car,269.06697623469097,-4.913242432084192,22.88782404010528,0.20142517002507443,4.5,1.8,0.0,15.0,0.0,
19,96,9.600000000000001,1900,car,227.45956348292594,-6.036189513274275,23.44725434616235,0.21708148838167637,4.5,1.8,0.0,15.0,0.0,
19,96,9.600000000000001,1901,car,-103.5613700707952,8.024020322731634,-9.646410600926794,0.6841128425635656,4.5,1.8,0.0,15.0,0.0,
19,96,9.600000000000001,1902,motorcycle,29.722354922110426,7.726481895221691,3.5405537645273903,-0.04350875304478763,2.2,0.8,0.0,15.0,0.0,
19,96,9.600000000000001,1903,car,162.3848533380869,3.4900958103941635,14.52856874619891,0.8380159740405663,4.5,1.8,0.0,15.0,0.0,
19,96,9.600000000000001,1904,car,271.34585178987965,-4.993351893756001,22.96578992588968,0.05419313010638763,4.5,1.8,0.0,15.0,0.0,
19,97,9.700000000000001,1900,car,229.80813547343345,-5.992720615286453,23.446739969253894,0.24208608240118537,4.5,1.8,0.0,15.0,0.0,
19,97,9.700000000000001,1901,car,-104.5149421090998,8.14239760398409,-9.676521565715444,0.6111602223440332,4.5,1.8,0.0,15.0,0.0,
19,97,9.700000000000001,1902,motorcycle,30.071774970046228,7.619478552316335,3.504127522441345,0.014565309006220287,2.2,0.8,0.0,15.0,0.0,
19,97,9.700000000000001,1903,car,163.99350999225828,3.6881680185212598,14.576437824734226,0.8410135315002916,4.5,1.8,0.0,15.0,0.0,
19,97,9.700000000000001,1904,car,273.743975179856,-4.952370685621534,23.063164448295908,0.008288071709791706,4.5,1.8,0.0,15.0,0.0,
19,98,9.8,1900,car,232.22007030727823,-6.094941269311263,23.480657407260534,0.15613078991133156,4.5,1.8,0.0,15.0,0.0,
19,98,9.8,1901,car,-105.60394854932217,8.075251244545838,-9.663914965662553,0.628886480205847,4.5,1.8,0.0,15.0,0.0,
19,98,9.8,1902,motorcycle,30.66723562176382,7.611806031771202,3.5427545077151175,0.02260881201455417,2.2,0.8,0.0,15.0,0.0,
19,98,9.8,1903,car,165.52004358072827,3.7866357199153358,14.631418668346319,0.7883798557208306,4.5,1.8,0.0,15.0,0.0,
19,98,9.8,1904,car,275.8055442974488,-4.909801566242654,22.97291058153294,0.07387498819972267,4.5,1.8,0.0,15.0,0.0,
19,99,9.9,1900,car,234.51332414289462,-6.183151870595761,23.615683411191856,0.15520828918043766,4.5,1.8,0.0,15.0,0.0,
19,99,9.9,1901,car,-106.59135063191702,8.212937431997425,-9.623141759527842,0.68584281447546,4.5,1.8,0.0,15.0,0.0,
19,99,9.9,1902,motorcycle,30.888213722531063,7.667677591146331,3.5280952054947416,-0.02344261186317384,2.2,0.8,0.0,15.0,0.0,
19,99,9.9,1903,car,166.98799673236311,3.6843494851082372,14.677565217697781,0.7738460592939023,4.5,1.8,0.0,15.0,0.0,
19,99,9.9,1904,car,278.0550852600018,-4.91618193385869,22.964534743635756,0.13090907976488725,4.5,1.8,0.0,15.0,0.0,
